-- phpMyAdmin SQL Dump
-- version 5.2.0
-- https://www.phpmyadmin.net/
--
-- Host: 127.0.0.1
-- Generation Time: Sep 25, 2023 at 08:30 AM
-- Server version: 10.4.27-MariaDB
-- PHP Version: 8.2.0

SET SQL_MODE = "NO_AUTO_VALUE_ON_ZERO";
START TRANSACTION;
SET time_zone = "+00:00";


/*!40101 SET @OLD_CHARACTER_SET_CLIENT=@@CHARACTER_SET_CLIENT */;
/*!40101 SET @OLD_CHARACTER_SET_RESULTS=@@CHARACTER_SET_RESULTS */;
/*!40101 SET @OLD_COLLATION_CONNECTION=@@COLLATION_CONNECTION */;
/*!40101 SET NAMES utf8mb4 */;

--
-- Database: `ciptapro_template_laravel`
--

DELIMITER $$
--
-- Functions
--
CREATE DEFINER=`root`@`localhost` FUNCTION `getNewUserGroupID` () RETURNS INT(11)  BEGIN
	DECLARE prev_id INT;
	DECLARE next_id INT;
	SELECT user_group_id INTO prev_id FROM system_user_group ORDER BY user_group_id DESC LIMIT 0,1;
	IF prev_id IS NULL THEN
		SET prev_id = 0;
	END IF;
	SET next_id = prev_id + 1;
	RETURN next_id;
END$$

CREATE DEFINER=`root`@`localhost` FUNCTION `getNewUserLogId` () RETURNS INT(11)  BEGIN
	DECLARE prev_id INT;
	DECLARE next_id INT;
	SELECT user_log_id INTO prev_id FROM system_log_user ORDER BY user_log_id DESC LIMIT 0,1;
	IF prev_id IS NULL THEN
		SET prev_id = 0;
	END IF;
	SET next_id = prev_id + 1;
	RETURN next_id;
END$$

DELIMITER ;

-- --------------------------------------------------------

--
-- Table structure for table `ci_sessions`
--

CREATE TABLE `ci_sessions` (
  `id` varchar(128) NOT NULL,
  `ip_address` varchar(45) NOT NULL,
  `timestamp` int(10) UNSIGNED NOT NULL DEFAULT 0,
  `data` blob NOT NULL
) ENGINE=InnoDB DEFAULT CHARSET=utf8 COLLATE=utf8_general_ci;

--
-- Dumping data for table `ci_sessions`
--

INSERT INTO `ci_sessions` (`id`, `ip_address`, `timestamp`, `data`) VALUES
('02a7hs080lfhn3vp7i2t30p023hj5ekm', '::1', 1631718413, 0x5f5f63695f6c6173745f726567656e65726174657c693a313633313731383431333b617574687c613a31303a7b733a373a22757365725f6964223b733a333a22323632223b733a383a22757365726e616d65223b733a353a227469746973223b733a393a22726567696f6e5f6964223b733a313a2231223b733a31313a22726567696f6e5f636f6465223b733a333a2247504d223b733a31313a22726567696f6e5f6e616d65223b733a32343a2250542e204741525544412050455244414e41204d554c5941223b733a31313a2264697374726963745f6964223b733a313a2231223b733a31333a2264697374726963745f636f6465223b733a333a22534c4f223b733a31333a2264697374726963745f6e616d65223b733a343a22534f4c4f223b733a31363a22757365725f67726f75705f6c6576656c223b733a313a2234223b733a31303a22757365725f6c6576656c223b733a313a2230223b7d53616c6573437573746f6d65725363686564756c65546f6b656e2d7c733a33323a223862333861653036363431343833313631653963323938363766653836303932223b61646453616c6573437573746f6d65725363686564756c652d7c613a333a7b733a32383a22637573746f6d65725f7363686564756c655f73746172745f64617465223b733a31303a2230312d30392d32303231223b733a32363a22637573746f6d65725f7363686564756c655f656e645f64617465223b733a31303a2233302d30392d32303231223b733a31313a2273616c65736d616e5f6964223b733a333a22323539223b7d),
('3ugka2n2pu0k8eleq1pojb27lv3h2hp0', '::1', 1631718588, 0x5f5f63695f6c6173745f726567656e65726174657c693a313633313731383431333b617574687c613a31303a7b733a373a22757365725f6964223b733a333a22323632223b733a383a22757365726e616d65223b733a353a227469746973223b733a393a22726567696f6e5f6964223b733a313a2231223b733a31313a22726567696f6e5f636f6465223b733a333a2247504d223b733a31313a22726567696f6e5f6e616d65223b733a32343a2250542e204741525544412050455244414e41204d554c5941223b733a31313a2264697374726963745f6964223b733a313a2231223b733a31333a2264697374726963745f636f6465223b733a333a22534c4f223b733a31333a2264697374726963745f6e616d65223b733a343a22534f4c4f223b733a31363a22757365725f67726f75705f6c6576656c223b733a313a2234223b733a31303a22757365725f6c6576656c223b733a313a2230223b7d6564697453616c657353616c65736d616e2d7c613a31393a7b733a31313a2273616c65736d616e5f6964223b733a333a22323733223b733a393a22726567696f6e5f6964223b733a313a2231223b733a31313a2264697374726963745f6964223b733a313a2231223b733a31363a2273616c65736d616e5f747970655f6964223b733a313a2233223b733a31333a2273616c65736d616e5f636f6465223b733a31323a225445535453414c45534d414e223b733a31333a2273616c65736d616e5f6e616d65223b733a31323a225445535453414c45534d414e223b733a31363a2273616c65736d616e5f61646472657373223b733a303a22223b733a31333a2273616c65736d616e5f63697479223b733a303a22223b733a31383a2273616c65736d616e5f706f73745f636f6465223b733a303a22223b733a31383a2273616c65736d616e5f6b656c75726168616e223b733a303a22223b733a31383a2273616c65736d616e5f6b6563616d6174616e223b733a303a22223b733a31393a2273616c65736d616e5f686f6d655f70686f6e65223b733a303a22223b733a32323a2273616c65736d616e5f6d6f62696c655f70686f6e6531223b733a333a22303831223b733a32323a2273616c65736d616e5f6d6f62696c655f70686f6e6532223b733a303a22223b733a31343a2273616c65736d616e5f656d61696c223b733a303a22223b733a32343a2273616c65736d616e5f7072696e7465725f61646472657373223b733a303a22223b733a31333a2273616c65736d616e5f74797065223b733a313a2230223b733a31353a2273616c65736d616e5f737461747573223b733a313a2231223b733a31343a2273616c65736d616e5f746f6b656e223b733a33323a223231373331613064343366643361343939626164623966383836653639353731223b7d6564697453616c657353616c65736d616e46697273742d7c613a31393a7b733a31313a2273616c65736d616e5f6964223b733a333a22323733223b733a393a22726567696f6e5f6964223b733a313a2231223b733a31313a2264697374726963745f6964223b733a313a2231223b733a31363a2273616c65736d616e5f747970655f6964223b733a313a2233223b733a31333a2273616c65736d616e5f636f6465223b733a31323a225445535453414c45534d414e223b733a31333a2273616c65736d616e5f6e616d65223b733a31323a225445535453414c45534d414e223b733a31363a2273616c65736d616e5f61646472657373223b733a303a22223b733a31333a2273616c65736d616e5f63697479223b733a303a22223b733a31383a2273616c65736d616e5f706f73745f636f6465223b733a303a22223b733a31383a2273616c65736d616e5f6b656c75726168616e223b733a303a22223b733a31383a2273616c65736d616e5f6b6563616d6174616e223b733a303a22223b733a31393a2273616c65736d616e5f686f6d655f70686f6e65223b733a303a22223b733a32323a2273616c65736d616e5f6d6f62696c655f70686f6e6531223b733a333a22303831223b733a32323a2273616c65736d616e5f6d6f62696c655f70686f6e6532223b733a303a22223b733a31343a2273616c65736d616e5f656d61696c223b733a303a22223b733a32343a2273616c65736d616e5f7072696e7465725f61646472657373223b733a303a22223b733a31333a2273616c65736d616e5f74797065223b733a313a2230223b733a31353a2273616c65736d616e5f737461747573223b733a313a2231223b733a31343a2273616c65736d616e5f746f6b656e223b733a33323a223231373331613064343366643361343939626164623966383836653639353731223b7d65646974417272617953616c657353616c65736d616e526567656e63792d7c613a333a7b693a373b613a343a7b733a393a22726567696f6e5f6964223b733a313a2231223b733a31313a2264697374726963745f6964223b733a313a2231223b733a31303a22726567656e63795f6964223b733a313a2237223b733a31313a226974656d5f737461747573223b693a393b7d693a333b613a343a7b733a393a22726567696f6e5f6964223b733a313a2231223b733a31313a2264697374726963745f6964223b733a313a2231223b733a31303a22726567656e63795f6964223b733a313a2233223b733a31313a226974656d5f737461747573223b693a393b7d693a353b613a343a7b733a393a22726567696f6e5f6964223b733a313a2231223b733a31313a2264697374726963745f6964223b733a313a2231223b733a31303a22726567656e63795f6964223b733a313a2235223b733a31313a226974656d5f737461747573223b693a393b7d7d65646974417272617953616c657353616c65736d616e526567656e637946697273742d7c613a333a7b693a373b613a343a7b733a393a22726567696f6e5f6964223b733a313a2231223b733a31313a2264697374726963745f6964223b733a313a2231223b733a31303a22726567656e63795f6964223b733a313a2237223b733a31313a226974656d5f737461747573223b693a393b7d693a333b613a343a7b733a393a22726567696f6e5f6964223b733a313a2231223b733a31313a2264697374726963745f6964223b733a313a2231223b733a31303a22726567656e63795f6964223b733a313a2233223b733a31313a226974656d5f737461747573223b693a393b7d693a353b613a343a7b733a393a22726567696f6e5f6964223b733a313a2231223b733a31313a2264697374726963745f6964223b733a313a2231223b733a31303a22726567656e63795f6964223b733a313a2235223b733a31313a226974656d5f737461747573223b693a393b7d7d53616c6573437573746f6d65725363686564756c65546f6b656e2d7c733a33323a223036646462663936666439613663393636313030303233373338613631303130223b61646453616c6573437573746f6d65725363686564756c652d7c613a323a7b733a32363a22637573746f6d65725f7363686564756c655f656e645f64617465223b733a31303a2231352d30392d32303231223b733a32383a22637573746f6d65725f7363686564756c655f73746172745f64617465223b733a31303a2231352d30392d32303231223b7d),
('vsdqth42mhvjlsoe080qprco9lenm9m0', '192.168.0.103', 1631718756, 0x5f5f63695f6c6173745f726567656e65726174657c693a313633313731383735363b),
('tp8m1341v54birs6lsc1n1uoq9q3q4kp', '192.168.0.103', 1631718814, 0x5f5f63695f6c6173745f726567656e65726174657c693a313633313731383831323b),
('ln0go6c69a06lu9es5es7hne70srljr9', '::1', 1631713363, 0x5f5f63695f6c6173745f726567656e65726174657c693a313633313731333336333b617574687c613a31303a7b733a373a22757365725f6964223b733a313a2231223b733a383a22757365726e616d65223b733a31333a2261646d696e6973747261746f72223b733a393a22726567696f6e5f6964223b733a313a2231223b733a31313a22726567696f6e5f636f6465223b733a333a2247504d223b733a31313a22726567696f6e5f6e616d65223b733a32343a2250542e204741525544412050455244414e41204d554c5941223b733a31313a2264697374726963745f6964223b733a313a2231223b733a31333a2264697374726963745f636f6465223b733a333a22534c4f223b733a31333a2264697374726963745f6e616d65223b733a343a22534f4c4f223b733a31363a22757365725f67726f75705f6c6576656c223b733a313a2231223b733a31303a22757365725f6c6576656c223b733a313a2231223b7d),
('n6nmtbdr5gqphlmaicofp083vq5mdqns', '::1', 1631713601, 0x5f5f63695f6c6173745f726567656e65726174657c693a313633313731333336333b617574687c613a31303a7b733a373a22757365725f6964223b733a313a2231223b733a383a22757365726e616d65223b733a31333a2261646d696e6973747261746f72223b733a393a22726567696f6e5f6964223b733a313a2231223b733a31313a22726567696f6e5f636f6465223b733a333a2247504d223b733a31313a22726567696f6e5f6e616d65223b733a32343a2250542e204741525544412050455244414e41204d554c5941223b733a31313a2264697374726963745f6964223b733a313a2231223b733a31333a2264697374726963745f636f6465223b733a333a22534c4f223b733a31333a2264697374726963745f6e616d65223b733a343a22534f4c4f223b733a31363a22757365725f67726f75705f6c6576656c223b733a313a2231223b733a31303a22757365725f6c6576656c223b733a313a2231223b7d),
('c2qab6h4spfq0c7sr4jhkor9ifon8toi', '::1', 1631763654, 0x5f5f63695f6c6173745f726567656e65726174657c693a313633313736333635343b617574687c613a31303a7b733a373a22757365725f6964223b733a333a22323632223b733a383a22757365726e616d65223b733a353a227469746973223b733a393a22726567696f6e5f6964223b733a313a2231223b733a31313a22726567696f6e5f636f6465223b733a333a2247504d223b733a31313a22726567696f6e5f6e616d65223b733a32343a2250542e204741525544412050455244414e41204d554c5941223b733a31313a2264697374726963745f6964223b733a313a2231223b733a31333a2264697374726963745f636f6465223b733a333a22534c4f223b733a31333a2264697374726963745f6e616d65223b733a343a22534f4c4f223b733a31363a22757365725f67726f75705f6c6576656c223b733a313a2234223b733a31303a22757365725f6c6576656c223b733a313a2230223b7d),
('taqm1avmp7rgdriff1lm6ukmc1lae32r', '::1', 1631764455, 0x5f5f63695f6c6173745f726567656e65726174657c693a313633313736343435353b617574687c613a31303a7b733a373a22757365725f6964223b733a333a22323632223b733a383a22757365726e616d65223b733a353a227469746973223b733a393a22726567696f6e5f6964223b733a313a2231223b733a31313a22726567696f6e5f636f6465223b733a333a2247504d223b733a31313a22726567696f6e5f6e616d65223b733a32343a2250542e204741525544412050455244414e41204d554c5941223b733a31313a2264697374726963745f6964223b733a313a2231223b733a31333a2264697374726963745f636f6465223b733a333a22534c4f223b733a31333a2264697374726963745f6e616d65223b733a343a22534f4c4f223b733a31363a22757365725f67726f75705f6c6576656c223b733a313a2234223b733a31303a22757365725f6c6576656c223b733a313a2230223b7d),
('vso6tlk9iu7a4skjusa5vbnbq3h8dmv0', '::1', 1631764784, 0x5f5f63695f6c6173745f726567656e65726174657c693a313633313736343738343b617574687c613a31303a7b733a373a22757365725f6964223b733a333a22323632223b733a383a22757365726e616d65223b733a353a227469746973223b733a393a22726567696f6e5f6964223b733a313a2231223b733a31313a22726567696f6e5f636f6465223b733a333a2247504d223b733a31313a22726567696f6e5f6e616d65223b733a32343a2250542e204741525544412050455244414e41204d554c5941223b733a31313a2264697374726963745f6964223b733a313a2231223b733a31333a2264697374726963745f636f6465223b733a333a22534c4f223b733a31333a2264697374726963745f6e616d65223b733a343a22534f4c4f223b733a31363a22757365725f67726f75705f6c6576656c223b733a313a2234223b733a31303a22757365725f6c6576656c223b733a313a2230223b7d),
('mvbi2bkrp56jkm302clu61sjs2rvf22o', '::1', 1631765040, 0x5f5f63695f6c6173745f726567656e65726174657c693a313633313736343738343b617574687c613a31303a7b733a373a22757365725f6964223b733a333a22323632223b733a383a22757365726e616d65223b733a353a227469746973223b733a393a22726567696f6e5f6964223b733a313a2231223b733a31313a22726567696f6e5f636f6465223b733a333a2247504d223b733a31313a22726567696f6e5f6e616d65223b733a32343a2250542e204741525544412050455244414e41204d554c5941223b733a31313a2264697374726963745f6964223b733a313a2231223b733a31333a2264697374726963745f636f6465223b733a333a22534c4f223b733a31333a2264697374726963745f6e616d65223b733a343a22534f4c4f223b733a31363a22757365725f67726f75705f6c6576656c223b733a313a2234223b733a31303a22757365725f6c6576656c223b733a313a2230223b7d),
('54a6oahhiccpni6d57k6si8i5r5pltgb', '192.168.1.227', 1632815309, 0x5f5f63695f6c6173745f726567656e65726174657c693a313633323831353330393b),
('13an8q0dj4e2fn5a70706t4l3o3g7cmr', '192.168.1.227', 1632815458, 0x5f5f63695f6c6173745f726567656e65726174657c693a313633323831353331393b),
('r5h7hf18oghlnb2s5tshagairr3cdsch', '192.168.1.227', 1632815540, 0x5f5f63695f6c6173745f726567656e65726174657c693a313633323831353534303b),
('rniqnclbt7v8ff73i6aotkvm2n0i9m39', '192.168.1.223', 1632891458, 0x5f5f63695f6c6173745f726567656e65726174657c693a313633323839313435383b),
('b7ej3q3dra7pphc9m47uphvsqda58evl', '192.168.1.223', 1632975270, 0x5f5f63695f6c6173745f726567656e65726174657c693a313633323937353237303b),
('a0gn1lqpbj3voj1nfkjtb640ku8bem5e', '192.168.1.223', 1632975273, 0x5f5f63695f6c6173745f726567656e65726174657c693a313633323937353237333b),
('4kptmnqmcpt0f2i7t2njngjqsmke4o5d', '192.168.1.223', 1632975278, 0x5f5f63695f6c6173745f726567656e65726174657c693a313633323937353237383b),
('vo1ktnfgaohcf3qan7dr1h32k1e60h2s', '192.168.1.223', 1632975835, 0x5f5f63695f6c6173745f726567656e65726174657c693a313633323937353833353b),
('vei2nphddih2diulsis6eih8flvgv02i', '192.168.1.223', 1632976480, 0x5f5f63695f6c6173745f726567656e65726174657c693a313633323937363438303b),
('0f36471gqepuag2inq4oceckb64s40kv', '192.168.1.227', 1632976826, 0x5f5f63695f6c6173745f726567656e65726174657c693a313633323937363832363b),
('4emr8c0c8i3d3pgo4dndn9bgd9h402ic', '192.168.1.223', 1632976563, 0x5f5f63695f6c6173745f726567656e65726174657c693a313633323937363536333b),
('nikrdnub31un3s3a68oatk9b95dljei0', '192.168.1.223', 1632976563, 0x5f5f63695f6c6173745f726567656e65726174657c693a313633323937363536333b),
('0eqtg40facb731gn74htkp9ho98cap85', '192.168.1.223', 1632976685, 0x5f5f63695f6c6173745f726567656e65726174657c693a313633323937363638353b),
('d7dpm9qenepo4h8rulppf5g85n0o05i5', '192.168.1.223', 1632976685, 0x5f5f63695f6c6173745f726567656e65726174657c693a313633323937363638353b),
('4glaf15d78p3d5v66koordan0m77be0l', '192.168.1.227', 1632978905, 0x5f5f63695f6c6173745f726567656e65726174657c693a313633323937383930353b),
('12kiqhdn3fq5s7i89eughmg9enbql499', '192.168.1.223', 1632976872, 0x5f5f63695f6c6173745f726567656e65726174657c693a313633323937363837323b),
('epsthm7ft5emmtcu751p339cna427k7h', '192.168.1.223', 1632976872, 0x5f5f63695f6c6173745f726567656e65726174657c693a313633323937363837323b),
('p3cr9nlve40m0008td3d1a147mkcqeis', '192.168.1.223', 1632977102, 0x5f5f63695f6c6173745f726567656e65726174657c693a313633323937373130323b),
('q7cb502vtqm3kthtm22f0a1itfti47tc', '192.168.1.223', 1632977103, 0x5f5f63695f6c6173745f726567656e65726174657c693a313633323937373130333b),
('o5t8mc45t83b05802oh2fidbfdrtboq4', '192.168.1.223', 1632977435, 0x5f5f63695f6c6173745f726567656e65726174657c693a313633323937373433353b),
('2ct6vc1hu442mlr7r72g9gcs17tvh187', '192.168.1.223', 1632977436, 0x5f5f63695f6c6173745f726567656e65726174657c693a313633323937373433363b),
('4p70h0f1i48obodh0h0icqio7c4esfm1', '::1', 1632978910, 0x5f5f63695f6c6173745f726567656e65726174657c693a313633323937383739333b617574687c613a353a7b733a373a22757365725f6964223b733a313a2231223b733a383a22757365726e616d65223b733a31333a2261646d696e6973747261746f72223b733a393a22636c696e69635f6964223b733a313a2231223b733a31363a22757365725f67726f75705f6c6576656c223b733a313a2231223b733a31303a22757365725f6c6576656c223b733a313a2231223b7d),
('aecfd31q0dhh5sue21h63gvod2po8qvc', '192.168.1.227', 1632978905, 0x5f5f63695f6c6173745f726567656e65726174657c693a313633323937383930353b),
('msc3rh31no7ucrijqdtecvvc2ovtp1dp', '192.168.1.223', 1632992440, 0x5f5f63695f6c6173745f726567656e65726174657c693a313633323939323434303b),
('pl8sj8mtbc8p6a7e9kfnnctdba1ilm3m', '::1', 1632992783, 0x5f5f63695f6c6173745f726567656e65726174657c693a313633323939323738333b617574687c613a353a7b733a373a22757365725f6964223b733a313a2231223b733a383a22757365726e616d65223b733a31333a2261646d696e6973747261746f72223b733a393a22636c696e69635f6964223b733a313a2231223b733a31363a22757365725f67726f75705f6c6576656c223b733a313a2231223b733a31303a22757365725f6c6576656c223b733a313a2231223b7d),
('gg5or796jbjoejttf7is1d7pevfn7juq', '::1', 1632993072, 0x5f5f63695f6c6173745f726567656e65726174657c693a313633323939323738333b617574687c613a353a7b733a373a22757365725f6964223b733a313a2231223b733a383a22757365726e616d65223b733a31333a2261646d696e6973747261746f72223b733a393a22636c696e69635f6964223b733a313a2231223b733a31363a22757365725f67726f75705f6c6576656c223b733a313a2231223b733a31303a22757365725f6c6576656c223b733a313a2231223b7d),
('arbggtlt28po7qdua549mlsm9dr300pb', '192.168.1.223', 1632993085, 0x5f5f63695f6c6173745f726567656e65726174657c693a313633323939333038353b),
('a3d2ccm9liu8gd11819epcv8td03i5ao', '192.168.1.223', 1632993085, 0x5f5f63695f6c6173745f726567656e65726174657c693a313633323939333038353b),
('vs764hi31ikabda9r1fl28fg7ip60pmu', '192.168.1.223', 1632993086, 0x5f5f63695f6c6173745f726567656e65726174657c693a313633323939333038363b),
('eoatdb6atrid9qur9dkltgccd6n67su0', '192.168.1.223', 1632993135, 0x5f5f63695f6c6173745f726567656e65726174657c693a313633323939333133353b),
('8b4at59ah7rg3728pssaggj330n8rjpq', '192.168.1.223', 1632993135, 0x5f5f63695f6c6173745f726567656e65726174657c693a313633323939333133353b),
('2n943lbrevtghcnqk66uhtmuj7fe7io2', '192.168.1.223', 1632993348, 0x5f5f63695f6c6173745f726567656e65726174657c693a313633323939333334383b),
('3j8h5v3ri50cs2tibivan6ihi4bg120o', '192.168.1.223', 1632993348, 0x5f5f63695f6c6173745f726567656e65726174657c693a313633323939333334383b),
('e2rbldo1vlce68ejtq5tbj60bcv6p8dm', '192.168.1.223', 1632993408, 0x5f5f63695f6c6173745f726567656e65726174657c693a313633323939333430383b),
('j94k7dgsdergs1r1ve5lebf6vetgkps7', '192.168.1.223', 1632993408, 0x5f5f63695f6c6173745f726567656e65726174657c693a313633323939333430383b),
('96c2ria0s6rn6scmjr57qshv51isbojs', '192.168.1.227', 1632993789, 0x5f5f63695f6c6173745f726567656e65726174657c693a313633323939333738393b),
('m657ptev4jjj0i31o9dpd1f3k2lqelbg', '192.168.1.223', 1632993810, 0x5f5f63695f6c6173745f726567656e65726174657c693a313633323939333831303b),
('tau664vokhnq8mjr71oqgcnp14bkh6tq', '192.168.1.223', 1632993810, 0x5f5f63695f6c6173745f726567656e65726174657c693a313633323939333831303b),
('uh1o8hpk69qldr4m6j85gm9eiciajmur', '192.168.1.223', 1632993853, 0x5f5f63695f6c6173745f726567656e65726174657c693a313633323939333835333b),
('2o3aeboeuo9r2g6e0lsh2g6ibtqq3a1v', '192.168.1.223', 1632993854, 0x5f5f63695f6c6173745f726567656e65726174657c693a313633323939333835343b),
('nvdbl5cvmtppc5a651q9jmpf2j2kmkp3', '192.168.1.223', 1632994809, 0x5f5f63695f6c6173745f726567656e65726174657c693a313633323939343830393b),
('0k721k1o4t0umhs9qkqp1ro2dgfcice7', '192.168.1.223', 1632994810, 0x5f5f63695f6c6173745f726567656e65726174657c693a313633323939343831303b),
('otnip2qhfvv7u7eton53jocqlq8mfrpr', '::1', 1633060934, 0x5f5f63695f6c6173745f726567656e65726174657c693a313633333036303933343b617574687c613a353a7b733a373a22757365725f6964223b733a313a2231223b733a383a22757365726e616d65223b733a31333a2261646d696e6973747261746f72223b733a393a22636c696e69635f6964223b733a313a2231223b733a31363a22757365725f67726f75705f6c6576656c223b733a313a2231223b733a31303a22757365725f6c6576656c223b733a313a2231223b7d),
('62obj8njvcm0bg1hgg0gj4qs0dvcbg8m', '192.168.1.218', 1633056716, 0x5f5f63695f6c6173745f726567656e65726174657c693a313633333035363731363b),
('th8kgsppndfvpb62d300hhtek926hma7', '192.168.1.218', 1633056718, 0x5f5f63695f6c6173745f726567656e65726174657c693a313633333035363731383b),
('he2h8a3tul96hnut2it5dk7v4nq51aml', '192.168.1.218', 1633056718, 0x5f5f63695f6c6173745f726567656e65726174657c693a313633333035363731383b),
('pk9faqhmvnodhv9n43iecovvm32094it', '192.168.1.218', 1633056834, 0x5f5f63695f6c6173745f726567656e65726174657c693a313633333035363833343b),
('0rqjb7d960pgf2bh9g9ps818mfsdo4ru', '192.168.1.218', 1633056834, 0x5f5f63695f6c6173745f726567656e65726174657c693a313633333035363833343b),
('ks2c96gncq3iakcvbaaq7mjdf95t0gdf', '192.168.1.218', 1633056837, 0x5f5f63695f6c6173745f726567656e65726174657c693a313633333035363833373b),
('e5euqmp7dqie7n87tthk5q89jormqao4', '192.168.1.218', 1633056837, 0x5f5f63695f6c6173745f726567656e65726174657c693a313633333035363833373b),
('q23iae3fi470pi8j9qnq30i1uu138dv3', '192.168.1.218', 1633060053, 0x5f5f63695f6c6173745f726567656e65726174657c693a313633333036303035333b),
('kanfe5ntfha4t83krspeifq33hlta6sm', '192.168.1.218', 1633060053, 0x5f5f63695f6c6173745f726567656e65726174657c693a313633333036303035333b),
('1uaoarv882vncjbf8vebon0ioepnps44', '192.168.1.218', 1633060111, 0x5f5f63695f6c6173745f726567656e65726174657c693a313633333036303131313b),
('ttagt3vcq6k7aev49gpq8tvvs7m1oh4f', '192.168.1.218', 1633060111, 0x5f5f63695f6c6173745f726567656e65726174657c693a313633333036303131313b),
('u18hjjcad17q0phoimqkijvsrj5i8iqt', '192.168.1.218', 1633060229, 0x5f5f63695f6c6173745f726567656e65726174657c693a313633333036303232393b),
('su0q1fr8nqqp1uq31e0opk8o94v9mcjl', '192.168.1.218', 1633060229, 0x5f5f63695f6c6173745f726567656e65726174657c693a313633333036303232393b),
('m2ojknj9fmpqbimrb5jgsk89fl9s15j2', '192.168.1.218', 1633060263, 0x5f5f63695f6c6173745f726567656e65726174657c693a313633333036303236333b),
('6te8uaii0e85qou2n5lq01m3vpq2919m', '192.168.1.218', 1633060263, 0x5f5f63695f6c6173745f726567656e65726174657c693a313633333036303236333b),
('u7a9vp6qqp5j3stbct45mf71m3rrskma', '192.168.1.218', 1633060308, 0x5f5f63695f6c6173745f726567656e65726174657c693a313633333036303330383b),
('hsplu8bv4jglsvacv4mrhhn5t0j75iv7', '192.168.1.218', 1633060308, 0x5f5f63695f6c6173745f726567656e65726174657c693a313633333036303330383b),
('rljvlht22p50b93ao9clnj28pb76miiq', '192.168.1.218', 1633060488, 0x5f5f63695f6c6173745f726567656e65726174657c693a313633333036303438383b),
('siten2nl84l7n75qpeu0ll1jdr6u20lf', '192.168.1.218', 1633060552, 0x5f5f63695f6c6173745f726567656e65726174657c693a313633333036303535323b),
('pq05g0ikb9smfoh7pn2bvctj30qif138', '192.168.1.218', 1633060613, 0x5f5f63695f6c6173745f726567656e65726174657c693a313633333036303631333b),
('0be4645fd7srqtm7lbtfnk699peeobcr', '192.168.1.218', 1633060613, 0x5f5f63695f6c6173745f726567656e65726174657c693a313633333036303631333b),
('7a41t8sk1mch8od6gjtbkfu0uikqk3b4', '192.168.1.218', 1633060744, 0x5f5f63695f6c6173745f726567656e65726174657c693a313633333036303734343b),
('68gidde854301n5n5ic52g914bdk8plu', '192.168.1.218', 1633060744, 0x5f5f63695f6c6173745f726567656e65726174657c693a313633333036303734343b),
('8lb2l77oblshj0gu6k5qucucnli9rktp', '::1', 1633060940, 0x5f5f63695f6c6173745f726567656e65726174657c693a313633333036303933343b617574687c613a353a7b733a373a22757365725f6964223b733a313a2231223b733a383a22757365726e616d65223b733a31333a2261646d696e6973747261746f72223b733a393a22636c696e69635f6964223b733a313a2231223b733a31363a22757365725f67726f75705f6c6576656c223b733a313a2231223b733a31303a22757365725f6c6576656c223b733a313a2231223b7d),
('d44lslal318834blu746jn5ckv2lsgn3', '192.168.1.218', 1633060974, 0x5f5f63695f6c6173745f726567656e65726174657c693a313633333036303937343b),
('r0glsn2jv6bvsu6oh2vl8ekj0lukqt3q', '192.168.1.218', 1633060975, 0x5f5f63695f6c6173745f726567656e65726174657c693a313633333036303937353b),
('ajfv9l0cshic8r9egmodqklmk9taliud', '192.168.1.218', 1633061009, 0x5f5f63695f6c6173745f726567656e65726174657c693a313633333036313030393b),
('70kj58iu32ahb65743bljoiged6us0bb', '192.168.1.218', 1633061010, 0x5f5f63695f6c6173745f726567656e65726174657c693a313633333036313031303b),
('s5ulvgfs6ahbs2v0r58muq5hje6mbth2', '192.168.1.218', 1633061010, 0x5f5f63695f6c6173745f726567656e65726174657c693a313633333036313031303b),
('bf4ilmpoq2o4d2ajqd9r6gpmfob25524', '192.168.1.218', 1633061054, 0x5f5f63695f6c6173745f726567656e65726174657c693a313633333036313035343b),
('jkgpkvbf8kjbvhom7f4ciuld048e4gh2', '192.168.1.218', 1633061055, 0x5f5f63695f6c6173745f726567656e65726174657c693a313633333036313035353b),
('a4qbn3dc05omlhp1l0loqsf99do5c1il', '192.168.1.218', 1633061229, 0x5f5f63695f6c6173745f726567656e65726174657c693a313633333036313232393b),
('0a0f2k17febiepg7nri33hvusd6hg4u1', '192.168.1.218', 1633061229, 0x5f5f63695f6c6173745f726567656e65726174657c693a313633333036313232393b),
('e9ogtdo7gkg64bg3d4eva0kmbs6j24o0', '192.168.1.218', 1633061233, 0x5f5f63695f6c6173745f726567656e65726174657c693a313633333036313233333b),
('hcjml9a557mac0dhaqvqr56meee2hoai', '192.168.1.218', 1633061233, 0x5f5f63695f6c6173745f726567656e65726174657c693a313633333036313233333b),
('e33glh4c5gdpivqk0ho1agk7bd5ak61t', '192.168.1.218', 1633061261, 0x5f5f63695f6c6173745f726567656e65726174657c693a313633333036313236313b),
('7km3nfnr21caje7q4gp78uvedmuttjv6', '192.168.1.218', 1633061261, 0x5f5f63695f6c6173745f726567656e65726174657c693a313633333036313236313b),
('ntoitrt78ci7mches5qfmj50qtji7s07', '::1', 1633072949, 0x5f5f63695f6c6173745f726567656e65726174657c693a313633333037323934393b617574687c613a353a7b733a373a22757365725f6964223b733a313a2231223b733a383a22757365726e616d65223b733a31333a2261646d696e6973747261746f72223b733a393a22636c696e69635f6964223b733a313a2231223b733a31363a22757365725f67726f75705f6c6576656c223b733a313a2231223b733a31303a22757365725f6c6576656c223b733a313a2231223b7d66696c7465722d52656c6174696f6e437573746f6d6572536174697366616374696f6e5265706f72747c613a333a7b733a31303a2273746172745f64617465223b733a31303a2230312d31302d32303231223b733a383a22656e645f64617465223b733a31303a2230312d31302d32303231223b733a393a22636c696e69635f6964223b733a303a22223b7d),
('4vdaobg5qj3ou45jjkpfv8tg48v6lfck', '::1', 1633073217, 0x5f5f63695f6c6173745f726567656e65726174657c693a313633333037323934393b617574687c613a353a7b733a373a22757365725f6964223b733a313a2231223b733a383a22757365726e616d65223b733a31333a2261646d696e6973747261746f72223b733a393a22636c696e69635f6964223b733a313a2231223b733a31363a22757365725f67726f75705f6c6576656c223b733a313a2231223b733a31303a22757365725f6c6576656c223b733a313a2231223b7d66696c7465722d52656c6174696f6e437573746f6d6572536174697366616374696f6e5265706f72747c613a333a7b733a31303a2273746172745f64617465223b733a31303a2230312d31302d32303231223b733a383a22656e645f64617465223b733a31303a2230312d31302d32303231223b733a393a22636c696e69635f6964223b733a303a22223b7d),
('hcqukvhbhpnoc5n7cj5p0sppsffppq6t', '192.168.1.218', 1633074632, 0x5f5f63695f6c6173745f726567656e65726174657c693a313633333037343633323b),
('r294ftkpnrd6c35godegu4tmhvjp2sbt', '192.168.1.218', 1633074638, 0x5f5f63695f6c6173745f726567656e65726174657c693a313633333037343633383b),
('hvc5hm6tkvj3mhsg5kjghsv7o7a3r10b', '192.168.1.218', 1633074751, 0x5f5f63695f6c6173745f726567656e65726174657c693a313633333037343735313b),
('olbgo264iidnsce67pmh5634ep2k4c9r', '192.168.1.218', 1633074752, 0x5f5f63695f6c6173745f726567656e65726174657c693a313633333037343735323b),
('ovsfinag2arnl2vda8mktrj0t29os4tn', '192.168.1.218', 1633079214, 0x5f5f63695f6c6173745f726567656e65726174657c693a313633333037393231343b),
('qfq29ttaqvv37ogjtrcjiebh17egutm8', '192.168.1.218', 1633079214, 0x5f5f63695f6c6173745f726567656e65726174657c693a313633333037393231343b),
('uofe2lbo2015qnhaekn87hhs5sr38i7o', '192.168.1.218', 1633081086, 0x5f5f63695f6c6173745f726567656e65726174657c693a313633333038313038363b),
('d3pljavhksv4anvqlfregc2i7guou9ac', '192.168.1.218', 1633081086, 0x5f5f63695f6c6173745f726567656e65726174657c693a313633333038313038363b),
('geju981lkqmh32l02fn03jc292cbt6tr', '192.168.1.218', 1633081135, 0x5f5f63695f6c6173745f726567656e65726174657c693a313633333038313133353b),
('6mk7hq27aambm2j1fludm7acej3a5su1', '192.168.1.218', 1633081135, 0x5f5f63695f6c6173745f726567656e65726174657c693a313633333038313133353b),
('m4vhescoj32rrndcfh635bnn0fqkkt42', '192.168.1.218', 1633081144, 0x5f5f63695f6c6173745f726567656e65726174657c693a313633333038313134333b),
('fj2namh12ifeh9cc83o6tirqg761s29f', '192.168.1.218', 1633081144, 0x5f5f63695f6c6173745f726567656e65726174657c693a313633333038313134343b),
('40oh0von62jefgcnmp6s4iq28kcj8phf', '192.168.1.218', 1633081145, 0x5f5f63695f6c6173745f726567656e65726174657c693a313633333038313134353b),
('2lvih3t8jdi2e29uf430o8lqd5v8ed1h', '192.168.1.218', 1633081145, 0x5f5f63695f6c6173745f726567656e65726174657c693a313633333038313134353b),
('iukik3el73e7mv62mu4cpsvj7iu8guk7', '192.168.1.218', 1633081146, 0x5f5f63695f6c6173745f726567656e65726174657c693a313633333038313134363b),
('dg0krkfp0c1c4vbk48sgsc1k8i55i3qh', '192.168.1.218', 1633081146, 0x5f5f63695f6c6173745f726567656e65726174657c693a313633333038313134363b),
('mu2bontp9qlkhbrjd1lal61dv05rrf6v', '192.168.1.218', 1633081320, 0x5f5f63695f6c6173745f726567656e65726174657c693a313633333038313332303b),
('fs94d533ud5n1lp8e6414m2o1ucospp1', '192.168.1.218', 1633081320, 0x5f5f63695f6c6173745f726567656e65726174657c693a313633333038313332303b),
('1vvvvuepfhuj1se49la68bjngc1alo72', '192.168.1.218', 1633081325, 0x5f5f63695f6c6173745f726567656e65726174657c693a313633333038313332353b),
('7rkvia96og1vn5l5hh66i35npbi1h0rb', '192.168.1.218', 1633081325, 0x5f5f63695f6c6173745f726567656e65726174657c693a313633333038313332353b),
('ee9posfodtikrbcci3s35cnl4j9qmsjf', '192.168.1.217', 1633420131, 0x5f5f63695f6c6173745f726567656e65726174657c693a313633333432303133313b),
('f12pq4e28ga0dpamb6hrnn94d0rmleht', '192.168.1.217', 1633420132, 0x5f5f63695f6c6173745f726567656e65726174657c693a313633333432303133323b),
('pedqca16h09b80jsk60jsb1kdv8m62hi', '192.168.1.217', 1633420133, 0x5f5f63695f6c6173745f726567656e65726174657c693a313633333432303133333b),
('7r4dfd00phegu23ajolfi8ts3eiqrc45', '::1', 1633420851, 0x5f5f63695f6c6173745f726567656e65726174657c693a313633333432303835313b617574687c613a353a7b733a373a22757365725f6964223b733a313a2231223b733a383a22757365726e616d65223b733a31333a2261646d696e6973747261746f72223b733a393a22636c696e69635f6964223b733a313a2231223b733a31363a22757365725f67726f75705f6c6576656c223b733a313a2231223b733a31303a22757365725f6c6576656c223b733a313a2231223b7d436f7265436c696e6963546f6b656e2d7c733a33323a226633613730636334363266306666653034613965376264646231623864663439223b),
('8jk4npl7j8m83g838k3c5tkl421ii9fg', '::1', 1633421423, 0x5f5f63695f6c6173745f726567656e65726174657c693a313633333432313432333b617574687c613a353a7b733a373a22757365725f6964223b733a313a2231223b733a383a22757365726e616d65223b733a31333a2261646d696e6973747261746f72223b733a393a22636c696e69635f6964223b733a313a2231223b733a31363a22757365725f67726f75705f6c6576656c223b733a313a2231223b733a31303a22757365725f6c6576656c223b733a313a2231223b7d436f7265436c696e6963546f6b656e2d7c733a33323a226633613730636334363266306666653034613965376264646231623864663439223b),
('o51njlltj5o36ich0e36f94s19nonfu8', '::1', 1633421734, 0x5f5f63695f6c6173745f726567656e65726174657c693a313633333432313733343b617574687c613a353a7b733a373a22757365725f6964223b733a313a2231223b733a383a22757365726e616d65223b733a31333a2261646d696e6973747261746f72223b733a393a22636c696e69635f6964223b733a313a2231223b733a31363a22757365725f67726f75705f6c6576656c223b733a313a2231223b733a31303a22757365725f6c6576656c223b733a313a2231223b7d436f7265436c696e6963546f6b656e2d7c733a33323a226633613730636334363266306666653034613965376264646231623864663439223b53797374656d55736572546f6b656e2d7c733a33323a226633643436666261386431346335633166666464663033346233303937393961223b61646453797374656d557365722d7c613a333a7b733a31333a22757365725f67726f75705f6964223b733a313a2232223b733a393a22636c696e69635f6964223b733a313a2231223b733a383a22757365726e616d65223b733a363a22646166746172223b7d),
('nh0kv0o615j3od1stu49belgbi4t5vae', '::1', 1633421855, 0x5f5f63695f6c6173745f726567656e65726174657c693a313633333432313733343b617574687c613a353a7b733a373a22757365725f6964223b733a313a2231223b733a383a22757365726e616d65223b733a31333a2261646d696e6973747261746f72223b733a393a22636c696e69635f6964223b733a313a2231223b733a31363a22757365725f67726f75705f6c6576656c223b733a313a2231223b733a31303a22757365725f6c6576656c223b733a313a2231223b7d436f7265436c696e6963546f6b656e2d7c733a33323a226633613730636334363266306666653034613965376264646231623864663439223b),
('6evvcikq20n77c7svlfpdkep2db0grki', '192.168.1.217', 1633422261, 0x5f5f63695f6c6173745f726567656e65726174657c693a313633333432323236313b),
('h297b7bamtvo0sp384oloi8s8veov3b8', '192.168.1.217', 1633422261, 0x5f5f63695f6c6173745f726567656e65726174657c693a313633333432323236313b),
('lld2nig45a5p70vv2pte639ei39uit48', '192.168.1.217', 1633422278, 0x5f5f63695f6c6173745f726567656e65726174657c693a313633333432323237383b),
('tlho9dbsq5lusqepeh0g2ekpd6nb9f87', '192.168.1.217', 1633422278, 0x5f5f63695f6c6173745f726567656e65726174657c693a313633333432323237383b),
('phu0lqkf3h45k6e5qodco24btj72eq5q', '192.168.1.217', 1633422279, 0x5f5f63695f6c6173745f726567656e65726174657c693a313633333432323237393b),
('tssem456t9e8u5qujhfuk8tha8vrm91g', '192.168.1.213', 1633422431, 0x5f5f63695f6c6173745f726567656e65726174657c693a313633333432323433313b),
('h2l2fk31rqgccr3qgm5kghut0i1p5kor', '192.168.1.213', 1633422432, 0x5f5f63695f6c6173745f726567656e65726174657c693a313633333432323433323b),
('qfb5n36v7afekjgmfbvfcid7k5p4oq7h', '192.168.1.213', 1633422433, 0x5f5f63695f6c6173745f726567656e65726174657c693a313633333432323433333b),
('vi5j3kndrf2ng5et85jn29i8857e9hgd', '192.168.1.216', 1633422551, 0x5f5f63695f6c6173745f726567656e65726174657c693a313633333432323535313b),
('k1dqtgvs5g87mjrnk156jnlf072hcpl0', '192.168.1.216', 1633422552, 0x5f5f63695f6c6173745f726567656e65726174657c693a313633333432323535323b),
('hsm96sfku4ino1ljc63eipr1nppk8n7a', '192.168.1.216', 1633422552, 0x5f5f63695f6c6173745f726567656e65726174657c693a313633333432323535323b),
('bat2j0prkia0i5das5eqqabtf5kpcik5', '192.168.1.215', 1633422620, 0x5f5f63695f6c6173745f726567656e65726174657c693a313633333432323632303b),
('06290icedp25355lgaaq0h8bvtq34ifn', '192.168.1.215', 1633422621, 0x5f5f63695f6c6173745f726567656e65726174657c693a313633333432323632313b),
('h8nkfu24dlmu7t760ok2ir0raeemj1l6', '192.168.1.215', 1633422621, 0x5f5f63695f6c6173745f726567656e65726174657c693a313633333432323632313b),
('f3fdnri6b8gajf2kr679h3duj87d6gpo', '192.168.1.214', 1633422704, 0x5f5f63695f6c6173745f726567656e65726174657c693a313633333432323730343b),
('eo9tk20g9lokb4qp0m49cvc813mad7je', '192.168.1.214', 1633422714, 0x5f5f63695f6c6173745f726567656e65726174657c693a313633333432323731343b),
('m4ic0585rtojka7cnhtbl51r3105nf5i', '192.168.1.214', 1633422729, 0x5f5f63695f6c6173745f726567656e65726174657c693a313633333432323732393b),
('hkfpt4s1rm3bul3cbju0k7rh2dturtev', '192.168.1.214', 1633422730, 0x5f5f63695f6c6173745f726567656e65726174657c693a313633333432323733303b),
('a149uquqbrkfr4arj6d17h8jaaojomnv', '192.168.1.214', 1633422731, 0x5f5f63695f6c6173745f726567656e65726174657c693a313633333432323733313b),
('a3afo6cfra8llv092pbv8pi0upmcvgm2', '192.168.1.216', 1633509139, 0x5f5f63695f6c6173745f726567656e65726174657c693a313633333530393133393b),
('b3k3qs8lt22j5d0o3rq7acrskutf3s1n', '192.168.1.216', 1633509139, 0x5f5f63695f6c6173745f726567656e65726174657c693a313633333530393133393b),
('ahcocvo3ntabvuecbaq2gsvumbap910r', '192.168.1.216', 1633509141, 0x5f5f63695f6c6173745f726567656e65726174657c693a313633333530393134313b),
('7ihoucuvnutgjsdsftonesnrgdmm19uv', '192.168.1.216', 1633509141, 0x5f5f63695f6c6173745f726567656e65726174657c693a313633333530393134313b),
('1rgpdn3fbc8qllfgjnqir4ar8o6081ge', '192.168.1.216', 1633509144, 0x5f5f63695f6c6173745f726567656e65726174657c693a313633333530393134343b),
('g24a7atdqiip6aplisem9ris0adnbl66', '192.168.1.216', 1633509144, 0x5f5f63695f6c6173745f726567656e65726174657c693a313633333530393134343b),
('v06n8qa7plsde6v66kreq836q1tcep9j', '192.168.1.211', 1633682209, 0x5f5f63695f6c6173745f726567656e65726174657c693a313633333638323230373b),
('3ug004v8kics87ocbr2a15qkp1q5k54a', '192.168.1.211', 1633682307, 0x5f5f63695f6c6173745f726567656e65726174657c693a313633333638323330373b),
('26jl4madk1dbb4a13sjivcv1ivajjl29', '192.168.1.217', 1633682438, 0x5f5f63695f6c6173745f726567656e65726174657c693a313633333638323433383b),
('944tfb6ghpdugg8nfta58n6e494rftmv', '192.168.1.217', 1633682438, 0x5f5f63695f6c6173745f726567656e65726174657c693a313633333638323433383b),
('ttuuajhkvgn7jnccbuf8ter4fe24bu1b', '192.168.1.217', 1633682440, 0x5f5f63695f6c6173745f726567656e65726174657c693a313633333638323434303b),
('rtcab69kkchtn4et14uelo5ubvpg7h7b', '192.168.1.217', 1633682440, 0x5f5f63695f6c6173745f726567656e65726174657c693a313633333638323434303b),
('kphs768u3o4dgvm7usn88dg54dtssqkj', '192.168.1.217', 1633682440, 0x5f5f63695f6c6173745f726567656e65726174657c693a313633333638323434303b),
('q9fl596fskcarjok7vfama5q04l2hnhm', '192.168.1.217', 1633682441, 0x5f5f63695f6c6173745f726567656e65726174657c693a313633333638323434313b),
('kav20qc370bp5svu3q8d4610glg84mlb', '192.168.1.217', 1633682441, 0x5f5f63695f6c6173745f726567656e65726174657c693a313633333638323434313b),
('aq4u59rr3f4pe4knte9cakvqi4o7pc06', '192.168.1.217', 1633682441, 0x5f5f63695f6c6173745f726567656e65726174657c693a313633333638323434313b),
('7hvs822mlas6u0fa3mv3133lq9j7gshf', '192.168.1.217', 1633682442, 0x5f5f63695f6c6173745f726567656e65726174657c693a313633333638323434323b),
('dafoogp54p7n59rill425hsupb0950np', '192.168.1.217', 1633682442, 0x5f5f63695f6c6173745f726567656e65726174657c693a313633333638323434323b),
('vgi3m4vce03ns1m4tru60id1efms189t', '192.168.1.217', 1633682442, 0x5f5f63695f6c6173745f726567656e65726174657c693a313633333638323434323b),
('mkq6ipas5t0bhnp6dqgulglthi8fd9q9', '192.168.1.217', 1633682443, 0x5f5f63695f6c6173745f726567656e65726174657c693a313633333638323434333b),
('j1ue2k4j1j4cq5u752ubn591cnrthoj6', '192.168.1.217', 1633682443, 0x5f5f63695f6c6173745f726567656e65726174657c693a313633333638323434333b),
('emotics82vr8r4ud2v52i93drd4esb86', '192.168.1.217', 1633682443, 0x5f5f63695f6c6173745f726567656e65726174657c693a313633333638323434333b),
('agcfmpahfcngctga1j9fkmkkrr85m7jk', '192.168.1.217', 1633682443, 0x5f5f63695f6c6173745f726567656e65726174657c693a313633333638323434333b),
('3i091kcfulb74q3nlmfiqsi7nkot740u', '192.168.1.217', 1633682443, 0x5f5f63695f6c6173745f726567656e65726174657c693a313633333638323434333b),
('kulcivhenmqlh9q0av3mq6duk7rqvv8e', '192.168.1.217', 1633682443, 0x5f5f63695f6c6173745f726567656e65726174657c693a313633333638323434333b),
('fleh5o1m5896fe2onkegspfab8da2sas', '192.168.1.217', 1633682443, 0x5f5f63695f6c6173745f726567656e65726174657c693a313633333638323434333b),
('q4r6u0k5omr2j1f0t4ukevshmakau8ct', '192.168.1.217', 1633682444, 0x5f5f63695f6c6173745f726567656e65726174657c693a313633333638323434343b),
('i1qrojofprtpsnoj5jhslk52kq9mnjaj', '192.168.1.217', 1633682444, 0x5f5f63695f6c6173745f726567656e65726174657c693a313633333638323434343b),
('20j29pu7pk0j5fa4sb183cd5kj7pskq6', '192.168.1.217', 1633682444, 0x5f5f63695f6c6173745f726567656e65726174657c693a313633333638323434343b),
('9pvg86qd6asnca5peuv5n3scoqtbt752', '192.168.1.217', 1633682444, 0x5f5f63695f6c6173745f726567656e65726174657c693a313633333638323434343b),
('h52kf1j6a953t93q5crrob7s67f8u5p1', '192.168.1.217', 1633682444, 0x5f5f63695f6c6173745f726567656e65726174657c693a313633333638323434343b),
('7bvtmruj9vqqcnqj9kscuhlf5agqvuqm', '192.168.1.217', 1633682444, 0x5f5f63695f6c6173745f726567656e65726174657c693a313633333638323434343b),
('cbbon52vp2l586e2dle45a161bdf32tb', '192.168.1.217', 1633682444, 0x5f5f63695f6c6173745f726567656e65726174657c693a313633333638323434343b),
('fmr5fvqajl8m26ofttp0rpkj83m1a916', '192.168.1.217', 1633682445, 0x5f5f63695f6c6173745f726567656e65726174657c693a313633333638323434353b),
('p8pto5askepd2ecv1rupgf946a0eao7b', '192.168.1.217', 1633682445, 0x5f5f63695f6c6173745f726567656e65726174657c693a313633333638323434353b),
('6vgkk3cabqb8r9ka3soklmdg230rcvuu', '192.168.1.217', 1633682445, 0x5f5f63695f6c6173745f726567656e65726174657c693a313633333638323434353b),
('oplhjq2hlp25dllktd6dqp6q65gk019o', '192.168.1.217', 1633682445, 0x5f5f63695f6c6173745f726567656e65726174657c693a313633333638323434353b),
('ll0pcnrjvs609742c5ndj2m6ofe4tovu', '192.168.1.217', 1633682445, 0x5f5f63695f6c6173745f726567656e65726174657c693a313633333638323434353b),
('8fj9ijoo20v73jhb14ehq6e44najs1sn', '192.168.1.217', 1633682446, 0x5f5f63695f6c6173745f726567656e65726174657c693a313633333638323434363b),
('iuigu7ho0gm5vr00jr0c9a2glgkb3nvv', '192.168.1.217', 1633682446, 0x5f5f63695f6c6173745f726567656e65726174657c693a313633333638323434363b),
('u8fonohli4vkismltp8re22347vmjfnk', '192.168.1.217', 1633682446, 0x5f5f63695f6c6173745f726567656e65726174657c693a313633333638323434363b),
('j6o89bntbvbh6496c986icrrc17k1opr', '192.168.1.217', 1633682446, 0x5f5f63695f6c6173745f726567656e65726174657c693a313633333638323434363b),
('p554l5fbp3ncvb89eqvcae9l4nu7dkon', '192.168.1.217', 1633682446, 0x5f5f63695f6c6173745f726567656e65726174657c693a313633333638323434363b),
('l6tbsnkcaf6jug3u5fsj7qbd479c2t1e', '192.168.1.217', 1633682446, 0x5f5f63695f6c6173745f726567656e65726174657c693a313633333638323434363b),
('a2o60oebjkn8oapmgv0mer1jn0f7m532', '192.168.1.217', 1633682448, 0x5f5f63695f6c6173745f726567656e65726174657c693a313633333638323434383b),
('qufq5j3g7g1gu5cb152cqeng38fj3siu', '192.168.1.217', 1633682448, 0x5f5f63695f6c6173745f726567656e65726174657c693a313633333638323434383b),
('7ug18j61bjj88u196dmq61d4p1a2utjv', '192.168.1.227', 1633682461, 0x5f5f63695f6c6173745f726567656e65726174657c693a313633333638323436313b),
('i1edsndp20kr45suv3itrd5fn7o0fufe', '192.168.1.211', 1633682608, 0x5f5f63695f6c6173745f726567656e65726174657c693a313633333638323630383b),
('b7mta7v2ac3jtt505171hp7l143t9nhd', '192.168.1.211', 1633682615, 0x5f5f63695f6c6173745f726567656e65726174657c693a313633333638323631333b),
('7eb3cuvtce3pplkcaeird4ira7t0gv72', '192.168.1.216', 1633684230, 0x5f5f63695f6c6173745f726567656e65726174657c693a313633333638343233303b),
('hl8ip36iv0d4tn2fp77t6ndtvih4mj1t', '192.168.1.216', 1633684231, 0x5f5f63695f6c6173745f726567656e65726174657c693a313633333638343233313b),
('asko38u7bfh7dhhf8cner9kmut40i9lu', '192.168.1.216', 1633685941, 0x5f5f63695f6c6173745f726567656e65726174657c693a313633333638353934313b),
('5rpf1dr1m0777qoa3i051fc4cdpsh7nb', '192.168.1.216', 1633685941, 0x5f5f63695f6c6173745f726567656e65726174657c693a313633333638353934313b),
('ba4nvuun80lfifjedtlovtrnf5v3rnst', '192.168.1.216', 1633685945, 0x5f5f63695f6c6173745f726567656e65726174657c693a313633333638353934353b),
('st6v43i7v8g15brrhoij92eub7qqivra', '192.168.1.216', 1633685945, 0x5f5f63695f6c6173745f726567656e65726174657c693a313633333638353934353b),
('9a3fs41jnukv01diokcc6hnu5q61chqc', '192.168.1.216', 1633685947, 0x5f5f63695f6c6173745f726567656e65726174657c693a313633333638353934373b),
('qfistefit4ldtmdmh5lr6tpsnu9181kn', '192.168.1.216', 1633685947, 0x5f5f63695f6c6173745f726567656e65726174657c693a313633333638353934373b),
('kmr5h19dou68gd6m4hhbsik4hvqvtk1p', '192.168.1.216', 1633685950, 0x5f5f63695f6c6173745f726567656e65726174657c693a313633333638353935303b),
('010t7l7ilqbf1rku3to76is8fdf452hu', '192.168.1.216', 1633685950, 0x5f5f63695f6c6173745f726567656e65726174657c693a313633333638353935303b),
('7fja6r1bd1gbvee3s99bj0omrc85b7c2', '192.168.1.216', 1633685963, 0x5f5f63695f6c6173745f726567656e65726174657c693a313633333638353936333b),
('61qhq0eukhljga3o44go6ffil3rc5gg5', '192.168.1.216', 1633685963, 0x5f5f63695f6c6173745f726567656e65726174657c693a313633333638353936333b),
('cf9k2k08mdcgtupbtth62i6716cunisu', '192.168.1.216', 1633685963, 0x5f5f63695f6c6173745f726567656e65726174657c693a313633333638353936333b),
('uqhkllum24nvcdo41e4d88h1oo7s0h79', '192.168.1.216', 1633685963, 0x5f5f63695f6c6173745f726567656e65726174657c693a313633333638353936333b),
('6sdjr6l6r52fdqcelh5qbvqearr9f8fn', '192.168.1.216', 1633685964, 0x5f5f63695f6c6173745f726567656e65726174657c693a313633333638353936343b),
('0rtfvnumqdc9rdd4ril4181g9nlnrpll', '192.168.1.216', 1633685964, 0x5f5f63695f6c6173745f726567656e65726174657c693a313633333638353936343b),
('vp6e6ioimuftlo965528sorreej2u905', '192.168.1.216', 1633685979, 0x5f5f63695f6c6173745f726567656e65726174657c693a313633333638353937393b),
('i5jih2ofiap494kklb73n5ckjmnclgpn', '192.168.1.216', 1633685980, 0x5f5f63695f6c6173745f726567656e65726174657c693a313633333638353938303b),
('2q36d4ks57tt9ephh7ddqbhk73ahsd4h', '192.168.1.216', 1633685986, 0x5f5f63695f6c6173745f726567656e65726174657c693a313633333638353938363b),
('37d97emrc5igifnsri57pronoerj8k4d', '192.168.1.216', 1633685986, 0x5f5f63695f6c6173745f726567656e65726174657c693a313633333638353938363b),
('95ftl0fks3hru3obv7sliuku6vv5nheh', '192.168.1.216', 1633685987, 0x5f5f63695f6c6173745f726567656e65726174657c693a313633333638353938373b),
('3umk581vjed81bns274r09ebi4p99rns', '192.168.1.216', 1633685987, 0x5f5f63695f6c6173745f726567656e65726174657c693a313633333638353938373b),
('bllqo261sp4slbud3b7h2unjadic1ujj', '::1', 1633686171, 0x5f5f63695f6c6173745f726567656e65726174657c693a313633333638363136373b617574687c613a353a7b733a373a22757365725f6964223b733a333a22323931223b733a383a22757365726e616d65223b733a353a2261646d696e223b733a393a22636c696e69635f6964223b733a313a2230223b733a31363a22757365725f67726f75705f6c6576656c223b733a313a2233223b733a31303a22757365725f6c6576656c223b733a313a2230223b7d);

-- --------------------------------------------------------

--
-- Table structure for table `core_messages`
--

CREATE TABLE `core_messages` (
  `messages_id` int(10) NOT NULL,
  `messages_name` varchar(250) DEFAULT NULL,
  `messages_text` text DEFAULT NULL,
  `messages_status` int(1) DEFAULT 1,
  `messages_token` varchar(250) DEFAULT '',
  `data_state` int(1) DEFAULT 0,
  `created_id` int(10) DEFAULT 0,
  `created_at` datetime DEFAULT NULL,
  `updated_id` int(10) DEFAULT 0,
  `updated_at` datetime DEFAULT NULL,
  `deleted_id` int(10) DEFAULT 0,
  `deleted_at` datetime DEFAULT NULL,
  `last_update` timestamp NOT NULL DEFAULT current_timestamp()
) ENGINE=InnoDB DEFAULT CHARSET=utf8 COLLATE=utf8_general_ci;

--
-- Dumping data for table `core_messages`
--

INSERT INTO `core_messages` (`messages_id`, `messages_name`, `messages_text`, `messages_status`, `messages_token`, `data_state`, `created_id`, `created_at`, `updated_id`, `updated_at`, `deleted_id`, `deleted_at`, `last_update`) VALUES
(1, 'Pengajuan', 'Pengajuan Masuk', 0, '', 0, 0, NULL, 55, '2022-01-07 07:03:08', 0, NULL, '2022-01-05 07:50:51'),
(2, 'Disposisi', 'Sudah di Disposisi', 0, '', 0, 0, NULL, 55, '2022-01-05 07:56:49', 0, NULL, '2022-01-05 07:50:57'),
(3, 'Persetujuan Disposisi', 'Sudah di Proses Bagian Disposisi', 0, '', 0, 0, NULL, 55, '2022-01-05 07:59:39', 0, NULL, '2022-01-05 07:51:03'),
(4, 'Review', 'Sudah Disetujui, Mohon Tunggu Pemberitahuan Berikutnya', 0, '', 0, 0, NULL, 55, '2022-01-05 07:59:23', 0, NULL, '2022-01-05 07:51:06'),
(5, 'Butuh Dokumen Tambahan', 'Butuh Dokumen Tambahan', 0, '', 0, 0, NULL, 55, '2022-01-05 08:25:31', 0, NULL, '2022-01-05 08:20:15'),
(6, 'Pembatalan Persetujuan Disposisi', 'Diproses Ulang Oleh Bagian Disposisi', 0, '', 0, 0, NULL, 55, '2022-01-05 08:26:55', 0, NULL, '2022-01-05 08:20:33'),
(7, 'Pembatalan Review', 'Pembatalan Persetujuan', 0, '', 0, 0, NULL, 55, '2022-01-05 08:26:16', 0, NULL, '2022-01-05 08:20:48'),
(8, 'Penolakan Review', 'Sudah Ditolak', 0, '', 0, 0, NULL, 55, '2022-02-22 04:01:17', 0, NULL, '2022-02-07 09:08:14'),
(9, 'Penolakan Bagian Disposisi', 'Ditolak oleh Bagian Disposisi', 0, '', 0, 0, NULL, 0, NULL, 0, NULL, '2022-02-28 12:08:35'),
(10, 'Pencairan Dana Bantuan', 'Dana Bantuan telah Tersedia', 0, '', 0, 0, NULL, 0, NULL, 0, NULL, '2022-03-18 08:37:33'),
(11, 'Pemberian Dana Bantuan', 'Dana Bantuan telah Diberikan', 0, '', 0, 0, NULL, 0, NULL, 0, NULL, '2022-03-18 08:37:51');

-- --------------------------------------------------------

--
-- Table structure for table `core_section`
--

CREATE TABLE `core_section` (
  `section_id` int(10) NOT NULL,
  `section_name` varchar(250) DEFAULT '',
  `section_token` varchar(250) DEFAULT '',
  `data_state` int(1) DEFAULT 0,
  `created_id` int(10) DEFAULT 0,
  `created_at` datetime DEFAULT NULL,
  `updated_id` int(10) DEFAULT 0,
  `updated_at` datetime DEFAULT NULL,
  `deleted_id` int(10) DEFAULT 0,
  `deleted_at` datetime DEFAULT NULL,
  `last_update` timestamp NOT NULL DEFAULT current_timestamp()
) ENGINE=InnoDB DEFAULT CHARSET=utf8 COLLATE=utf8_general_ci;

--
-- Dumping data for table `core_section`
--

INSERT INTO `core_section` (`section_id`, `section_name`, `section_token`, `data_state`, `created_id`, `created_at`, `updated_id`, `updated_at`, `deleted_id`, `deleted_at`, `last_update`) VALUES
(1, 'Bagian SDM, Umum, Administrasi', '35486a916fb819657179678385878434', 0, 55, '2021-10-28 09:34:15', 55, '2021-10-30 03:10:27', 0, NULL, '2021-10-28 09:34:15'),
(2, 'Bagian Penyuluhan', 'd1b3e96d3c945d24177052ac41a48eff', 1, 55, '2021-10-28 09:34:33', 55, '2022-01-13 07:09:13', 55, '2022-01-13 07:09:13', '2021-10-28 09:34:33'),
(8, 'Bagian Tes', 'd8c5bb6f76b6f508b42f431397f1731b', 1, 55, '2022-01-12 07:48:38', 0, '2022-01-12 07:48:42', 55, '2022-01-12 07:48:42', '2022-01-12 07:48:38'),
(9, 'Bagian Pendistribusian dan Pendayagunaan', '9224a3c764b4b290579978edd3893977', 0, 55, '2022-01-13 06:51:18', 0, '2022-01-13 06:51:18', 0, NULL, '2022-01-13 06:51:18'),
(10, 'Bagian Pengumpulan', '9cd79ce0e14ab07fb58fbdc081816a49', 0, 55, '2022-01-13 06:51:30', 0, '2022-01-13 06:51:30', 0, NULL, '2022-01-13 06:51:30'),
(11, 'Bagian Keuangan dan Pelaporan', '289478003da4f071994e05d7a6b5c4f3', 0, 55, '2022-01-13 06:51:44', 0, '2022-01-13 06:51:44', 0, NULL, '2022-01-13 06:51:44'),
(12, 'tes bagian 2', '9c7041ead31033a1d1c12cc382288e50', 1, 55, '2022-02-22 02:39:28', 55, '2022-02-22 02:39:45', 55, '2022-02-22 02:39:45', '2022-02-22 02:39:28');

-- --------------------------------------------------------

--
-- Table structure for table `core_service`
--

CREATE TABLE `core_service` (
  `service_id` int(10) NOT NULL,
  `service_name` varchar(250) DEFAULT '',
  `service_token` varchar(250) DEFAULT '',
  `service_token_edit` varchar(250) DEFAULT '',
  `data_state` int(1) DEFAULT 0,
  `created_id` int(10) DEFAULT 0,
  `created_at` datetime DEFAULT NULL,
  `updated_id` int(10) DEFAULT 0,
  `updated_at` datetime DEFAULT NULL,
  `deleted_id` int(10) DEFAULT 0,
  `deleted_at` datetime DEFAULT NULL,
  `last_update` timestamp NOT NULL DEFAULT current_timestamp()
) ENGINE=InnoDB DEFAULT CHARSET=utf8 COLLATE=utf8_general_ci;

--
-- Dumping data for table `core_service`
--

INSERT INTO `core_service` (`service_id`, `service_name`, `service_token`, `service_token_edit`, `data_state`, `created_id`, `created_at`, `updated_id`, `updated_at`, `deleted_id`, `deleted_at`, `last_update`) VALUES
(1, 'Bantuan Pembangunan Masjid / Mushola Umum', '724bec3f910ea4b61cc0e268a693a976', '92e03bce28d2d178a744adbf4a619604', 0, 55, '2021-11-26 04:15:10', 55, '2022-01-28 05:59:58', 0, NULL, '2021-11-26 04:15:10'),
(2, 'Bantuan Kesehatan', 'c252d64a7b24c46ce3e24005d9d8b4de', '', 0, 55, '2021-11-26 04:19:08', 0, '2021-11-26 04:19:08', 0, NULL, '2021-11-26 04:19:08'),
(3, 'Bantuan Mustahik Pengusaha', '8686370ef7bf42aa1b2ac46416e3eea0', '', 1, 55, '2021-11-26 04:41:32', 0, '2022-01-28 05:04:44', 55, '2022-01-28 05:04:44', '2021-11-26 04:41:32'),
(6, 'Modal Usaha', '38d0a223ec418ad4e0819d95d86e0dae', '', 0, 55, '2022-01-13 06:40:51', 0, '2022-01-13 06:40:51', 0, NULL, '2022-01-13 06:40:51'),
(7, 'Bantuan RTLH', '4f3d1a77c64f1ae62dcf4302b0898152', 'bea7ef232e991bfc0ed8a9be730ca35b', 0, 55, '2022-01-28 05:50:00', 55, '2022-03-21 07:52:03', 0, NULL, '2022-01-28 05:50:00'),
(8, 'tes bantuan', '7dfa40a6c49cd4a9f2206748257a13e7', '642ff1c5dd21631785c4d89cf7e0f8ba', 1, 55, '2022-02-22 03:08:28', 55, '2022-02-22 03:09:47', 55, '2022-02-22 03:09:47', '2022-02-22 03:08:28'),
(9, 'asdasd', '98e93a5a2ae2eccbfc473dbd5f89841a', '', 1, 55, '2022-03-21 07:53:14', 0, '2022-03-21 07:53:17', 55, '2022-03-21 07:53:17', '2022-03-21 07:53:14');

-- --------------------------------------------------------

--
-- Table structure for table `core_service_general_parameter`
--

CREATE TABLE `core_service_general_parameter` (
  `service_general_parameter_id` int(10) NOT NULL,
  `service_general_parameter_no` int(10) DEFAULT 0,
  `service_general_parameter_name` varchar(250) DEFAULT '',
  `service_general_parameter_token` varchar(250) DEFAULT '',
  `service_general_parameter_token_edit` varchar(250) DEFAULT '',
  `data_state` int(1) DEFAULT 0,
  `created_id` int(10) DEFAULT 0,
  `created_at` datetime DEFAULT NULL,
  `updated_id` int(10) DEFAULT 0,
  `updated_at` datetime DEFAULT NULL,
  `deleted_id` int(10) DEFAULT 0,
  `deleted_at` datetime DEFAULT NULL,
  `last_update` timestamp NOT NULL DEFAULT current_timestamp()
) ENGINE=InnoDB DEFAULT CHARSET=utf8 COLLATE=utf8_general_ci;

--
-- Dumping data for table `core_service_general_parameter`
--

INSERT INTO `core_service_general_parameter` (`service_general_parameter_id`, `service_general_parameter_no`, `service_general_parameter_name`, `service_general_parameter_token`, `service_general_parameter_token_edit`, `data_state`, `created_id`, `created_at`, `updated_id`, `updated_at`, `deleted_id`, `deleted_at`, `last_update`) VALUES
(1, 1, 'Nomor Surat', '2541a0119703d600eae05ba8beb2c8af', '59d898527ede1e79c37d9d65f4cba2bb', 0, 55, '2022-01-22 02:44:25', 55, '2022-01-22 03:02:27', 0, NULL, '2022-01-22 02:44:25'),
(3, 2, 'Tanggal Surat', '50fa48c1cd75a18ee35c3e4fb146ed1f', '', 0, 55, '2022-01-22 03:04:12', 0, '2022-01-22 03:04:12', 0, NULL, '2022-01-22 03:04:12'),
(4, 3, 'Keperluan', '62d5b2f0b5523f119142ec60d4b24f4d', '', 0, 55, '2022-01-22 03:04:21', 0, '2022-01-22 03:04:21', 0, NULL, '2022-01-22 03:04:21'),
(5, 4, 'Perihal', 'ab1f1fe68724a8b2abd1eebcb950a12a', '', 0, 55, '2022-01-22 03:04:26', 0, '2022-01-22 03:04:26', 0, NULL, '2022-01-22 03:04:26'),
(6, 64, 'testes', '70f80d28c885100c4fc5a1b0d726fa51', '740c827e172cb32c2130bbead36f2e4a', 1, 55, '2022-02-22 03:53:55', 55, '2022-02-22 03:54:05', 55, '2022-02-22 03:54:05', '2022-02-22 03:53:55');

-- --------------------------------------------------------

--
-- Table structure for table `core_service_general_priority`
--

CREATE TABLE `core_service_general_priority` (
  `service_general_priority_id` int(10) NOT NULL,
  `service_general_priority_scale` int(10) DEFAULT 0,
  `service_general_priority_name` varchar(250) DEFAULT '',
  `service_general_priority_token` varchar(250) DEFAULT '',
  `service_general_priority_token_edit` varchar(250) DEFAULT '',
  `data_state` int(1) DEFAULT 0,
  `created_id` int(10) DEFAULT 0,
  `created_at` datetime DEFAULT NULL,
  `updated_id` int(10) DEFAULT 0,
  `updated_at` datetime DEFAULT NULL,
  `deleted_id` int(10) DEFAULT 0,
  `deleted_at` datetime DEFAULT NULL,
  `last_update` timestamp NOT NULL DEFAULT current_timestamp()
) ENGINE=InnoDB DEFAULT CHARSET=utf8 COLLATE=utf8_general_ci;

--
-- Dumping data for table `core_service_general_priority`
--

INSERT INTO `core_service_general_priority` (`service_general_priority_id`, `service_general_priority_scale`, `service_general_priority_name`, `service_general_priority_token`, `service_general_priority_token_edit`, `data_state`, `created_id`, `created_at`, `updated_id`, `updated_at`, `deleted_id`, `deleted_at`, `last_update`) VALUES
(1, 1, 'Biasa', '', '', 0, 0, NULL, 0, NULL, 0, NULL, '2022-01-22 03:07:21'),
(2, 2, 'Penting', '', '', 0, 0, NULL, 0, NULL, 0, NULL, '2022-01-22 03:07:26'),
(3, 3, 'Sangat Penting', '', '', 0, 0, NULL, 0, NULL, 0, NULL, '2022-01-22 03:07:30');

-- --------------------------------------------------------

--
-- Table structure for table `core_service_parameter`
--

CREATE TABLE `core_service_parameter` (
  `service_parameter_id` int(10) NOT NULL,
  `service_id` int(10) DEFAULT 0,
  `service_parameter_no` int(10) DEFAULT 0,
  `service_parameter_description` varchar(250) DEFAULT '',
  `service_parameter_token` varchar(250) DEFAULT '',
  `service_parameter_token_edit` varchar(250) DEFAULT '',
  `data_state` int(1) DEFAULT 0,
  `created_id` int(10) DEFAULT 0,
  `created_at` datetime DEFAULT NULL,
  `updated_id` int(10) DEFAULT 0,
  `updated_at` datetime DEFAULT NULL,
  `deleted_id` int(10) DEFAULT 0,
  `deleted_on` datetime DEFAULT NULL,
  `last_update` timestamp NOT NULL DEFAULT current_timestamp()
) ENGINE=InnoDB DEFAULT CHARSET=utf8 COLLATE=utf8_general_ci;

--
-- Dumping data for table `core_service_parameter`
--

INSERT INTO `core_service_parameter` (`service_parameter_id`, `service_id`, `service_parameter_no`, `service_parameter_description`, `service_parameter_token`, `service_parameter_token_edit`, `data_state`, `created_id`, `created_at`, `updated_id`, `updated_at`, `deleted_id`, `deleted_on`, `last_update`) VALUES
(3, 1, 1, 'Nama Responden', 'dbdc2d3539c4445336b8766677c9ba8e20211207070600', '', 0, 0, '2021-12-07 14:12:36', 0, '2021-12-07 14:12:36', 0, NULL, '2021-12-07 07:12:36'),
(4, 1, 2, 'Jabatan Responden', 'dbdc2d3539c4445336b8766677c9ba8e20211207070613', '', 0, 0, '2021-12-07 14:12:36', 0, '2021-12-07 14:12:36', 0, NULL, '2021-12-07 07:12:36'),
(5, 1, 3, 'Nama Masjid/Ponpes/TPQ/Madin', 'dbdc2d3539c4445336b8766677c9ba8e20211207070632', '', 0, 0, '2021-12-07 14:12:36', 0, '2021-12-07 14:12:36', 0, NULL, '2021-12-07 07:12:36'),
(6, 1, 4, 'Alamat Masjid/Ponpes/TPQ/Madin', 'dbdc2d3539c4445336b8766677c9ba8e20211207070648', '', 0, 0, '2021-12-07 14:12:36', 0, '2021-12-07 14:12:36', 0, NULL, '2021-12-07 07:12:36'),
(7, 1, 5, 'Nomor Telepon / Contact Person', 'dbdc2d3539c4445336b8766677c9ba8e20211207070710', '', 0, 0, '2021-12-07 14:12:36', 0, '2021-12-07 14:12:36', 0, NULL, '2021-12-07 07:12:36'),
(8, 1, 6, 'Apakah dalam proses pembangunan', 'dbdc2d3539c4445336b8766677c9ba8e20211207070738', '', 0, 0, '2021-12-07 14:12:36', 0, '2021-12-07 14:12:36', 0, NULL, '2021-12-07 07:12:36'),
(9, 1, 7, 'Bagian yang dibangun/direnovasi', 'dbdc2d3539c4445336b8766677c9ba8e20211207070752', '', 0, 0, '2021-12-07 14:12:36', 0, '2021-12-07 14:12:36', 0, NULL, '2021-12-07 07:12:36'),
(10, 1, 8, 'Biaya yang dibutuhkan', 'dbdc2d3539c4445336b8766677c9ba8e20211207070803', '', 0, 0, '2021-12-07 14:12:36', 0, '2021-12-07 14:12:36', 0, NULL, '2021-12-07 07:12:36'),
(11, 1, 9, 'Sumber Dana', 'dbdc2d3539c4445336b8766677c9ba8e20211207070823', '', 0, 0, '2021-12-07 14:12:36', 0, '2021-12-07 14:12:36', 0, NULL, '2021-12-07 07:12:36'),
(12, 1, 10, 'Apa sudah pernah mendapat bantuan ?', 'dbdc2d3539c4445336b8766677c9ba8e20211207070845', '', 0, 0, '2021-12-07 14:12:36', 0, '2021-12-07 14:12:36', 0, NULL, '2021-12-07 07:12:36'),
(13, 1, 11, 'Kalau sudah, darimana?', 'dbdc2d3539c4445336b8766677c9ba8e20211207070855', '', 0, 0, '2021-12-07 14:12:36', 0, '2021-12-07 14:12:36', 0, NULL, '2021-12-07 07:12:36'),
(14, 1, 12, 'Berapa nominalnya? Kapan?', 'dbdc2d3539c4445336b8766677c9ba8e20211207070907', '', 0, 0, '2021-12-07 14:12:36', 0, '2021-12-07 14:12:36', 0, NULL, '2021-12-07 07:12:36'),
(15, 1, 13, 'Apakah ada kendala dana?', 'dbdc2d3539c4445336b8766677c9ba8e20211207070917', '', 0, 0, '2021-12-07 14:12:36', 0, '2021-12-07 14:12:36', 0, NULL, '2021-12-07 07:12:36'),
(16, 1, 14, 'Jika ada, berapa nominalnya?', 'dbdc2d3539c4445336b8766677c9ba8e20211207070930', '', 0, 0, '2021-12-07 14:12:36', 0, '2021-12-07 14:12:36', 0, NULL, '2021-12-07 07:12:36'),
(17, 1, 15, 'Sejak kapan proses pembangunan?', 'dbdc2d3539c4445336b8766677c9ba8e20211207070949', '', 0, 0, '2021-12-07 14:12:36', 0, '2021-12-07 14:12:36', 0, NULL, '2021-12-07 07:12:36'),
(18, 1, 16, 'Pembangunan berjalan berapa persen?', 'dbdc2d3539c4445336b8766677c9ba8e20211207071012', '', 0, 0, '2021-12-07 14:12:36', 0, '2021-12-07 14:12:36', 0, NULL, '2021-12-07 07:12:36'),
(19, 1, 17, 'Masjid/Ponpes/TPQ/Madin milik siapa?', 'dbdc2d3539c4445336b8766677c9ba8e20211207071042', '', 0, 0, '2021-12-07 14:12:37', 0, '2021-12-07 14:12:37', 0, NULL, '2021-12-07 07:12:37'),
(20, 1, 18, 'Tanah yang digunakan milik siapa?', 'dbdc2d3539c4445336b8766677c9ba8e20211207071055', '', 0, 0, '2021-12-07 14:12:37', 0, '2021-12-07 14:12:37', 0, NULL, '2021-12-07 07:12:37'),
(21, 1, 19, 'Apakah ada sertifikat Wakafnya?', 'dbdc2d3539c4445336b8766677c9ba8e20211207071120', '', 0, 0, '2021-12-07 14:12:37', 0, '2021-12-07 14:12:37', 0, NULL, '2021-12-07 07:12:37'),
(22, 1, 20, 'Jumlah jama\'ah / santri / murid', 'dbdc2d3539c4445336b8766677c9ba8e20211207071159', '', 0, 0, '2021-12-07 14:12:37', 0, '2021-12-07 14:12:37', 0, NULL, '2021-12-07 07:12:37'),
(23, 1, 21, 'Kegiatan yang dilaksanakan', 'dbdc2d3539c4445336b8766677c9ba8e20211207071211', '', 0, 0, '2021-12-07 14:12:37', 0, '2021-12-07 14:12:37', 0, NULL, '2021-12-07 07:12:37'),
(24, 1, 22, 'SK Pengurus (Dilampirkan)', 'dbdc2d3539c4445336b8766677c9ba8e20211207071234', '', 0, 0, '2021-12-07 14:12:37', 0, '2021-12-07 14:12:37', 0, NULL, '2021-12-07 07:12:37'),
(25, 6, 1, 'Alamat', '38d0a223ec418ad4e0819d95d86e0dae20220113064043', '', 0, 0, '2022-01-13 13:40:51', 0, '2022-01-13 13:40:51', 0, NULL, '2022-01-13 06:40:51'),
(26, 7, 1, 'Nama Calon Mustahik', '4f3d1a77c64f1ae62dcf4302b089815220220128053844', '', 0, 0, '2022-01-28 12:50:00', 0, '2022-01-28 12:50:00', 0, NULL, '2022-01-28 05:50:00'),
(27, 7, 2, 'NIK', '4f3d1a77c64f1ae62dcf4302b089815220220128053855', '', 0, 0, '2022-01-28 12:50:00', 0, '2022-01-28 12:50:00', 0, NULL, '2022-01-28 05:50:00'),
(28, 7, 3, 'Alamat', '4f3d1a77c64f1ae62dcf4302b089815220220128053910', '', 0, 0, '2022-01-28 12:50:00', 0, '2022-01-28 12:50:00', 0, NULL, '2022-01-28 05:50:00'),
(29, 7, 3, 'Umur', '4f3d1a77c64f1ae62dcf4302b089815220220128053926', '', 0, 0, '2022-01-28 12:50:00', 0, '2022-01-28 12:50:00', 0, NULL, '2022-01-28 05:50:00'),
(30, 7, 4, 'Nomor Telepon', '4f3d1a77c64f1ae62dcf4302b089815220220128053942', '', 0, 0, '2022-01-28 12:50:00', 0, '2022-01-28 12:50:00', 0, NULL, '2022-01-28 05:50:00'),
(31, 7, 5, 'Pekerjaan', '4f3d1a77c64f1ae62dcf4302b089815220220128054001', '', 0, 0, '2022-01-28 12:50:00', 0, '2022-01-28 12:50:00', 0, NULL, '2022-01-28 05:50:00'),
(32, 7, 7, 'Penghasilan', '4f3d1a77c64f1ae62dcf4302b089815220220128054027', '', 0, 0, '2022-01-28 12:50:00', 0, '2022-01-28 12:50:00', 0, NULL, '2022-01-28 05:50:00'),
(33, 7, 7, 'SKTM/Saraswati', '4f3d1a77c64f1ae62dcf4302b089815220220128054218', '', 0, 0, '2022-01-28 12:50:00', 0, '2022-01-28 12:50:00', 0, NULL, '2022-01-28 05:50:00'),
(34, 7, 9, 'Status Pernikahan', '4f3d1a77c64f1ae62dcf4302b089815220220128054448', '', 0, 0, '2022-01-28 12:50:00', 0, '2022-01-28 12:50:00', 0, NULL, '2022-01-28 05:50:00'),
(35, 7, 10, 'Jumlah Tanggungan Keluarga', '4f3d1a77c64f1ae62dcf4302b089815220220128054508', '', 0, 0, '2022-01-28 12:50:00', 0, '2022-01-28 12:50:00', 0, NULL, '2022-01-28 05:50:00'),
(36, 7, 11, 'Intensitas Sholat Lima Waktu', '4f3d1a77c64f1ae62dcf4302b089815220220128054532', '', 0, 0, '2022-01-28 12:50:00', 0, '2022-01-28 12:50:00', 0, NULL, '2022-01-28 05:50:00'),
(37, 7, 1, 'Status Rumah', '4f3d1a77c64f1ae62dcf4302b089815220220128054617', '', 0, 0, '2022-01-28 12:50:00', 0, '2022-01-28 12:50:00', 0, NULL, '2022-01-28 05:50:00'),
(38, 7, 2, 'Luas Tanah', '4f3d1a77c64f1ae62dcf4302b089815220220128054630', '', 0, 0, '2022-01-28 12:50:00', 0, '2022-01-28 12:50:00', 0, NULL, '2022-01-28 05:50:00'),
(39, 7, 3, 'Kondisi bangunan', '4f3d1a77c64f1ae62dcf4302b089815220220128054643', '', 0, 0, '2022-01-28 12:50:00', 0, '2022-01-28 12:50:00', 0, NULL, '2022-01-28 05:50:00'),
(40, 7, 4, 'Kondisi Lantai', '4f3d1a77c64f1ae62dcf4302b089815220220128054703', '', 0, 0, '2022-01-28 12:50:00', 0, '2022-01-28 12:50:00', 0, NULL, '2022-01-28 05:50:00'),
(41, 7, 5, 'Jenis Dinding', '4f3d1a77c64f1ae62dcf4302b089815220220128054715', '', 0, 0, '2022-01-28 12:50:00', 0, '2022-01-28 12:50:00', 0, NULL, '2022-01-28 05:50:00'),
(42, 7, 6, 'Jenis Atap', '4f3d1a77c64f1ae62dcf4302b089815220220128054728', '', 0, 0, '2022-01-28 12:50:00', 0, '2022-01-28 12:50:00', 0, NULL, '2022-01-28 05:50:00'),
(43, 7, 7, 'Bagian yang akan direhab', '4f3d1a77c64f1ae62dcf4302b089815220220128054759', '', 0, 0, '2022-01-28 12:50:00', 0, '2022-01-28 12:50:00', 0, NULL, '2022-01-28 05:50:00'),
(44, 7, 8, 'Perkiraan Waktu Rehab', '4f3d1a77c64f1ae62dcf4302b089815220220128054821', '', 0, 0, '2022-01-28 12:50:00', 0, '2022-01-28 12:50:00', 0, NULL, '2022-01-28 05:50:00'),
(45, 7, 9, 'Penanggungjawab', '4f3d1a77c64f1ae62dcf4302b089815220220128054836', '', 0, 0, '2022-01-28 12:50:00', 0, '2022-01-28 12:50:00', 0, NULL, '2022-01-28 05:50:00'),
(46, 7, 10, 'Kondisi MCK', '4f3d1a77c64f1ae62dcf4302b089815220220128054953', '', 0, 0, '2022-01-28 12:50:00', 0, '2022-01-28 12:50:00', 0, NULL, '2022-01-28 05:50:00'),
(47, 1, 23, 'Mayoritas Penduduk Sekitar Masjid adalah KK Miskin', '92e03bce28d2d178a744adbf4a61960420220128055948', '', 0, 0, '2022-01-28 12:59:58', 0, '2022-01-28 12:59:58', 0, NULL, '2022-01-28 05:59:58'),
(48, 8, 1, 'alamat', '7dfa40a6c49cd4a9f2206748257a13e720220222025942', '', 0, 0, '2022-02-22 10:08:28', 0, '2022-02-22 10:08:28', 0, NULL, '2022-02-22 03:08:28'),
(49, 8, 2, 'tujuan', '7dfa40a6c49cd4a9f2206748257a13e720220222025951', '', 0, 0, '2022-02-22 10:08:28', 0, '2022-02-22 10:08:28', 0, NULL, '2022-02-22 03:08:28'),
(50, 8, 3, 'nominal', '7dfa40a6c49cd4a9f2206748257a13e720220222025958', '', 2, 0, '2022-02-22 10:08:28', 55, '2022-02-22 10:09:33', 0, NULL, '2022-02-22 03:08:28'),
(51, 8, 3, 'besaran', '642ff1c5dd21631785c4d89cf7e0f8ba20220222030930', '', 0, 0, '2022-02-22 10:09:33', 0, '2022-02-22 10:09:33', 0, NULL, '2022-02-22 03:09:33'),
(52, 9, 2, 'qwe', '98e93a5a2ae2eccbfc473dbd5f89841a20220321075311', '', 0, 0, '2022-03-21 14:53:14', 0, '2022-03-21 14:53:14', 0, NULL, '2022-03-21 07:53:14');

-- --------------------------------------------------------

--
-- Table structure for table `core_service_status`
--

CREATE TABLE `core_service_status` (
  `service_status_id` int(10) NOT NULL,
  `service_status_name` varchar(250) DEFAULT NULL,
  `service_status_text` text DEFAULT NULL,
  `service_status_status` int(1) DEFAULT 1,
  `service_status_token` varchar(250) DEFAULT '',
  `data_state` int(1) DEFAULT 0,
  `created_id` int(10) DEFAULT 0,
  `created_at` datetime DEFAULT NULL,
  `updated_id` int(10) DEFAULT 0,
  `updated_at` datetime DEFAULT NULL,
  `deleted_id` int(10) DEFAULT 0,
  `deleted_at` datetime DEFAULT NULL,
  `last_update` timestamp NOT NULL DEFAULT current_timestamp()
) ENGINE=InnoDB DEFAULT CHARSET=utf8 COLLATE=utf8_general_ci;

--
-- Dumping data for table `core_service_status`
--

INSERT INTO `core_service_status` (`service_status_id`, `service_status_name`, `service_status_text`, `service_status_status`, `service_status_token`, `data_state`, `created_id`, `created_at`, `updated_id`, `updated_at`, `deleted_id`, `deleted_at`, `last_update`) VALUES
(1, 'Pengajuan', 'Pengajuan Masuk', 0, '', 0, 0, NULL, 55, '2022-01-07 07:03:08', 0, NULL, '2022-01-05 07:50:51'),
(2, 'Disposisi', 'Sudah di Disposisi', 0, '', 0, 0, NULL, 55, '2022-01-05 07:56:49', 0, NULL, '2022-01-05 07:50:57'),
(3, 'Persetujuan Disposisi', 'Sudah di Proses Bagian Disposisi', 0, '', 0, 0, NULL, 55, '2022-01-05 07:59:39', 0, NULL, '2022-01-05 07:51:03'),
(4, 'Sudah di Review', 'Sudah Disetujui', 0, '', 0, 0, NULL, 55, '2022-01-05 07:59:23', 0, NULL, '2022-01-05 07:51:06'),
(5, 'Butuh Dokumen Tambahan', 'Butuh Dokumen Tambahan', 0, '', 0, 0, NULL, 55, '2022-01-05 08:25:31', 0, NULL, '2022-01-05 08:20:15'),
(6, 'Pembatalan Persetujuan Disposisi', 'Diproses Ulang Oleh Bagian Disposisi', 0, '', 0, 0, NULL, 55, '2022-01-05 08:26:55', 0, NULL, '2022-01-05 08:20:33'),
(7, 'Pembatalan Review', 'Pembatalan Persetujuan', 0, '', 0, 0, NULL, 55, '2022-01-05 08:26:16', 0, NULL, '2022-01-05 08:20:48'),
(8, 'Upload Dokumen Tambahan', 'Upload Dokumen Tambahan', 0, '', 0, 0, NULL, 0, NULL, 0, NULL, '2022-01-12 09:27:03'),
(9, 'Ditolak oleh Reviewer', 'Ditolak oleh Reviewer', 0, '', 0, 0, NULL, 0, NULL, 0, NULL, '2022-02-28 12:10:00'),
(10, 'Ditolak oleh Bagian Disposisi', 'Ditolak oleh Bagian Disposisi', 0, '', 0, 0, NULL, 0, NULL, 0, NULL, '2022-02-28 12:10:00'),
(11, 'Dana Bantuan Telah Tersedia', 'Dana Bantuan Telah Tersedia', 0, '', 0, 0, NULL, 0, NULL, 0, NULL, '2022-03-18 09:35:00'),
(12, 'Dana Bantuan Telah Diberikan', 'Dana Bantuan Telah Diberikan', 0, '', 0, 0, NULL, 0, NULL, 0, NULL, '2022-03-18 09:35:01');

-- --------------------------------------------------------

--
-- Table structure for table `core_service_term`
--

CREATE TABLE `core_service_term` (
  `service_term_id` int(10) NOT NULL,
  `service_id` int(10) DEFAULT 0,
  `service_term_no` int(10) DEFAULT 0,
  `service_term_description` varchar(250) DEFAULT '',
  `service_term_token` varchar(250) DEFAULT '',
  `service_term_token_edit` varchar(250) DEFAULT '',
  `data_state` int(1) DEFAULT 0,
  `created_id` int(10) DEFAULT 0,
  `created_at` datetime DEFAULT NULL,
  `updated_id` int(10) DEFAULT 0,
  `updated_at` datetime DEFAULT NULL,
  `deleted_id` int(10) DEFAULT 0,
  `deleted_at` datetime DEFAULT NULL,
  `last_update` timestamp NOT NULL DEFAULT current_timestamp()
) ENGINE=InnoDB DEFAULT CHARSET=utf8 COLLATE=utf8_general_ci;

--
-- Dumping data for table `core_service_term`
--

INSERT INTO `core_service_term` (`service_term_id`, `service_id`, `service_term_no`, `service_term_description`, `service_term_token`, `service_term_token_edit`, `data_state`, `created_id`, `created_at`, `updated_id`, `updated_at`, `deleted_id`, `deleted_at`, `last_update`) VALUES
(1, 1, 1, 'Surat permohonan bantuan yang di tujukan kepada Ketua Baznas Kab. Sragen yang di ketahui Kantor Kelurahan / Kepala Desa', '724bec3f910ea4b61cc0e268a693a97620211126041349', '', 0, 0, '2021-11-26 11:15:10', 0, '2021-11-26 11:15:10', 0, NULL, '2021-11-26 04:15:10'),
(2, 1, 2, 'Susunan pengurus Takmir Masjid / Mushola Umum dan panitia pembangunan masjid', '724bec3f910ea4b61cc0e268a693a97620211126041414', '', 0, 0, '2021-11-26 11:15:10', 0, '2021-11-26 11:15:10', 0, NULL, '2021-11-26 04:15:10'),
(3, 1, 3, 'RAB pembangunan secara lengkap dan rinci', '724bec3f910ea4b61cc0e268a693a97620211126041430', '', 0, 0, '2021-11-26 11:15:10', 0, '2021-11-26 11:15:10', 0, NULL, '2021-11-26 04:15:10'),
(4, 1, 4, 'FC sertifikat wakaf masjid / bukti proses wakaf masjid', '724bec3f910ea4b61cc0e268a693a97620211126041453', '', 0, 0, '2021-11-26 11:15:10', 0, '2021-11-26 11:15:10', 0, NULL, '2021-11-26 04:15:10'),
(5, 1, 5, 'Foto masjid', '724bec3f910ea4b61cc0e268a693a97620211126041503', '', 0, 0, '2021-11-26 11:15:10', 0, '2021-11-26 11:15:10', 0, NULL, '2021-11-26 04:15:10'),
(6, 2, 1, 'Beragama Islam', 'c252d64a7b24c46ce3e24005d9d8b4de20211126041711', '', 0, 0, '2021-11-26 11:19:08', 0, '2021-11-26 11:19:08', 0, NULL, '2021-11-26 04:19:08'),
(7, 2, 2, 'Warga ber KTP Sragen', 'c252d64a7b24c46ce3e24005d9d8b4de20211126041726', '', 0, 0, '2021-11-26 11:19:09', 0, '2021-11-26 11:19:09', 0, NULL, '2021-11-26 04:19:09'),
(8, 2, 3, 'Surat permohonan bantuan yang di tujukan kepada Ketua BAZNAS Kab. Sragen diketahui Kepala Desa / Kepala Kantor Kelurahan', 'c252d64a7b24c46ce3e24005d9d8b4de20211126041758', '', 0, 0, '2021-11-26 11:19:09', 0, '2021-11-26 11:19:09', 0, NULL, '2021-11-26 04:19:09'),
(9, 2, 4, 'FC kartu Saraswati / Asli SKTM ( Surat Keterangan Tidak Mampu ) dari Kantor Kelurahan / Desa', 'c252d64a7b24c46ce3e24005d9d8b4de20211126041833', '', 0, 0, '2021-11-26 11:19:09', 0, '2021-11-26 11:19:09', 0, NULL, '2021-11-26 04:19:09'),
(10, 2, 5, 'FC KTP', 'c252d64a7b24c46ce3e24005d9d8b4de20211126041841', '', 0, 0, '2021-11-26 11:19:09', 0, '2021-11-26 11:19:09', 0, NULL, '2021-11-26 04:19:09'),
(11, 2, 6, 'FC Kartu Keluarga', 'c252d64a7b24c46ce3e24005d9d8b4de20211126041852', '', 0, 0, '2021-11-26 11:19:09', 0, '2021-11-26 11:19:09', 0, NULL, '2021-11-26 04:19:09'),
(12, 2, 7, 'Hasil Rekam Medis', 'c252d64a7b24c46ce3e24005d9d8b4de20211126041906', '', 0, 0, '2021-11-26 11:19:09', 0, '2021-11-26 11:19:09', 0, NULL, '2021-11-26 04:19:09'),
(13, 3, 1, 'Beragama Islam', '8686370ef7bf42aa1b2ac46416e3eea020211126042258', '', 0, 0, '2021-11-26 11:41:32', 0, '2021-11-26 11:41:32', 0, NULL, '2021-11-26 04:41:32'),
(14, 3, 2, 'Warga Ber KTP Sragen', '8686370ef7bf42aa1b2ac46416e3eea020211126042308', '', 0, 0, '2021-11-26 11:41:32', 0, '2021-11-26 11:41:32', 0, NULL, '2021-11-26 04:41:32'),
(15, 3, 3, 'Usaha tidak melanggar syariat agama dan hukum perundang - undangan Indonesia', '8686370ef7bf42aa1b2ac46416e3eea020211126042339', '', 0, 0, '2021-11-26 11:41:32', 0, '2021-11-26 11:41:32', 0, NULL, '2021-11-26 04:41:32'),
(16, 3, 4, 'Surat permohonan bantuan yang di tujukan kepada Ketua BAZNAS Kab. Sragen di ketahui Kepala Desa / Kepala Kantor Kelurahan', '8686370ef7bf42aa1b2ac46416e3eea020211126042414', '', 0, 0, '2021-11-26 11:41:32', 0, '2021-11-26 11:41:32', 0, NULL, '2021-11-26 04:41:32'),
(17, 3, 5, 'FC kartu Saraswati / Asli SKTM ( Surat Keterangan Tidak Mampu ) dari Kantor Kelurahan / Desa', '8686370ef7bf42aa1b2ac46416e3eea020211126042444', '', 0, 0, '2021-11-26 11:41:32', 0, '2021-11-26 11:41:32', 0, NULL, '2021-11-26 04:41:32'),
(18, 3, 6, 'FC KTP', '8686370ef7bf42aa1b2ac46416e3eea020211126042454', '', 0, 0, '2021-11-26 11:41:32', 0, '2021-11-26 11:41:32', 0, NULL, '2021-11-26 04:41:32'),
(19, 3, 7, 'FC Kartu Keluarga', '8686370ef7bf42aa1b2ac46416e3eea020211126042505', '', 0, 0, '2021-11-26 11:41:32', 0, '2021-11-26 11:41:32', 0, NULL, '2021-11-26 04:41:32'),
(20, 3, 8, 'RAB Pengajuan modal usaha ( lengkap dan terperinci )', '8686370ef7bf42aa1b2ac46416e3eea020211126042521', '', 0, 0, '2021-11-26 11:41:32', 0, '2021-11-26 11:41:32', 0, NULL, '2021-11-26 04:41:32'),
(21, 3, 9, 'Foto usaha', '8686370ef7bf42aa1b2ac46416e3eea020211126042528', '', 0, 0, '2021-11-26 11:41:32', 0, '2021-11-26 11:41:32', 0, NULL, '2021-11-26 04:41:32'),
(25, 6, 1, 'FC KTP', '38d0a223ec418ad4e0819d95d86e0dae20220113064021', '', 0, 0, '2022-01-13 13:40:51', 0, '2022-01-13 13:40:51', 0, NULL, '2022-01-13 06:40:51'),
(26, 6, 2, 'FC KK', '38d0a223ec418ad4e0819d95d86e0dae20220113064030', '', 0, 0, '2022-01-13 13:40:51', 0, '2022-01-13 13:40:51', 0, NULL, '2022-01-13 06:40:51'),
(27, 7, 1, 'Surat Permohonan Bantuan Yang ditujukan Kepada Ketua BAZNAS Sragen Diketahui Kepala desa/Lurah', '4f3d1a77c64f1ae62dcf4302b089815220220128051312', '', 0, 0, '2022-01-28 12:50:00', 0, '2022-01-28 12:50:00', 0, NULL, '2022-01-28 05:50:00'),
(28, 7, 2, 'FC Kartu Saraswati/ Asli SKTM dari kantor desa/Kelurahan', '4f3d1a77c64f1ae62dcf4302b089815220220128051430', '', 0, 0, '2022-01-28 12:50:00', 0, '2022-01-28 12:50:00', 0, NULL, '2022-01-28 05:50:00'),
(29, 7, 3, 'Foto Kopi KTP', '4f3d1a77c64f1ae62dcf4302b089815220220128052033', '', 0, 0, '2022-01-28 12:50:00', 0, '2022-01-28 12:50:00', 0, NULL, '2022-01-28 05:50:00'),
(30, 7, 4, 'fc  KK', '4f3d1a77c64f1ae62dcf4302b089815220220128052052', '', 0, 0, '2022-01-28 12:50:00', 0, '2022-01-28 12:50:00', 0, NULL, '2022-01-28 05:50:00'),
(31, 7, 6, 'RAB RTLH dan Jamban sehat (Lengkap dan terperinci)', '4f3d1a77c64f1ae62dcf4302b089815220220128052124', '', 0, 0, '2022-01-28 12:50:00', 0, '2022-01-28 12:50:00', 0, NULL, '2022-01-28 05:50:00'),
(32, 7, 7, 'Foto Rumah', '4f3d1a77c64f1ae62dcf4302b089815220220128052507', '', 0, 0, '2022-01-28 12:50:00', 0, '2022-01-28 12:50:00', 0, NULL, '2022-01-28 05:50:00'),
(33, 7, 1, 'Surat Perjanjian menempati lahan', '4f3d1a77c64f1ae62dcf4302b089815220220128052629', '', 0, 0, '2022-01-28 12:50:00', 0, '2022-01-28 12:50:00', 0, NULL, '2022-01-28 05:50:00'),
(34, 7, 2, 'Foto Kopi KTP Pemilik Lahan', '4f3d1a77c64f1ae62dcf4302b089815220220128052703', '', 0, 0, '2022-01-28 12:50:00', 0, '2022-01-28 12:50:00', 0, NULL, '2022-01-28 05:50:00'),
(35, 7, 3, 'Foto Kopi Sertifikat Pemilik Lahan', '4f3d1a77c64f1ae62dcf4302b089815220220128052736', '', 0, 0, '2022-01-28 12:50:00', 0, '2022-01-28 12:50:00', 0, NULL, '2022-01-28 05:50:00'),
(36, 1, 6, 'Surat Keterangan dari Desa bahwa Mayoritas Penduduk Sekitar Masjid Merupakan KK Miskin', '92e03bce28d2d178a744adbf4a61960420220128055900', '', 0, 0, '2022-01-28 12:59:58', 0, '2022-01-28 12:59:58', 0, NULL, '2022-01-28 05:59:58'),
(37, 8, 1, 'foto ktp', '7dfa40a6c49cd4a9f2206748257a13e720220222025221', '', 0, 0, '2022-02-22 10:08:28', 0, '2022-02-22 10:08:28', 0, NULL, '2022-02-22 03:08:28'),
(38, 8, 2, 'foto kk', '7dfa40a6c49cd4a9f2206748257a13e720220222025228', '', 2, 0, '2022-02-22 10:08:28', 55, '2022-02-22 10:09:33', 0, NULL, '2022-02-22 03:08:28'),
(39, 8, 2, 'foto muka', '642ff1c5dd21631785c4d89cf7e0f8ba20220222030921', '', 0, 0, '2022-02-22 10:09:33', 0, '2022-02-22 10:09:33', 0, NULL, '2022-02-22 03:09:33'),
(40, 9, 1, 'qwe', '98e93a5a2ae2eccbfc473dbd5f89841a20220321075308', '', 0, 0, '2022-03-21 14:53:14', 0, '2022-03-21 14:53:14', 0, NULL, '2022-03-21 07:53:14');

-- --------------------------------------------------------

--
-- Table structure for table `core_supplier`
--

CREATE TABLE `core_supplier` (
  `supplier_id` int(10) NOT NULL,
  `company_id` int(10) DEFAULT NULL,
  `supplier_name` varchar(250) DEFAULT NULL,
  `supplier_phone` varchar(250) DEFAULT NULL,
  `supplier_address` varchar(250) DEFAULT NULL,
  `data_state` int(1) DEFAULT 0,
  `created_id` int(10) DEFAULT NULL,
  `updated_id` int(10) DEFAULT NULL,
  `created_at` datetime DEFAULT current_timestamp(),
  `updated_at` datetime DEFAULT current_timestamp()
) ENGINE=InnoDB DEFAULT CHARSET=utf8mb4 COLLATE=utf8mb4_general_ci;

--
-- Dumping data for table `core_supplier`
--

INSERT INTO `core_supplier` (`supplier_id`, `company_id`, `supplier_name`, `supplier_phone`, `supplier_address`, `data_state`, `created_id`, `updated_id`, `created_at`, `updated_at`) VALUES
(1, 1, '3BSM', '8562824737', 'BALONG, PASAR GEDE, SOLO', 0, 55, 55, '2023-01-17 10:20:23', '2023-01-17 10:20:23'),
(2, 1, 'API SOLO', '(0271)7791764', 'JL. INDRONOT NO.14, NGABEYAN,KARTASURA, SUKOHARJO', 0, 55, 55, '2023-01-17 10:20:23', '2023-01-17 10:20:23'),
(3, 1, 'ASSALAM HYPERMARKET', '89503932708', '', 0, 55, 55, '2023-01-17 10:20:23', '2023-01-17 10:20:23'),
(4, 1, 'BARMBANG BANG GONAR', '', '', 0, 55, 55, '2023-01-17 10:20:23', '2023-01-17 10:20:23'),
(5, 1, 'BERAS JUWANDI', '85700144406', 'NGAWOK, BAKI, SUKOHARJO', 0, 55, 55, '2023-01-17 10:20:23', '2023-01-17 10:20:23'),
(6, 1, 'BINTANG JAYA PRADANA', '', '', 0, 55, 55, '2023-01-17 10:20:23', '2023-01-17 10:20:23'),
(7, 1, 'BOLO DW AQUA(BADRAN)', '81226879563', 'JL MAWARNO.27 RT05 RW09, BADRAN, PURWOSARI, SURAKARTA', 0, 55, 55, '2023-01-17 10:20:23', '2023-01-17 10:20:23'),
(8, 1, 'BU YUNI ONDE ONDE', '89898996552', '', 0, 55, 55, '2023-01-17 10:20:23', '2023-01-17 10:20:23'),
(9, 1, 'CIK RATNA JAJAN PASAR', '', '', 0, 55, 55, '2023-01-17 10:20:23', '2023-01-17 10:20:23'),
(10, 1, 'CV KARYA MANDIRI', '85879255956', 'SEKIP, KADIPIRO', 0, 55, 55, '2023-01-17 10:20:23', '2023-01-17 10:20:23'),
(11, 1, 'CV MITRA MULIA', '83866419482', 'WIROGUNAN, NGABEYAN, KARTASURA, SUKOHARJO', 0, 55, 55, '2023-01-17 10:20:23', '2023-01-17 10:20:23'),
(12, 1, 'CV MUTIARA', '(0274)618653', 'JL. SORANGAN 100 D BANTUL YOGYA 55182, INDONESIA', 0, 55, 55, '2023-01-17 10:20:23', '2023-01-17 10:20:23'),
(13, 1, 'CV. BENGAWAN', '', '', 0, 55, 55, '2023-01-17 10:20:23', '2023-01-17 10:20:23'),
(14, 1, 'CV. BERKAT SEMANGAT MANDIRI', '81288237717', '', 0, 55, 55, '2023-01-17 10:20:23', '2023-01-17 10:20:23'),
(15, 1, 'CV. CAKRA NUSANTARA', '(0271)5722469', 'JL. RAYA SOLO-BAKI KM.8, GEDANGAN, SUKOHARJO', 0, 55, 55, '2023-01-17 10:20:23', '2023-01-17 10:20:23'),
(16, 1, 'CV. KAPAS ASIA PRIMA', '', 'SEMERU UTARA 4 BIBIS WETAN SOLO', 0, 55, 55, '2023-01-17 10:20:23', '2023-01-17 10:20:23'),
(17, 1, 'CV. MITRA NIAGA MANDIRI', '85647542555', 'TEGALMUYO RT004 RW 003 GAJAHAN, COLOMADU, KARANGANYAR', 0, 55, 55, '2023-01-17 10:20:23', '2023-01-17 10:20:23'),
(18, 1, 'CV. TRIO SUKSES MANDIRI', '(0271)7685353', 'DK INDRONATAN NGEBEYAN', 0, 55, 55, '2023-01-17 10:20:23', '2023-01-17 10:20:23'),
(19, 1, 'D KRISPY', '8156724761', 'GUMPANG, MAKAM HAJI, KARTASURA, SUKOHARJO', 0, 55, 55, '2023-01-17 10:20:23', '2023-01-17 10:20:23'),
(20, 1, 'INSTALASI FARMASI RSKI', '', '', 0, 55, 55, '2023-01-17 10:20:23', '2023-01-17 10:20:23'),
(21, 1, 'JAMU( BU WITIK/KONSY)', '', 'BOYOLALI', 0, 55, 55, '2023-01-17 10:20:23', '2023-01-17 10:20:23'),
(22, 1, 'JAVA SNACK', '85867273103', 'BADRANBARU, PAPAHAN, KARANGANYAR', 0, 55, 55, '2023-01-17 10:20:23', '2023-01-17 10:20:23'),
(23, 1, 'JOKO NISSIN', '81548786701', 'SOLO', 0, 55, 55, '2023-01-17 10:20:23', '2023-01-17 10:20:23'),
(24, 1, 'KACANG SANGAN SEDULUR', '81326844088', 'JL. DR SUTOMO,GAYAM,SUKOHARJO', 0, 55, 55, '2023-01-17 10:20:23', '2023-01-17 10:20:23'),
(25, 1, 'KANTOR POS(TUNAI)', '', 'SOLO PURWOSARI', 0, 55, 55, '2023-01-17 10:20:23', '2023-01-17 10:20:23'),
(26, 1, 'KINDO', '(0271)7464591', 'SOLO', 0, 55, 55, '2023-01-17 10:20:23', '2023-01-17 10:20:23'),
(27, 1, 'KOPKAR CELL', '85105057999', 'SOLO', 0, 55, 55, '2023-01-17 10:20:23', '2023-01-17 10:20:23'),
(28, 1, 'LILIK BURGER', '(0271)710618', ' LAWEYAN', 0, 55, 55, '2023-01-17 10:20:23', '2023-01-17 10:20:23'),
(29, 1, 'LOTTEMART', '', '', 0, 55, 55, '2023-01-17 10:20:23', '2023-01-17 10:20:23'),
(30, 1, 'MADU NUSANTARA', '(0271)651874', 'JL.  SULTAN SYAHRIL NO. 18, SOLO', 0, 55, 55, '2023-01-17 10:20:23', '2023-01-17 10:20:23'),
(31, 1, 'MAPAN MANDIRI', '87835014664', 'KARANGASEM RT.1/2 LAWEYAN, SOLO', 0, 55, 55, '2023-01-17 10:20:23', '2023-01-17 10:20:23'),
(32, 1, 'MB TIAS MARTABAK', '', '', 0, 55, 55, '2023-01-17 10:20:23', '2023-01-17 10:20:23'),
(33, 1, 'MBAK TUTUK RAMBAK', '', 'JL. FLAMBOYAN, PURWOSARI, SOLO', 0, 55, 55, '2023-01-17 10:20:23', '2023-01-17 10:20:23'),
(34, 1, 'MILAGROS', '', '', 0, 55, 55, '2023-01-17 10:20:23', '2023-01-17 10:20:23'),
(35, 1, 'MITRA ABADI', '85642301121', 'SOLO', 0, 55, 55, '2023-01-17 10:20:23', '2023-01-17 10:20:23'),
(36, 1, 'NGEBONG FARM', '', 'DELANGGU', 0, 55, 55, '2023-01-17 10:20:23', '2023-01-17 10:20:23'),
(37, 1, 'NURHIDAYATI(KACANG BAWANG)', '82323446445', 'BEKONANG, SUKOHARJO', 0, 55, 55, '2023-01-17 10:20:23', '2023-01-17 10:20:23'),
(38, 1, 'PAK YANTO BUAH', '85229551991', 'JL. TRANSITO SOLO', 0, 55, 55, '2023-01-17 10:20:23', '2023-01-17 10:20:23'),
(39, 1, 'PINUS MERAH', '89602683383', 'JL. SLAMET RIYADI NO 133A, KARTASURA, SOKOHARJO', 0, 55, 55, '2023-01-17 10:20:23', '2023-01-17 10:20:23'),
(40, 1, 'POMO KACANG OVEN', '', '', 0, 55, 55, '2023-01-17 10:20:23', '2023-01-17 10:20:23'),
(41, 1, 'PRODUK HNI', '', '', 0, 55, 55, '2023-01-17 10:20:23', '2023-01-17 10:20:23'),
(42, 1, 'PT ANTAR MITRA SEMBADA', '(0271)7852501', 'JL. INDRONOTO NO.18, RT.02/ RW. 03, WIROGUNAN, KARTASURA', 0, 55, 55, '2023-01-17 10:20:23', '2023-01-17 10:20:23'),
(43, 1, 'PT APL', '(0271)827616', 'JL.BRIGIF 6 NO. KC-9 RT.01.RW 01, PALUR, MOJOLABAN,SUOHARJO', 0, 55, 55, '2023-01-17 10:20:23', '2023-01-17 10:20:23'),
(44, 1, 'PT ARTA BOGA CEMERLANG', '(0271)744111', 'MAKAM HAJI, KARTASURA', 0, 55, 55, '2023-01-17 10:20:23', '2023-01-17 10:20:23'),
(45, 1, 'PT BAHAGIA SUMBER ABADI', '(0271)669926', 'JL.DK. KEMIRI RT.01 RW. XIV, KEMIRI,KEBAKKRAMAT, KARANGANYAR', 0, 55, 55, '2023-01-17 10:20:23', '2023-01-17 10:20:23'),
(46, 1, 'PT CAMPINA ICE CREAM', '(0271)7891898', 'JL. TENTARA PELAJAR 07, KARANGANYAR', 0, 55, 55, '2023-01-17 10:20:23', '2023-01-17 10:20:23'),
(47, 1, 'PT COCA COLA', '85740009414', 'SOLO', 0, 55, 55, '2023-01-17 10:20:23', '2023-01-17 10:20:23'),
(48, 1, 'PT DBM', '', '', 0, 55, 55, '2023-01-17 10:20:23', '2023-01-17 10:20:23'),
(49, 1, 'PT ENSEVAL', '(0271)780880', 'JL. AMARTA RAYA NO.8, NGABEYAN, KARTASURA SOLO', 0, 55, 55, '2023-01-17 10:20:23', '2023-01-17 10:20:23'),
(50, 1, 'PT K33 DISTRIBUSI', '81328989900', 'JL. AHMAD YANI NO.308 PABELAN, KARTOSURO', 0, 55, 55, '2023-01-17 10:20:23', '2023-01-17 10:20:23'),
(51, 1, 'PT MARGA NUSANTARA', '85647240694', 'JL. SOLO BARU - BAKI, KUDU, BAKI', 0, 55, 55, '2023-01-17 10:20:23', '2023-01-17 10:20:23'),
(52, 1, 'PT SEMAR PELITA SEJATI', '', '', 0, 55, 55, '2023-01-17 10:20:23', '2023-01-17 10:20:23'),
(53, 1, 'PT SINAR KASIH LESTARI', '', 'JETAK RT003 RW003 WONOREJO,GONDANGREJO, KARANGANYAR', 0, 55, 55, '2023-01-17 10:20:23', '2023-01-17 10:20:23'),
(54, 1, 'PT SINAR SOSRO', '(0271)781354', 'SUKOHARJO', 0, 55, 55, '2023-01-17 10:20:23', '2023-01-17 10:20:23'),
(55, 1, 'PT SINARMAS', '', 'JL.RAYA PALUR DAGEN TASIKMADU NO.99 BURAN,TASIKMADU', 0, 55, 55, '2023-01-17 10:20:23', '2023-01-17 10:20:23'),
(56, 1, 'PT SNS', '(0271)857626', 'JL. SOLO - PURWODADI KM.5.5', 0, 55, 55, '2023-01-17 10:20:23', '2023-01-17 10:20:23'),
(57, 1, 'PT STTC COFEEMIX', '82242389495', 'SOLO', 0, 55, 55, '2023-01-17 10:20:23', '2023-01-17 10:20:23'),
(58, 1, 'PT SUPRALITA MANDIRI', '89689105933', 'SOLO', 0, 55, 55, '2023-01-17 10:20:23', '2023-01-17 10:20:23'),
(59, 1, 'PT TEMPO', '(0274)4542800', 'JL. RADEN RONGGO KM.1.2 NGAJEG RT 01 RW 25 TIRTOMATANI, SLEMAN', 0, 55, 55, '2023-01-17 10:20:23', '2023-01-17 10:20:23'),
(60, 1, 'PT TIGA MUTIARA PRIMA', '(0271)856064', 'JL. SERUT RT 04/XII MOJOSONGO, SOLO', 0, 55, 55, '2023-01-17 10:20:23', '2023-01-17 10:20:23'),
(61, 1, 'PT TRIDAYA SUMBER REJEKI', '(0271)623950', 'JL. SOLO SUKOHARJO KM 8', 0, 55, 55, '2023-01-17 10:20:23', '2023-01-17 10:20:23'),
(62, 1, 'PT TUMBAKMAS NIAGA S', '', 'JL. LETJEN S.PARMAN NO32-34 KEMANGGISAN,PALMERAH, JAKARTA', 0, 55, 55, '2023-01-17 10:20:23', '2023-01-17 10:20:23'),
(63, 1, 'PT ULTRA JAYA', '(0271)7687237', 'JL. A. YANI 158 KARTASURA SOLO', 0, 55, 55, '2023-01-17 10:20:23', '2023-01-17 10:20:23'),
(64, 1, 'PT UNIRAMA DUTA', '81226847447', 'JL. INDRONOTO NO 7B, AREA SAWAH, NGABEYAN, KARTASURA, SUKOHARJO', 0, 55, 55, '2023-01-17 10:20:23', '2023-01-17 10:20:23'),
(65, 1, 'PT WICAKSANA OVERSEAS', '', 'JL.ANCOL BARAT VII BLK A5D,NO.2 ANCOL-PEJARINGAN, JAKARTA', 0, 55, 55, '2023-01-17 10:20:23', '2023-01-17 10:20:23'),
(66, 1, 'PT YAKULT', '(0271)780910', 'JL. JEND. AHMAD YANI NO. 178 KARTASURA, SUKOHARJO', 0, 55, 55, '2023-01-17 10:20:23', '2023-01-17 10:20:23'),
(67, 1, 'PT. AMS(PAPAYA)', '', '', 0, 55, 55, '2023-01-17 10:20:23', '2023-01-17 10:20:23'),
(68, 1, 'PT. ANEKA USAHA', '87736748447', '', 0, 55, 55, '2023-01-17 10:20:23', '2023-01-17 10:20:23'),
(69, 1, 'PT. ANUGRAH ARGON MEDICA', '(0271)7686101', 'JL.AMARTA NO 20 RT/RW 02/03, MANGKUYUDAN, NGABEYAN, KARTASURA', 0, 55, 55, '2023-01-17 10:20:23', '2023-01-17 10:20:23'),
(70, 1, 'PT. BAHAGIA IDKHO MANDIRI', '2159371760', 'JL.RAYA MAUK KM 7 KARET III NO.1 SEPATAN, TANGERANG', 0, 55, 55, '2023-01-17 10:20:23', '2023-01-17 10:20:23'),
(71, 1, 'PT. BERHASIL', '(0271)2081840', 'MUNDU RT004 RW 007 SELOKATON GONDANGREJO', 0, 55, 55, '2023-01-17 10:20:23', '2023-01-17 10:20:23'),
(72, 1, 'PT. BINTANG SIDORAYA(TUNAI)', '(0271)782600', 'JL.DIPONEGORO NO.126 KERTONATAN, KARTASURA, SUKOHARJO', 0, 55, 55, '2023-01-17 10:20:24', '2023-01-17 10:20:24'),
(73, 1, 'PT. BORWITA CITRA PRIMA', '81130581777', 'JL. RAYA TAMAN 48A-TAMAN, SIDOARJO', 0, 55, 55, '2023-01-17 10:20:24', '2023-01-17 10:20:24'),
(74, 1, 'PT. CIPTA NIAGA SEMESTA', '(0271)623950', 'SUKOHARJO', 0, 55, 55, '2023-01-17 10:20:24', '2023-01-17 10:20:24'),
(75, 1, 'PT. CITRA PANGAN INDAH (KHONGGUAN)', '81397804325', 'JL.H.M. ASYARI NO 35 RT01 RW01, BOGOR', 0, 55, 55, '2023-01-17 10:20:24', '2023-01-17 10:20:24'),
(76, 1, 'PT. DISTRIVERSA BUANAMAS', '(0271)7892025', 'JL SLAMET RIYADI II NO 423 MAKAMHAJI, SUKOHARJO', 0, 55, 55, '2023-01-17 10:20:24', '2023-01-17 10:20:24'),
(77, 1, 'PT. FASTRATA BUANA', '8001328262', 'JL. ADI SUMARMO N0. 271-278 BANYUANYAR, BANJARSARI,SURAKARTA', 0, 55, 55, '2023-01-17 10:20:24', '2023-01-17 10:20:24'),
(78, 1, 'PT. GEMILANG BERKAT UTAMA', '8177861036', 'JL. SUMPAH PEMUDA NO 55 RT 4 RW 16', 0, 55, 55, '2023-01-17 10:20:24', '2023-01-17 10:20:24'),
(79, 1, 'PT. GODREJ DISTRIBUTION INDONESIA', '', 'JL.PRAMBANAN-PIVUNDAN KM2.5 GUMUK RT04 RW 27', 0, 55, 55, '2023-01-17 10:20:24', '2023-01-17 10:20:24'),
(80, 1, 'PT. INDOGLOBAL DISTRIBUSI NUSA', '(0271)8591309', 'JETAK RT003 RW003 WONOREJO,GONDANGREJO, KARANGANYAR', 0, 55, 55, '2023-01-17 10:20:24', '2023-01-17 10:20:24'),
(81, 1, 'PT. KALBE FARMA', '', '', 0, 55, 55, '2023-01-17 10:20:24', '2023-01-17 10:20:24'),
(82, 1, 'PT. LAMCOS ABADI JAYA', '(0271)6881235', 'JL. MAHABARATA SELATAN RT04 RW07 NGRINGO, JATEN, KARANGANYAR', 0, 55, 55, '2023-01-17 10:20:24', '2023-01-17 10:20:24'),
(83, 1, 'PT. LESTARI ALAM', '246921051', 'JL KARIMUNJAWA RT09 RW 03, GEDANGANAK, SEMARANG', 0, 55, 55, '2023-01-17 10:20:24', '2023-01-17 10:20:24'),
(84, 1, 'PT. MANOHARA', '', 'JL. DPU DUKUH JOGAHAN DESA TRANGSARI', 0, 55, 55, '2023-01-17 10:20:24', '2023-01-17 10:20:24'),
(85, 1, 'PT. OTSUKA DISTRIBUTION INDONE', '81337770205', 'JL. TENTARA PELAJAR NO.56, JETAK,BOLON, COLOMADU', 0, 55, 55, '2023-01-17 10:20:24', '2023-01-17 10:20:24'),
(86, 1, 'PT. PARAMA GLOBAL INSPIRA', '22158902939', 'JLN. CILEDUG RAYA NO.10, ULUJAMI,PESANGRAHAN, JAKARTA SELATAN', 0, 55, 55, '2023-01-17 10:20:24', '2023-01-17 10:20:24'),
(87, 1, 'PT. PENTA VALENT', '(0271)7851690', 'JL. TENTARA PELAJAR, NO 95 TANJUNGSARI RT04/03, NGEMPLAK, BOYOLALI', 0, 55, 55, '2023-01-17 10:20:24', '2023-01-17 10:20:24'),
(88, 1, 'PT. PRIMA MEDITAMA', '', '', 0, 55, 55, '2023-01-17 10:20:24', '2023-01-17 10:20:24'),
(89, 1, 'PT. RESPATI BINTANG HUTAMA ', '(0271)7462414', 'JL. PARANGKESITNO 18 CEMANI SUKOHARJO', 0, 55, 55, '2023-01-17 10:20:24', '2023-01-17 10:20:24'),
(90, 1, 'PT. SINAR POETRA PERKASA', '(0271)781659', 'DS. KERINGAN INDAH, KARANGDUREN, SAWIT, BOYOLALI, JAWA TENGAH', 0, 55, 55, '2023-01-17 10:20:24', '2023-01-17 10:20:24'),
(91, 1, 'PT. SURYAMAS PRIMA LESTARI', '81218129855', 'JL BANGSAN UTAMA NO 5, NGASEM, COLOMADU, KARANGANYAR', 0, 55, 55, '2023-01-17 10:20:24', '2023-01-17 10:20:24'),
(92, 1, 'PT. TIRTA INVESTAMA( TUNAI)', '12950', 'CYBER 2 TOWER LT.10,11,12 JL. HR. RASUNA SAID BLOK X-5 NO.13, JAKARTA', 0, 55, 55, '2023-01-17 10:20:24', '2023-01-17 10:20:24'),
(93, 1, 'PT. VICTORIA CARE INDONESIA', '85728041043', 'JL. PURI LINGKAR DALAM, KEMBANG SELATAN, JAKARTA BARAT', 0, 55, 55, '2023-01-17 10:20:24', '2023-01-17 10:20:24'),
(94, 1, 'PT. ZESTOMORY', '', '', 0, 55, 55, '2023-01-17 10:20:24', '2023-01-17 10:20:24'),
(95, 1, 'RAJAWALI SNACK', '82137572058', '', 0, 55, 55, '2023-01-17 10:20:24', '2023-01-17 10:20:24'),
(96, 1, 'RENGGINAN NGREJEKENI', '87736220080', 'PALUR, KARANGANYAR', 0, 55, 55, '2023-01-17 10:20:24', '2023-01-17 10:20:24'),
(97, 1, 'ROTI MISS', '', '', 0, 55, 55, '2023-01-17 10:20:24', '2023-01-17 10:20:24'),
(98, 1, 'SATELIT99 MESIN TRONIK', '', '', 0, 55, 55, '2023-01-17 10:20:24', '2023-01-17 10:20:24'),
(99, 1, 'SMILEY PUDDING', '83865567888', 'JL. MUH YAMIN NO.11, NOTOSUMAN SOLO', 0, 55, 55, '2023-01-17 10:20:24', '2023-01-17 10:20:24'),
(100, 1, 'SOTTERIA DISTRIBUTOR(NABATI)', '', '', 0, 55, 55, '2023-01-17 10:20:24', '2023-01-17 10:20:24'),
(101, 1, 'SUSU SEGAR MIXUA', '', 'BADRANBARU, PAPAHAN, KARANGANYAR', 0, 55, 55, '2023-01-17 10:20:24', '2023-01-17 10:20:24'),
(102, 1, 'THE WANGI DANDANG', '285391438', 'JL.URIP SUMOHARJO NO.74 SAMBONG- BATANG', 0, 55, 55, '2023-01-17 10:20:24', '2023-01-17 10:20:24'),
(103, 1, 'TIMUR PUTERA MANDIRI', '', '', 0, 55, 55, '2023-01-17 10:20:24', '2023-01-17 10:20:24'),
(104, 1, 'TK INDOMART', '', '', 0, 55, 55, '2023-01-17 10:20:24', '2023-01-17 10:20:24'),
(105, 1, 'TK LARIS', '', 'KARTASURA', 0, 55, 55, '2023-01-17 10:20:24', '2023-01-17 10:20:24'),
(106, 1, 'TK PRIMADONA', '', 'JL. GAJAH MADA, SOLO', 0, 55, 55, '2023-01-17 10:20:24', '2023-01-17 10:20:24'),
(107, 1, 'TK. AL IKHLAS', '', '', 0, 55, 55, '2023-01-17 10:20:24', '2023-01-17 10:20:24'),
(108, 1, 'TK. ANUGERAH JAYA (TUNAI)', '89609761777', 'JL.DR RAJIMAN NO.637,PAJANG,LAWEYAN, SOLO', 0, 55, 55, '2023-01-17 10:20:24', '2023-01-17 10:20:24'),
(109, 1, 'TK. BUDI TIKAR', '88216382535', '', 0, 55, 55, '2023-01-17 10:20:24', '2023-01-17 10:20:24'),
(110, 1, 'TK. FAMOUS', '', 'LOMPO BATANG UTARA 11/12RT.02 RW.20 MOJOSONGO, SURAKARTA', 0, 55, 55, '2023-01-17 10:20:24', '2023-01-17 10:20:24'),
(111, 1, 'TK. JAYA ABADI', '85865397475', 'JL. JEND.URIP SUMOHARJO NO.61, KEPATIHAN, JEBRES, SURAKARTA', 0, 55, 55, '2023-01-17 10:20:24', '2023-01-17 10:20:24'),
(112, 1, 'TK. LUMINTU(TUNAI)', '', 'NGEDANGAN, COLOMADU', 0, 55, 55, '2023-01-17 10:20:24', '2023-01-17 10:20:24'),
(113, 1, 'TK. MAKIN JAYA', '', 'COYUDAN, SOLO', 0, 55, 55, '2023-01-17 10:20:24', '2023-01-17 10:20:24'),
(114, 1, 'TK. NANA(TUNAI)', '', 'COYUDAN, SOLO', 0, 55, 55, '2023-01-17 10:20:24', '2023-01-17 10:20:24'),
(115, 1, 'TKO LUWES GROUP', '', 'JL. SLAMET RIYADI, SURAKARTA', 0, 55, 55, '2023-01-17 10:20:24', '2023-01-17 10:20:24'),
(116, 1, 'TOKO BATARI', '', '', 0, 55, 55, '2023-01-17 10:20:24', '2023-01-17 10:20:24'),
(117, 1, 'TOKO JAYA KASIH', '87733691119', 'SOLO', 0, 55, 55, '2023-01-17 10:20:24', '2023-01-17 10:20:24'),
(118, 1, 'TOKO MOMO', '(0271)715385', 'NILA GRAHA 44 GONILAN KARTASURA', 0, 55, 55, '2023-01-17 10:20:24', '2023-01-17 10:20:24'),
(119, 1, 'TOKO TIRTA', '57046', 'PURWODININGRATAN, SOLO', 0, 55, 55, '2023-01-17 10:20:24', '2023-01-17 10:20:24'),
(120, 1, 'TOKO TIRTA HUSADA KONSY', '85103011670', 'SOLO', 0, 55, 55, '2023-01-17 10:20:24', '2023-01-17 10:20:24'),
(121, 1, 'TOKO UNGU', '', 'SOLO', 0, 55, 55, '2023-01-17 10:20:24', '2023-01-17 10:20:24'),
(122, 1, 'TONG TJI', '81228447070', 'SOLO', 0, 55, 55, '2023-01-17 10:20:24', '2023-01-17 10:20:24'),
(123, 1, 'TRI MURNI MARNING', '', 'KARANGANYAR', 0, 55, 55, '2023-01-17 10:20:24', '2023-01-17 10:20:24'),
(124, 1, 'UD BUDIMAS', '82260857590', 'JL. GN. SLAMET IV, MOJOSONGO, SURAKARTA', 0, 55, 55, '2023-01-17 10:20:24', '2023-01-17 10:20:24'),
(125, 1, 'UD CENDANA ARUM', '2717650287', 'GENTAN, SUKOHARJO ', 0, 55, 55, '2023-01-17 10:20:24', '2023-01-17 10:20:24'),
(126, 1, 'UD HERMANTO', '85747023318', 'SOLO', 0, 55, 55, '2023-01-17 10:20:24', '2023-01-17 10:20:24'),
(127, 1, 'UD MODERN', '87736312654', 'JL.BROMO RAYA RT02/XVII WONOREJO, GONDANGREJO', 0, 55, 55, '2023-01-17 10:20:24', '2023-01-17 10:20:24'),
(128, 1, 'UD REJEKI GANDA', '85728273468', 'JL. MANGESTI RAYA', 0, 55, 55, '2023-01-17 10:20:24', '2023-01-17 10:20:24'),
(129, 1, 'USAHA BARU(AQUA)', '85713023680', 'PENI RT21/8 KUWIRAN, BANYUDONO,BOYOLALI', 0, 55, 55, '2023-01-17 10:20:24', '2023-01-17 10:20:24'),
(130, 1, 'WAHANA RAYA', '85830564309', 'JL. KANA NO.5 RT02/ RW 09 GROGOL SUKOHARJO, ', 0, 55, 55, '2023-01-17 10:20:24', '2023-01-17 10:20:24'),
(131, 1, 'WARUNG KITA', '', '', 0, 55, 55, '2023-01-17 10:20:24', '2023-01-17 10:20:24'),
(132, 1, 'WISESA JAYA', '2717653609', 'KODAN RT07/5 TOHUDAN,COLOMADU', 0, 55, 55, '2023-01-17 10:20:24', '2023-01-17 10:20:24');

-- --------------------------------------------------------

--
-- Table structure for table `failed_jobs`
--

CREATE TABLE `failed_jobs` (
  `id` bigint(20) UNSIGNED NOT NULL,
  `uuid` varchar(255) NOT NULL,
  `connection` text NOT NULL,
  `queue` text NOT NULL,
  `payload` longtext NOT NULL,
  `exception` longtext NOT NULL,
  `failed_at` timestamp NOT NULL DEFAULT current_timestamp()
) ENGINE=InnoDB DEFAULT CHARSET=utf8mb4 COLLATE=utf8mb4_unicode_ci;

-- --------------------------------------------------------

--
-- Table structure for table `migrations`
--

CREATE TABLE `migrations` (
  `id` int(10) UNSIGNED NOT NULL,
  `migration` varchar(255) NOT NULL,
  `batch` int(11) NOT NULL
) ENGINE=InnoDB DEFAULT CHARSET=utf8mb4 COLLATE=utf8mb4_unicode_ci;

--
-- Dumping data for table `migrations`
--

INSERT INTO `migrations` (`id`, `migration`, `batch`) VALUES
(1, '2014_10_12_000000_create_users_table', 1);

-- --------------------------------------------------------

--
-- Table structure for table `password_resets`
--

CREATE TABLE `password_resets` (
  `email` varchar(255) NOT NULL,
  `token` varchar(255) NOT NULL,
  `created_at` timestamp NULL DEFAULT NULL
) ENGINE=InnoDB DEFAULT CHARSET=utf8mb4 COLLATE=utf8mb4_unicode_ci;

-- --------------------------------------------------------

--
-- Table structure for table `personal_access_tokens`
--

CREATE TABLE `personal_access_tokens` (
  `id` bigint(20) UNSIGNED NOT NULL,
  `tokenable_type` varchar(255) NOT NULL,
  `tokenable_id` bigint(20) UNSIGNED NOT NULL,
  `name` varchar(255) NOT NULL,
  `token` varchar(64) NOT NULL,
  `abilities` text DEFAULT NULL,
  `last_used_at` timestamp NULL DEFAULT NULL,
  `created_at` timestamp NULL DEFAULT NULL,
  `updated_at` timestamp NULL DEFAULT NULL
) ENGINE=InnoDB DEFAULT CHARSET=utf8mb4 COLLATE=utf8mb4_unicode_ci;

-- --------------------------------------------------------

--
-- Table structure for table `preference_company`
--

CREATE TABLE `preference_company` (
  `company_id` int(10) NOT NULL,
  `company_name` varchar(50) DEFAULT '',
  `company_address` text DEFAULT NULL,
  `company_home_phone1` varchar(30) DEFAULT '',
  `company_home_phone2` varchar(30) DEFAULT '',
  `company_fax_number` varchar(30) DEFAULT '',
  `company_logo` varchar(200) DEFAULT '',
  `company_slogan` varchar(250) DEFAULT '',
  `company_footer` text DEFAULT NULL,
  `last_update` timestamp NOT NULL DEFAULT current_timestamp()
) ENGINE=InnoDB DEFAULT CHARSET=utf8 COLLATE=utf8_general_ci;

--
-- Dumping data for table `preference_company`
--

INSERT INTO `preference_company` (`company_id`, `company_name`, `company_address`, `company_home_phone1`, `company_home_phone2`, `company_fax_number`, `company_logo`, `company_slogan`, `company_footer`, `last_update`) VALUES
(1, 'Baznas Sragen', 'Komplek Masjid Bazis, Pilangsari, Kebayanan Jetis, Pilangsari, Kec. Sragen, Kabupaten Sragen, Jawa Tengah 57252', '62 271 8825250', '', '', '', 'ANDA SEHAT, KAMI BAHAGIA ', 'Tetap lakukan Prokes 5M : Mencuci Tangan, Memakai Masker, Menjaga Jarak, Menjauhi Kerumunan, Mengurangi Mobilitas', '2021-08-23 12:05:20');

-- --------------------------------------------------------

--
-- Table structure for table `purchase_payment`
--

CREATE TABLE `purchase_payment` (
  `id` int(10) NOT NULL,
  `nama_supplier` varchar(225) NOT NULL,
  `nama_gudang` varchar(225) NOT NULL,
  `metode_pembayaran` varchar(225) NOT NULL,
  `tanggal_pembelian` date NOT NULL,
  `keterangan` text NOT NULL,
  `nama_barang` varchar(225) NOT NULL,
  `biaya_sblm_ppn` int(225) NOT NULL,
  `jumlah` int(225) NOT NULL,
  `sub_total` int(225) NOT NULL
) ENGINE=InnoDB DEFAULT CHARSET=utf8 COLLATE=utf8_general_ci;

--
-- Dumping data for table `purchase_payment`
--

INSERT INTO `purchase_payment` (`id`, `nama_supplier`, `nama_gudang`, `metode_pembayaran`, `tanggal_pembelian`, `keterangan`, `nama_barang`, `biaya_sblm_ppn`, `jumlah`, `sub_total`) VALUES
(23, '3BSM', 'tes', 'tes', '2023-09-23', 'fhzdgjsdj', 'tes', 2324624, 2, 4649248),
(24, '3BSM', 'sdgvsdg', 'tes', '2023-09-09', 'efwefw', 'tes', 100, 2, 200),
(25, '3BSM', 'tes', 'tes', '2023-09-08', 'efwefw', 'tes', 50, 8, 400),
(26, '3BSM', 'tes', 'tes', '2023-09-22', 'w4y4y', 'tes', 100, 2, 200),
(27, '3BSM', 'sdgvsdg', 'tes', '2023-09-23', 'fhzdgjsdj', 'tes', 100000, 2, 200000),
(28, '3BSM', 'tes', 'tes2', '2023-09-22', 'advadvav', 'tes', 50, 2, 100),
(29, '3BSM', 'tes', 'tes', '2023-09-06', 'efwefw', 'tes', 100000, 2, 200000),
(30, '3BSM', 'tes', 'tes', '2023-09-16', 'advadvav', 'sdvsdfv', 100, 2, 200),
(31, '3BSM', 'tes', 'tes', '2023-09-23', 'fhzdgjsdj', 'sdvsdfv', 50, 2, 100),
(32, '3BSM', 'tes', 'tes', '2023-09-22', 'advadvav', 'sdvsdfv', 100000, 2, 200000),
(33, '3BSM', 'tes', 'tes', '2023-09-22', 'w4y4y', 'ad', 100, 2, 200),
(34, '3BSM', 'tes', 'tes', '2023-09-22', 'sd', 'ad', 2324624, 2, 4649248),
(35, '3BSM', 'tes', 'tes', '2023-09-22', 'w4y4y', 'sdvsdfv', 100000, 89, 8900000),
(36, '3BSM', 'tes', 'tes', '2023-09-23', 'fhzdgjsdj', 'sdvsdfv', 346364, 2, 692728);

-- --------------------------------------------------------

--
-- Table structure for table `p_p_o_b_s`
--

CREATE TABLE `p_p_o_b_s` (
  `id` bigint(20) UNSIGNED NOT NULL,
  `created_at` timestamp NULL DEFAULT NULL,
  `updated_at` timestamp NULL DEFAULT NULL
) ENGINE=InnoDB DEFAULT CHARSET=utf8mb4 COLLATE=utf8mb4_unicode_ci;

-- --------------------------------------------------------

--
-- Table structure for table `stock_barangs`
--

CREATE TABLE `stock_barangs` (
  `id` int(11) NOT NULL,
  `nama_gudang` text NOT NULL,
  `kategori_barang` text NOT NULL,
  `nama_barang` text NOT NULL,
  `satuan_barang` text NOT NULL,
  `tanggal_stock` date NOT NULL
) ENGINE=InnoDB DEFAULT CHARSET=utf8 COLLATE=utf8_general_ci;

--
-- Dumping data for table `stock_barangs`
--

INSERT INTO `stock_barangs` (`id`, `nama_gudang`, `kategori_barang`, `nama_barang`, `satuan_barang`, `tanggal_stock`) VALUES
(108, 'tes', 'padat', 'sfhn', 'xcnv', '2023-08-23'),
(109, 'tes', 'gas', 'sfhn', 'sdgsdgaw', '2023-08-15'),
(110, 'sdgvsdg', 'gas', 'sdvsdfv', 'sdsdv', '2023-08-30'),
(111, 'tes3', 'gas', 'ad', 'asdv', '2023-08-28'),
(112, 'putra', 'gas', 'pppppp', 'asdv', '2023-09-20');

-- --------------------------------------------------------

--
-- Table structure for table `system_activity_log`
--

CREATE TABLE `system_activity_log` (
  `user_log_id` bigint(20) NOT NULL,
  `user_id` int(10) DEFAULT 0,
  `transaction_id` bigint(22) DEFAULT 0,
  `transaction_code` int(10) DEFAULT 0,
  `transaction_name` varchar(250) DEFAULT '',
  `transaction_remark` varchar(250) DEFAULT '',
  `transaction_date` date DEFAULT NULL,
  `created_on` timestamp NULL DEFAULT current_timestamp()
) ENGINE=InnoDB DEFAULT CHARSET=latin1 COLLATE=latin1_swedish_ci;

-- --------------------------------------------------------

--
-- Table structure for table `system_change_log`
--

CREATE TABLE `system_change_log` (
  `change_log_id` int(11) NOT NULL DEFAULT 0,
  `user_log_id` int(11) DEFAULT NULL,
  `kode` varchar(15) DEFAULT NULL,
  `old_data` mediumtext DEFAULT NULL,
  `new_data` mediumtext DEFAULT NULL,
  `log_time` timestamp NULL DEFAULT current_timestamp() ON UPDATE current_timestamp()
) ENGINE=InnoDB DEFAULT CHARSET=latin1 COLLATE=latin1_swedish_ci;

-- --------------------------------------------------------

--
-- Table structure for table `system_log_user`
--

CREATE TABLE `system_log_user` (
  `user_log_id` bigint(20) NOT NULL,
  `user_id` int(10) DEFAULT 0,
  `username` varchar(50) DEFAULT '',
  `id_previllage` int(4) DEFAULT 0,
  `log_stat` enum('0','1') DEFAULT NULL,
  `class_name` varchar(250) DEFAULT '',
  `pk` varchar(20) DEFAULT '',
  `remark` varchar(50) DEFAULT '',
  `log_time` datetime DEFAULT NULL,
  `created_at` datetime DEFAULT NULL,
  `updated_at` datetime DEFAULT NULL
) ENGINE=InnoDB DEFAULT CHARSET=latin1 COLLATE=latin1_swedish_ci;

--
-- Dumping data for table `system_log_user`
--

INSERT INTO `system_log_user` (`user_log_id`, `user_id`, `username`, `id_previllage`, `log_stat`, `class_name`, `pk`, `remark`, `log_time`, `created_at`, `updated_at`) VALUES
(1521, 0, 'administrator', 1089, '1', 'Application.TransServiceRequisition.processAddTransServiceRequisition', 'administrator', 'Add Trans Service Requisition', '2022-01-07 15:57:20', '2022-01-07 15:57:20', '2022-01-07 15:57:20'),
(1522, 0, 'administrator', 1089, '1', 'Application.TransServiceRequisition.processAddTransServiceRequisition', 'administrator', 'Add Trans Service Requisition', '2022-01-07 15:57:20', '2022-01-07 15:57:20', '2022-01-07 15:57:20'),
(1523, 0, 'administrator', 1089, '1', 'Application.TransServiceRequisition.processAddTransServiceRequisition', 'administrator', 'Add Trans Service Requisition', '2022-01-07 15:57:20', '2022-01-07 15:57:20', '2022-01-07 15:57:20'),
(1524, 0, 'administrator', 1089, '1', 'Application.TransServiceRequisition.processAddTransServiceRequisition', 'administrator', 'Add Trans Service Requisition', '2022-01-07 15:57:20', '2022-01-07 15:57:20', '2022-01-07 15:57:20'),
(1525, 0, 'administrator', 1089, '1', 'Application.TransServiceRequisition.processAddTransServiceRequisition', 'administrator', 'Add Trans Service Requisition', '2022-01-07 15:57:20', '2022-01-07 15:57:20', '2022-01-07 15:57:20'),
(1526, 0, 'administrator', 1089, '1', 'Application.TransServiceRequisition.processAddTransServiceRequisition', 'administrator', 'Add Trans Service Requisition', '2022-01-07 15:57:20', '2022-01-07 15:57:20', '2022-01-07 15:57:20'),
(1527, 0, 'administrator', 1089, '1', 'Application.TransServiceRequisition.processAddTransServiceRequisition', 'administrator', 'Add Trans Service Requisition', '2022-01-07 15:57:20', '2022-01-07 15:57:20', '2022-01-07 15:57:20'),
(1528, 0, 'administrator', 1089, '1', 'Application.TransServiceRequisition.processAddTransServiceRequisition', 'administrator', 'Add Trans Service Requisition', '2022-01-07 15:57:20', '2022-01-07 15:57:20', '2022-01-07 15:57:20'),
(1529, 0, 'administrator', 1089, '1', 'Application.TransServiceRequisition.processAddTransServiceRequisition', 'administrator', 'Add Trans Service Requisition', '2022-01-07 15:57:20', '2022-01-07 15:57:20', '2022-01-07 15:57:20'),
(1530, 0, 'administrator', 1089, '1', 'Application.TransServiceRequisition.processAddTransServiceRequisition', 'administrator', 'Add Trans Service Requisition', '2022-01-07 15:57:20', '2022-01-07 15:57:20', '2022-01-07 15:57:20'),
(1531, 0, 'administrator', 1089, '1', 'Application.TransServiceRequisition.processAddTransServiceRequisition', 'administrator', 'Add Trans Service Requisition', '2022-01-07 15:57:20', '2022-01-07 15:57:20', '2022-01-07 15:57:20'),
(1532, 0, 'administrator', 1089, '1', 'Application.TransServiceRequisition.processAddTransServiceRequisition', 'administrator', 'Add Trans Service Requisition', '2022-01-07 15:57:20', '2022-01-07 15:57:20', '2022-01-07 15:57:20'),
(1533, 0, 'administrator', 1089, '1', 'Application.TransServiceRequisition.processAddTransServiceRequisition', 'administrator', 'Add Trans Service Requisition', '2022-01-07 15:57:20', '2022-01-07 15:57:20', '2022-01-07 15:57:20'),
(1534, 0, 'administrator', 1089, '1', 'Application.TransServiceRequisition.processAddTransServiceRequisition', 'administrator', 'Add Trans Service Requisition', '2022-01-07 15:57:20', '2022-01-07 15:57:20', '2022-01-07 15:57:20'),
(1535, 0, 'administrator', 1089, '1', 'Application.TransServiceRequisition.processAddTransServiceRequisition', 'administrator', 'Add Trans Service Requisition', '2022-01-07 15:57:20', '2022-01-07 15:57:20', '2022-01-07 15:57:20'),
(1536, 0, 'administrator', 1089, '1', 'Application.TransServiceRequisition.processAddTransServiceRequisition', 'administrator', 'Add Trans Service Requisition', '2022-01-07 15:57:20', '2022-01-07 15:57:20', '2022-01-07 15:57:20'),
(1537, 0, 'administrator', 1089, '1', 'Application.TransServiceRequisition.processAddTransServiceRequisition', 'administrator', 'Add Trans Service Requisition', '2022-01-07 15:57:20', '2022-01-07 15:57:20', '2022-01-07 15:57:20'),
(1538, 0, 'administrator', 1089, '1', 'Application.TransServiceRequisition.processAddTransServiceRequisition', 'administrator', 'Add Trans Service Requisition', '2022-01-07 15:57:20', '2022-01-07 15:57:20', '2022-01-07 15:57:20'),
(1539, 0, 'administrator', 1089, '1', 'Application.TransServiceRequisition.processAddTransServiceRequisition', 'administrator', 'Add Trans Service Requisition', '2022-01-07 15:57:20', '2022-01-07 15:57:20', '2022-01-07 15:57:20'),
(1540, 0, 'administrator', 1089, '1', 'Application.TransServiceRequisition.processAddTransServiceRequisition', 'administrator', 'Add Trans Service Requisition', '2022-01-07 15:57:20', '2022-01-07 15:57:20', '2022-01-07 15:57:20'),
(1541, 0, 'administrator', 1089, '1', 'Application.TransServiceRequisition.processAddTransServiceRequisition', 'administrator', 'Add Trans Service Requisition', '2022-01-07 15:57:20', '2022-01-07 15:57:20', '2022-01-07 15:57:20'),
(1542, 0, 'administrator', 1089, '1', 'Application.TransServiceRequisition.processAddTransServiceRequisition', 'administrator', 'Add Trans Service Requisition', '2022-01-07 15:57:20', '2022-01-07 15:57:20', '2022-01-07 15:57:20'),
(1543, 0, 'administrator', 1089, '1', 'Application.TransServiceRequisition.processAddTransServiceRequisition', 'administrator', 'Add Trans Service Requisition', '2022-01-07 15:57:20', '2022-01-07 15:57:20', '2022-01-07 15:57:20'),
(1544, 0, 'administrator', 1089, '1', 'Application.TransServiceRequisition.processAddTransServiceRequisition', 'administrator', 'Add Trans Service Requisition', '2022-01-07 15:57:20', '2022-01-07 15:57:20', '2022-01-07 15:57:20'),
(1545, 0, 'administrator', 1089, '1', 'Application.TransServiceRequisition.processAddTransServiceRequisition', 'administrator', 'Add Trans Service Requisition', '2022-01-07 15:57:20', '2022-01-07 15:57:20', '2022-01-07 15:57:20'),
(1546, 0, 'administrator', 1089, '1', 'Application.TransServiceRequisition.processAddTransServiceRequisition', 'administrator', 'Add Trans Service Requisition', '2022-01-07 15:57:20', '2022-01-07 15:57:20', '2022-01-07 15:57:20'),
(1547, 0, 'administrator', 1089, '1', 'Application.TransServiceRequisition.processAddTransServiceRequisition', 'administrator', 'Add Trans Service Requisition', '2022-01-07 15:57:20', '2022-01-07 15:57:20', '2022-01-07 15:57:20'),
(1548, 0, 'administrator', 1089, '1', 'Application.TransServiceRequisition.processAddTransServiceRequisition', 'administrator', 'Add Trans Service Requisition', '2022-01-07 15:57:20', '2022-01-07 15:57:20', '2022-01-07 15:57:20'),
(1549, 0, 'administrator', 1089, '1', 'Application.TransServiceDisposition.processAddTransServiceDisposition', 'administrator', 'Add Trans Service Disposition', '2022-01-07 16:00:34', '2022-01-07 16:00:34', '2022-01-07 16:00:34'),
(1550, 0, 'administrator', 1089, '1', 'Application.TransServiceDisposition.processAddTransServiceDisposition', 'administrator', 'Add Trans Service Disposition', '2022-01-07 16:00:34', '2022-01-07 16:00:34', '2022-01-07 16:00:34'),
(1551, 0, 'administrator', 1089, '1', 'Application.TransServiceDisposition.processAddTransServiceDisposition', 'administrator', 'Add Trans Service Disposition', '2022-01-07 16:00:34', '2022-01-07 16:00:34', '2022-01-07 16:00:34'),
(1552, 0, 'administrator', 1089, '1', 'Application.TransServiceDisposition.processAddTransServiceDisposition', 'administrator', 'Add Trans Service Disposition', '2022-01-07 16:00:34', '2022-01-07 16:00:34', '2022-01-07 16:00:34'),
(1553, 0, 'administrator', 1089, '1', 'Application.TransServiceDisposition.processAddTransServiceDisposition', 'administrator', 'Add Trans Service Disposition', '2022-01-07 16:00:34', '2022-01-07 16:00:34', '2022-01-07 16:00:34'),
(1554, 0, 'administrator', 1089, '1', 'Application.TransServiceDisposition.processAddTransServiceDisposition', 'administrator', 'Add Trans Service Disposition', '2022-01-07 16:00:34', '2022-01-07 16:00:34', '2022-01-07 16:00:34'),
(1555, 0, 'administrator', 1089, '1', 'Application.TransServiceDisposition.processAddTransServiceDisposition', 'administrator', 'Add Trans Service Disposition', '2022-01-07 16:00:34', '2022-01-07 16:00:34', '2022-01-07 16:00:34'),
(1556, 0, 'administrator', 1089, '1', 'Application.TransServiceDisposition.processAddTransServiceDisposition', 'administrator', 'Add Trans Service Disposition', '2022-01-07 16:00:34', '2022-01-07 16:00:34', '2022-01-07 16:00:34'),
(1557, 0, 'administrator', 1089, '1', 'Application.TransServiceDisposition.processAddTransServiceDisposition', 'administrator', 'Add Trans Service Disposition', '2022-01-07 16:00:34', '2022-01-07 16:00:34', '2022-01-07 16:00:34'),
(1558, 0, 'administrator', 1089, '1', 'Application.TransServiceDisposition.processAddTransServiceDisposition', 'administrator', 'Add Trans Service Disposition', '2022-01-07 16:00:34', '2022-01-07 16:00:34', '2022-01-07 16:00:34'),
(1559, 0, 'administrator', 1089, '1', 'Application.TransServiceDisposition.processAddTransServiceDisposition', 'administrator', 'Add Trans Service Disposition', '2022-01-07 16:00:34', '2022-01-07 16:00:34', '2022-01-07 16:00:34'),
(1560, 0, 'administrator', 1089, '1', 'Application.TransServiceDisposition.processAddTransServiceDisposition', 'administrator', 'Add Trans Service Disposition', '2022-01-07 16:00:34', '2022-01-07 16:00:34', '2022-01-07 16:00:34'),
(1561, 0, 'administrator', 1089, '1', 'Application.TransServiceDisposition.processAddTransServiceDisposition', 'administrator', 'Add Trans Service Disposition', '2022-01-07 16:00:34', '2022-01-07 16:00:34', '2022-01-07 16:00:34'),
(1562, 0, 'administrator', 1089, '1', 'Application.TransServiceDisposition.processAddTransServiceDisposition', 'administrator', 'Add Trans Service Disposition', '2022-01-07 16:00:34', '2022-01-07 16:00:34', '2022-01-07 16:00:34'),
(1563, 0, 'administrator', 1089, '1', 'Application.TransServiceDisposition.processAddTransServiceDisposition', 'administrator', 'Add Trans Service Disposition', '2022-01-07 16:00:34', '2022-01-07 16:00:34', '2022-01-07 16:00:34'),
(1564, 0, 'administrator', 1089, '1', 'Application.TransServiceDisposition.processAddTransServiceDisposition', 'administrator', 'Add Trans Service Disposition', '2022-01-07 16:00:34', '2022-01-07 16:00:34', '2022-01-07 16:00:34'),
(1565, 0, 'administrator', 1089, '1', 'Application.TransServiceDisposition.processAddTransServiceDisposition', 'administrator', 'Add Trans Service Disposition', '2022-01-07 16:00:34', '2022-01-07 16:00:34', '2022-01-07 16:00:34'),
(1566, 0, 'administrator', 1089, '1', 'Application.TransServiceDisposition.processAddTransServiceDisposition', 'administrator', 'Add Trans Service Disposition', '2022-01-07 16:00:34', '2022-01-07 16:00:34', '2022-01-07 16:00:34'),
(1567, 0, 'administrator', 1089, '1', 'Application.TransServiceDisposition.processAddTransServiceDisposition', 'administrator', 'Add Trans Service Disposition', '2022-01-07 16:00:34', '2022-01-07 16:00:34', '2022-01-07 16:00:34'),
(1568, 0, 'administrator', 1089, '1', 'Application.TransServiceDisposition.processAddTransServiceDisposition', 'administrator', 'Add Trans Service Disposition', '2022-01-07 16:00:34', '2022-01-07 16:00:34', '2022-01-07 16:00:34'),
(1569, 0, 'administrator', 1089, '1', 'Application.TransServiceDisposition.processAddTransServiceDisposition', 'administrator', 'Add Trans Service Disposition', '2022-01-07 16:00:34', '2022-01-07 16:00:34', '2022-01-07 16:00:34'),
(1570, 0, 'administrator', 1089, '1', 'Application.TransServiceDisposition.processAddTransServiceDisposition', 'administrator', 'Add Trans Service Disposition', '2022-01-07 16:00:34', '2022-01-07 16:00:34', '2022-01-07 16:00:34'),
(1571, 0, 'administrator', 1089, '1', 'Application.TransServiceDisposition.processAddTransServiceDisposition', 'administrator', 'Add Trans Service Disposition', '2022-01-07 16:00:34', '2022-01-07 16:00:34', '2022-01-07 16:00:34'),
(1572, 0, 'administrator', 1089, '1', 'Application.TransServiceDisposition.processAddTransServiceDisposition', 'administrator', 'Add Trans Service Disposition', '2022-01-07 16:00:34', '2022-01-07 16:00:34', '2022-01-07 16:00:34'),
(1573, 0, 'administrator', 1089, '1', 'Application.TransServiceDisposition.processAddTransServiceDisposition', 'administrator', 'Add Trans Service Disposition', '2022-01-07 16:00:34', '2022-01-07 16:00:34', '2022-01-07 16:00:34'),
(1574, 0, 'administrator', 1089, '1', 'Application.TransServiceDisposition.processAddTransServiceDisposition', 'administrator', 'Add Trans Service Disposition', '2022-01-07 16:00:34', '2022-01-07 16:00:34', '2022-01-07 16:00:34'),
(1575, 0, 'administrator', 1089, '1', 'Application.TransServiceDisposition.processAddTransServiceDisposition', 'administrator', 'Add Trans Service Disposition', '2022-01-07 16:00:34', '2022-01-07 16:00:34', '2022-01-07 16:00:34'),
(1576, 0, 'administrator', 1089, '1', 'Application.TransServiceDisposition.processAddTransServiceDisposition', 'administrator', 'Add Trans Service Disposition', '2022-01-07 16:00:34', '2022-01-07 16:00:34', '2022-01-07 16:00:34'),
(1577, 0, 'administrator', 1089, '1', 'Application.TransServiceDispositionApproval.processAddTransServiceDispositionApproval', 'administrator', 'Add Trans Service Disposition Approval', '2022-01-07 16:00:51', '2022-01-07 16:00:51', '2022-01-07 16:00:51'),
(1578, 0, 'administrator', 1089, '1', 'Application.TransServiceDispositionReview.processAddTransServiceDispositionReview', 'administrator', 'Add Trans Service Disposition Review', '2022-01-07 16:01:07', '2022-01-07 16:01:07', '2022-01-07 16:01:07'),
(1579, 0, 'administrator', 1089, '1', 'Application.TransServiceRequisition.processAddTransServiceRequisition', 'administrator', 'Add Trans Service Requisition', '2022-01-08 10:58:51', '2022-01-08 10:58:51', '2022-01-08 10:58:51'),
(1580, 0, 'administrator', 1089, '1', 'Application.TransServiceRequisition.processAddTransServiceRequisition', 'administrator', 'Add Trans Service Requisition', '2022-01-08 10:58:51', '2022-01-08 10:58:51', '2022-01-08 10:58:51'),
(1581, 0, 'administrator', 1089, '1', 'Application.TransServiceRequisition.processAddTransServiceRequisition', 'administrator', 'Add Trans Service Requisition', '2022-01-08 10:58:51', '2022-01-08 10:58:51', '2022-01-08 10:58:51'),
(1582, 0, 'administrator', 1089, '1', 'Application.TransServiceRequisition.processAddTransServiceRequisition', 'administrator', 'Add Trans Service Requisition', '2022-01-08 10:58:51', '2022-01-08 10:58:51', '2022-01-08 10:58:51'),
(1583, 0, 'administrator', 1089, '1', 'Application.TransServiceRequisition.processAddTransServiceRequisition', 'administrator', 'Add Trans Service Requisition', '2022-01-08 10:58:51', '2022-01-08 10:58:51', '2022-01-08 10:58:51'),
(1584, 0, 'administrator', 1089, '1', 'Application.TransServiceRequisition.processAddTransServiceRequisition', 'administrator', 'Add Trans Service Requisition', '2022-01-08 10:58:51', '2022-01-08 10:58:51', '2022-01-08 10:58:51'),
(1585, 0, 'administrator', 1089, '1', 'Application.TransServiceRequisition.processAddTransServiceRequisition', 'administrator', 'Add Trans Service Requisition', '2022-01-08 10:58:51', '2022-01-08 10:58:51', '2022-01-08 10:58:51'),
(1586, 0, 'administrator', 1089, '1', 'Application.TransServiceRequisition.processAddTransServiceRequisition', 'administrator', 'Add Trans Service Requisition', '2022-01-08 10:58:51', '2022-01-08 10:58:51', '2022-01-08 10:58:51'),
(1587, 0, 'administrator', 1089, '1', 'Application.TransServiceRequisition.processAddTransServiceRequisition', 'administrator', 'Add Trans Service Requisition', '2022-01-08 10:58:51', '2022-01-08 10:58:51', '2022-01-08 10:58:51'),
(1588, 0, 'administrator', 1089, '1', 'Application.TransServiceRequisition.processAddTransServiceRequisition', 'administrator', 'Add Trans Service Requisition', '2022-01-08 10:58:51', '2022-01-08 10:58:51', '2022-01-08 10:58:51'),
(1589, 0, 'administrator', 1089, '1', 'Application.TransServiceRequisition.processAddTransServiceRequisition', 'administrator', 'Add Trans Service Requisition', '2022-01-08 10:58:51', '2022-01-08 10:58:51', '2022-01-08 10:58:51'),
(1590, 0, 'administrator', 1089, '1', 'Application.TransServiceRequisition.processAddTransServiceRequisition', 'administrator', 'Add Trans Service Requisition', '2022-01-08 10:58:51', '2022-01-08 10:58:51', '2022-01-08 10:58:51'),
(1591, 0, 'administrator', 1089, '1', 'Application.TransServiceRequisition.processAddTransServiceRequisition', 'administrator', 'Add Trans Service Requisition', '2022-01-08 10:58:51', '2022-01-08 10:58:51', '2022-01-08 10:58:51'),
(1592, 0, 'administrator', 1089, '1', 'Application.TransServiceRequisition.processAddTransServiceRequisition', 'administrator', 'Add Trans Service Requisition', '2022-01-08 10:58:51', '2022-01-08 10:58:51', '2022-01-08 10:58:51'),
(1593, 0, 'administrator', 1089, '1', 'Application.TransServiceRequisition.processAddTransServiceRequisition', 'administrator', 'Add Trans Service Requisition', '2022-01-08 10:58:51', '2022-01-08 10:58:51', '2022-01-08 10:58:51'),
(1594, 0, 'administrator', 1089, '1', 'Application.TransServiceRequisition.processAddTransServiceRequisition', 'administrator', 'Add Trans Service Requisition', '2022-01-08 10:58:51', '2022-01-08 10:58:51', '2022-01-08 10:58:51'),
(1595, 0, 'administrator', 1089, '1', 'Application.TransServiceRequisition.processAddTransServiceRequisition', 'administrator', 'Add Trans Service Requisition', '2022-01-08 10:58:51', '2022-01-08 10:58:51', '2022-01-08 10:58:51'),
(1596, 0, 'administrator', 1089, '1', 'Application.TransServiceRequisition.processAddTransServiceRequisition', 'administrator', 'Add Trans Service Requisition', '2022-01-08 10:58:51', '2022-01-08 10:58:51', '2022-01-08 10:58:51'),
(1597, 0, 'administrator', 1089, '1', 'Application.TransServiceRequisition.processAddTransServiceRequisition', 'administrator', 'Add Trans Service Requisition', '2022-01-08 10:58:51', '2022-01-08 10:58:51', '2022-01-08 10:58:51'),
(1598, 0, 'administrator', 1089, '1', 'Application.TransServiceRequisition.processAddTransServiceRequisition', 'administrator', 'Add Trans Service Requisition', '2022-01-08 10:58:51', '2022-01-08 10:58:51', '2022-01-08 10:58:51'),
(1599, 0, 'administrator', 1089, '1', 'Application.TransServiceRequisition.processAddTransServiceRequisition', 'administrator', 'Add Trans Service Requisition', '2022-01-08 10:58:51', '2022-01-08 10:58:51', '2022-01-08 10:58:51'),
(1600, 0, 'administrator', 1089, '1', 'Application.TransServiceRequisition.processAddTransServiceRequisition', 'administrator', 'Add Trans Service Requisition', '2022-01-08 10:58:51', '2022-01-08 10:58:51', '2022-01-08 10:58:51'),
(1601, 0, 'administrator', 1089, '1', 'Application.TransServiceRequisition.processAddTransServiceRequisition', 'administrator', 'Add Trans Service Requisition', '2022-01-08 10:58:51', '2022-01-08 10:58:51', '2022-01-08 10:58:51'),
(1602, 0, 'administrator', 1089, '1', 'Application.TransServiceRequisition.processAddTransServiceRequisition', 'administrator', 'Add Trans Service Requisition', '2022-01-08 10:58:51', '2022-01-08 10:58:51', '2022-01-08 10:58:51'),
(1603, 0, 'administrator', 1089, '1', 'Application.TransServiceRequisition.processAddTransServiceRequisition', 'administrator', 'Add Trans Service Requisition', '2022-01-08 10:58:51', '2022-01-08 10:58:51', '2022-01-08 10:58:51'),
(1604, 0, 'administrator', 1089, '1', 'Application.TransServiceRequisition.processAddTransServiceRequisition', 'administrator', 'Add Trans Service Requisition', '2022-01-08 10:58:51', '2022-01-08 10:58:51', '2022-01-08 10:58:51'),
(1605, 0, 'administrator', 1089, '1', 'Application.TransServiceRequisition.processAddTransServiceRequisition', 'administrator', 'Add Trans Service Requisition', '2022-01-08 10:58:51', '2022-01-08 10:58:51', '2022-01-08 10:58:51'),
(1606, 0, 'administrator', 1089, '1', 'Application.TransServiceRequisition.processAddTransServiceRequisition', 'administrator', 'Add Trans Service Requisition', '2022-01-08 10:58:51', '2022-01-08 10:58:51', '2022-01-08 10:58:51'),
(1607, 0, 'administrator', 1089, '1', 'Application.CoreService.processAddCoreService', 'administrator', 'Add Trans Service Requisition', '2022-01-08 10:59:54', '2022-01-08 10:59:54', '2022-01-08 10:59:54'),
(1608, 0, 'administrator', 1089, '1', 'Application.TransServiceRequisition.processAddTransServiceRequisition', 'administrator', 'Add Trans Service Requisition', '2022-01-08 11:00:32', '2022-01-08 11:00:32', '2022-01-08 11:00:32'),
(1609, 0, 'administrator', 1089, '1', 'Application.TransServiceRequisition.processAddTransServiceRequisition', 'administrator', 'Add Trans Service Requisition', '2022-01-08 11:00:32', '2022-01-08 11:00:32', '2022-01-08 11:00:32'),
(1610, 0, 'administrator', 1089, '1', 'Application.TransServiceRequisition.processAddTransServiceRequisition', 'administrator', 'Add Trans Service Requisition', '2022-01-08 11:00:32', '2022-01-08 11:00:32', '2022-01-08 11:00:32'),
(1611, 0, 'administrator', 1089, '1', 'Application.TransServiceRequisition.processAddTransServiceRequisition', 'administrator', 'Add Trans Service Requisition', '2022-01-08 11:00:32', '2022-01-08 11:00:32', '2022-01-08 11:00:32'),
(1612, 0, 'administrator', 1089, '1', 'Application.TransServiceRequisition.processAddTransServiceRequisition', 'administrator', 'Add Trans Service Requisition', '2022-01-08 11:00:32', '2022-01-08 11:00:32', '2022-01-08 11:00:32'),
(1613, 0, 'administrator', 1089, '1', 'Application.TransServiceRequisition.processAddTransServiceRequisition', 'administrator', 'Add Trans Service Requisition', '2022-01-08 11:00:32', '2022-01-08 11:00:32', '2022-01-08 11:00:32'),
(1614, 0, 'administrator', 1089, '1', 'Application.TransServiceRequisition.processAddTransServiceRequisition', 'administrator', 'Add Trans Service Requisition', '2022-01-08 11:00:32', '2022-01-08 11:00:32', '2022-01-08 11:00:32'),
(1615, 0, 'administrator', 1089, '1', 'Application.TransServiceRequisition.processAddTransServiceRequisition', 'administrator', 'Add Trans Service Requisition', '2022-01-08 11:00:32', '2022-01-08 11:00:32', '2022-01-08 11:00:32'),
(1616, 0, 'administrator', 1089, '1', 'Application.TransServiceRequisition.processAddTransServiceRequisition', 'administrator', 'Add Trans Service Requisition', '2022-01-08 11:00:32', '2022-01-08 11:00:32', '2022-01-08 11:00:32'),
(1617, 0, 'administrator', 1089, '1', 'Application.TransServiceRequisition.processAddTransServiceRequisition', 'administrator', 'Add Trans Service Requisition', '2022-01-08 11:00:32', '2022-01-08 11:00:32', '2022-01-08 11:00:32'),
(1618, 0, 'administrator', 1089, '1', 'Application.TransServiceRequisition.processAddTransServiceRequisition', 'administrator', 'Add Trans Service Requisition', '2022-01-08 11:00:32', '2022-01-08 11:00:32', '2022-01-08 11:00:32'),
(1619, 0, 'administrator', 1089, '1', 'Application.TransServiceRequisition.processAddTransServiceRequisition', 'administrator', 'Add Trans Service Requisition', '2022-01-08 11:00:32', '2022-01-08 11:00:32', '2022-01-08 11:00:32'),
(1620, 0, 'administrator', 1089, '1', 'Application.TransServiceRequisition.processAddTransServiceRequisition', 'administrator', 'Add Trans Service Requisition', '2022-01-08 11:00:32', '2022-01-08 11:00:32', '2022-01-08 11:00:32'),
(1621, 0, 'administrator', 1089, '1', 'Application.TransServiceRequisition.processAddTransServiceRequisition', 'administrator', 'Add Trans Service Requisition', '2022-01-08 11:00:32', '2022-01-08 11:00:32', '2022-01-08 11:00:32'),
(1622, 0, 'administrator', 1089, '1', 'Application.TransServiceRequisition.processAddTransServiceRequisition', 'administrator', 'Add Trans Service Requisition', '2022-01-08 11:00:32', '2022-01-08 11:00:32', '2022-01-08 11:00:32'),
(1623, 0, 'administrator', 1089, '1', 'Application.TransServiceRequisition.processAddTransServiceRequisition', 'administrator', 'Add Trans Service Requisition', '2022-01-08 11:00:32', '2022-01-08 11:00:32', '2022-01-08 11:00:32'),
(1624, 0, 'administrator', 1089, '1', 'Application.TransServiceRequisition.processAddTransServiceRequisition', 'administrator', 'Add Trans Service Requisition', '2022-01-08 11:00:32', '2022-01-08 11:00:32', '2022-01-08 11:00:32'),
(1625, 0, 'administrator', 1089, '1', 'Application.TransServiceRequisition.processAddTransServiceRequisition', 'administrator', 'Add Trans Service Requisition', '2022-01-08 11:00:32', '2022-01-08 11:00:32', '2022-01-08 11:00:32'),
(1626, 0, 'administrator', 1089, '1', 'Application.TransServiceRequisition.processAddTransServiceRequisition', 'administrator', 'Add Trans Service Requisition', '2022-01-08 11:00:32', '2022-01-08 11:00:32', '2022-01-08 11:00:32'),
(1627, 0, 'administrator', 1089, '1', 'Application.TransServiceRequisition.processAddTransServiceRequisition', 'administrator', 'Add Trans Service Requisition', '2022-01-08 11:00:32', '2022-01-08 11:00:32', '2022-01-08 11:00:32'),
(1628, 0, 'administrator', 1089, '1', 'Application.TransServiceRequisition.processAddTransServiceRequisition', 'administrator', 'Add Trans Service Requisition', '2022-01-08 11:00:32', '2022-01-08 11:00:32', '2022-01-08 11:00:32'),
(1629, 0, 'administrator', 1089, '1', 'Application.TransServiceRequisition.processAddTransServiceRequisition', 'administrator', 'Add Trans Service Requisition', '2022-01-08 11:00:32', '2022-01-08 11:00:32', '2022-01-08 11:00:32'),
(1630, 0, 'administrator', 1089, '1', 'Application.TransServiceRequisition.processAddTransServiceRequisition', 'administrator', 'Add Trans Service Requisition', '2022-01-08 11:00:32', '2022-01-08 11:00:32', '2022-01-08 11:00:32'),
(1631, 0, 'administrator', 1089, '1', 'Application.TransServiceRequisition.processAddTransServiceRequisition', 'administrator', 'Add Trans Service Requisition', '2022-01-08 11:00:32', '2022-01-08 11:00:32', '2022-01-08 11:00:32'),
(1632, 0, 'administrator', 1089, '1', 'Application.TransServiceRequisition.processAddTransServiceRequisition', 'administrator', 'Add Trans Service Requisition', '2022-01-08 11:00:32', '2022-01-08 11:00:32', '2022-01-08 11:00:32'),
(1633, 0, 'administrator', 1089, '1', 'Application.TransServiceRequisition.processAddTransServiceRequisition', 'administrator', 'Add Trans Service Requisition', '2022-01-08 11:00:32', '2022-01-08 11:00:32', '2022-01-08 11:00:32'),
(1634, 0, 'administrator', 1089, '1', 'Application.TransServiceRequisition.processAddTransServiceRequisition', 'administrator', 'Add Trans Service Requisition', '2022-01-08 11:00:32', '2022-01-08 11:00:32', '2022-01-08 11:00:32'),
(1635, 0, 'administrator', 1089, '1', 'Application.TransServiceRequisition.processAddTransServiceRequisition', 'administrator', 'Add Trans Service Requisition', '2022-01-08 11:00:32', '2022-01-08 11:00:32', '2022-01-08 11:00:32'),
(1636, 0, 'administrator', 1089, '1', 'Application.TransServiceRequisition.processAddTransServiceRequisition', 'administrator', 'Add Trans Service Requisition', '2022-01-12 14:35:28', '2022-01-12 14:35:28', '2022-01-12 14:35:28'),
(1637, 0, 'administrator', 1089, '1', 'Application.TransServiceRequisition.processAddTransServiceRequisition', 'administrator', 'Add Trans Service Requisition', '2022-01-12 14:35:28', '2022-01-12 14:35:28', '2022-01-12 14:35:28'),
(1638, 0, 'administrator', 1089, '1', 'Application.TransServiceRequisition.processAddTransServiceRequisition', 'administrator', 'Add Trans Service Requisition', '2022-01-12 14:35:28', '2022-01-12 14:35:28', '2022-01-12 14:35:28'),
(1639, 0, 'administrator', 1089, '1', 'Application.TransServiceRequisition.processAddTransServiceRequisition', 'administrator', 'Add Trans Service Requisition', '2022-01-12 14:35:28', '2022-01-12 14:35:28', '2022-01-12 14:35:28'),
(1640, 0, 'administrator', 1089, '1', 'Application.TransServiceRequisition.processAddTransServiceRequisition', 'administrator', 'Add Trans Service Requisition', '2022-01-12 14:35:28', '2022-01-12 14:35:28', '2022-01-12 14:35:28'),
(1641, 0, 'administrator', 1089, '1', 'Application.TransServiceRequisition.processAddTransServiceRequisition', 'administrator', 'Add Trans Service Requisition', '2022-01-12 14:35:28', '2022-01-12 14:35:28', '2022-01-12 14:35:28'),
(1642, 0, 'administrator', 1089, '1', 'Application.TransServiceRequisition.processAddTransServiceRequisition', 'administrator', 'Add Trans Service Requisition', '2022-01-12 14:35:28', '2022-01-12 14:35:28', '2022-01-12 14:35:28'),
(1643, 0, 'administrator', 1089, '1', 'Application.TransServiceRequisition.processAddTransServiceRequisition', 'administrator', 'Add Trans Service Requisition', '2022-01-12 14:35:28', '2022-01-12 14:35:28', '2022-01-12 14:35:28'),
(1644, 0, 'administrator', 1089, '1', 'Application.TransServiceRequisition.processAddTransServiceRequisition', 'administrator', 'Add Trans Service Requisition', '2022-01-12 14:35:28', '2022-01-12 14:35:28', '2022-01-12 14:35:28'),
(1645, 0, 'administrator', 1089, '1', 'Application.TransServiceRequisition.processAddTransServiceRequisition', 'administrator', 'Add Trans Service Requisition', '2022-01-12 14:35:28', '2022-01-12 14:35:28', '2022-01-12 14:35:28'),
(1646, 0, 'administrator', 1089, '1', 'Application.TransServiceRequisition.processAddTransServiceRequisition', 'administrator', 'Add Trans Service Requisition', '2022-01-12 14:35:28', '2022-01-12 14:35:28', '2022-01-12 14:35:28'),
(1647, 0, 'administrator', 1089, '1', 'Application.TransServiceRequisition.processAddTransServiceRequisition', 'administrator', 'Add Trans Service Requisition', '2022-01-12 14:35:28', '2022-01-12 14:35:28', '2022-01-12 14:35:28'),
(1648, 0, 'administrator', 1089, '1', 'Application.TransServiceRequisition.processAddTransServiceRequisition', 'administrator', 'Add Trans Service Requisition', '2022-01-12 14:35:28', '2022-01-12 14:35:28', '2022-01-12 14:35:28'),
(1649, 0, 'administrator', 1089, '1', 'Application.TransServiceRequisition.processAddTransServiceRequisition', 'administrator', 'Add Trans Service Requisition', '2022-01-12 14:35:28', '2022-01-12 14:35:28', '2022-01-12 14:35:28'),
(1650, 0, 'administrator', 1089, '1', 'Application.TransServiceRequisition.processAddTransServiceRequisition', 'administrator', 'Add Trans Service Requisition', '2022-01-12 14:35:28', '2022-01-12 14:35:28', '2022-01-12 14:35:28'),
(1651, 0, 'administrator', 1089, '1', 'Application.TransServiceRequisition.processAddTransServiceRequisition', 'administrator', 'Add Trans Service Requisition', '2022-01-12 14:35:28', '2022-01-12 14:35:28', '2022-01-12 14:35:28'),
(1652, 0, 'administrator', 1089, '1', 'Application.TransServiceRequisition.processAddTransServiceRequisition', 'administrator', 'Add Trans Service Requisition', '2022-01-12 14:35:28', '2022-01-12 14:35:28', '2022-01-12 14:35:28'),
(1653, 0, 'administrator', 1089, '1', 'Application.TransServiceRequisition.processAddTransServiceRequisition', 'administrator', 'Add Trans Service Requisition', '2022-01-12 14:35:28', '2022-01-12 14:35:28', '2022-01-12 14:35:28'),
(1654, 0, 'administrator', 1089, '1', 'Application.TransServiceRequisition.processAddTransServiceRequisition', 'administrator', 'Add Trans Service Requisition', '2022-01-12 14:35:28', '2022-01-12 14:35:28', '2022-01-12 14:35:28'),
(1655, 0, 'administrator', 1089, '1', 'Application.TransServiceRequisition.processAddTransServiceRequisition', 'administrator', 'Add Trans Service Requisition', '2022-01-12 14:35:28', '2022-01-12 14:35:28', '2022-01-12 14:35:28'),
(1656, 0, 'administrator', 1089, '1', 'Application.TransServiceRequisition.processAddTransServiceRequisition', 'administrator', 'Add Trans Service Requisition', '2022-01-12 14:35:28', '2022-01-12 14:35:28', '2022-01-12 14:35:28'),
(1657, 0, 'administrator', 1089, '1', 'Application.TransServiceRequisition.processAddTransServiceRequisition', 'administrator', 'Add Trans Service Requisition', '2022-01-12 14:35:28', '2022-01-12 14:35:28', '2022-01-12 14:35:28'),
(1658, 0, 'administrator', 1089, '1', 'Application.TransServiceRequisition.processAddTransServiceRequisition', 'administrator', 'Add Trans Service Requisition', '2022-01-12 14:35:28', '2022-01-12 14:35:28', '2022-01-12 14:35:28'),
(1659, 0, 'administrator', 1089, '1', 'Application.TransServiceRequisition.processAddTransServiceRequisition', 'administrator', 'Add Trans Service Requisition', '2022-01-12 14:35:28', '2022-01-12 14:35:28', '2022-01-12 14:35:28'),
(1660, 0, 'administrator', 1089, '1', 'Application.TransServiceRequisition.processAddTransServiceRequisition', 'administrator', 'Add Trans Service Requisition', '2022-01-12 14:35:28', '2022-01-12 14:35:28', '2022-01-12 14:35:28'),
(1661, 0, 'administrator', 1089, '1', 'Application.TransServiceRequisition.processAddTransServiceRequisition', 'administrator', 'Add Trans Service Requisition', '2022-01-12 14:35:28', '2022-01-12 14:35:28', '2022-01-12 14:35:28'),
(1662, 0, 'administrator', 1089, '1', 'Application.TransServiceRequisition.processAddTransServiceRequisition', 'administrator', 'Add Trans Service Requisition', '2022-01-12 14:35:28', '2022-01-12 14:35:28', '2022-01-12 14:35:28'),
(1663, 0, 'administrator', 1089, '1', 'Application.TransServiceRequisition.processAddTransServiceRequisition', 'administrator', 'Add Trans Service Requisition', '2022-01-12 14:35:28', '2022-01-12 14:35:28', '2022-01-12 14:35:28'),
(1664, 0, 'administrator', 1089, '1', 'Application.TransServiceRequisition.processEditTransServiceRequisition', 'administrator', 'Edit Trans Service Requisition', '2022-01-12 14:39:16', '2022-01-12 14:39:16', '2022-01-12 14:39:16'),
(1665, 0, 'administrator', 1089, '1', 'Application.TransServiceRequisition.processEditTransServiceRequisition', 'administrator', 'Edit Trans Service Requisition', '2022-01-12 14:39:16', '2022-01-12 14:39:16', '2022-01-12 14:39:16'),
(1666, 0, 'administrator', 1089, '1', 'Application.TransServiceRequisition.processEditTransServiceRequisition', 'administrator', 'Edit Trans Service Requisition', '2022-01-12 14:39:16', '2022-01-12 14:39:16', '2022-01-12 14:39:16'),
(1667, 0, 'administrator', 1089, '1', 'Application.TransServiceRequisition.processEditTransServiceRequisition', 'administrator', 'Edit Trans Service Requisition', '2022-01-12 14:39:16', '2022-01-12 14:39:16', '2022-01-12 14:39:16'),
(1668, 0, 'administrator', 1089, '1', 'Application.TransServiceRequisition.processEditTransServiceRequisition', 'administrator', 'Edit Trans Service Requisition', '2022-01-12 14:39:16', '2022-01-12 14:39:16', '2022-01-12 14:39:16'),
(1669, 0, 'administrator', 1089, '1', 'Application.TransServiceRequisition.processEditTransServiceRequisition', 'administrator', 'Edit Trans Service Requisition', '2022-01-12 14:39:16', '2022-01-12 14:39:16', '2022-01-12 14:39:16'),
(1670, 0, 'administrator', 1089, '1', 'Application.TransServiceRequisition.processEditTransServiceRequisition', 'administrator', 'Edit Trans Service Requisition', '2022-01-12 14:39:16', '2022-01-12 14:39:16', '2022-01-12 14:39:16'),
(1671, 0, 'administrator', 1089, '1', 'Application.TransServiceRequisition.processEditTransServiceRequisition', 'administrator', 'Edit Trans Service Requisition', '2022-01-12 14:39:16', '2022-01-12 14:39:16', '2022-01-12 14:39:16'),
(1672, 0, 'administrator', 1089, '1', 'Application.TransServiceRequisition.processEditTransServiceRequisition', 'administrator', 'Edit Trans Service Requisition', '2022-01-12 14:39:16', '2022-01-12 14:39:16', '2022-01-12 14:39:16'),
(1673, 0, 'administrator', 1089, '1', 'Application.TransServiceRequisition.processEditTransServiceRequisition', 'administrator', 'Edit Trans Service Requisition', '2022-01-12 14:39:16', '2022-01-12 14:39:16', '2022-01-12 14:39:16'),
(1674, 0, 'administrator', 1089, '1', 'Application.TransServiceRequisition.processEditTransServiceRequisition', 'administrator', 'Edit Trans Service Requisition', '2022-01-12 14:39:16', '2022-01-12 14:39:16', '2022-01-12 14:39:16'),
(1675, 0, 'administrator', 1089, '1', 'Application.TransServiceRequisition.processEditTransServiceRequisition', 'administrator', 'Edit Trans Service Requisition', '2022-01-12 14:39:16', '2022-01-12 14:39:16', '2022-01-12 14:39:16'),
(1676, 0, 'administrator', 1089, '1', 'Application.TransServiceRequisition.processEditTransServiceRequisition', 'administrator', 'Edit Trans Service Requisition', '2022-01-12 14:39:16', '2022-01-12 14:39:16', '2022-01-12 14:39:16'),
(1677, 0, 'administrator', 1089, '1', 'Application.TransServiceRequisition.processEditTransServiceRequisition', 'administrator', 'Edit Trans Service Requisition', '2022-01-12 14:39:16', '2022-01-12 14:39:16', '2022-01-12 14:39:16'),
(1678, 0, 'administrator', 1089, '1', 'Application.TransServiceRequisition.processEditTransServiceRequisition', 'administrator', 'Edit Trans Service Requisition', '2022-01-12 14:39:16', '2022-01-12 14:39:16', '2022-01-12 14:39:16'),
(1679, 0, 'administrator', 1089, '1', 'Application.TransServiceRequisition.processEditTransServiceRequisition', 'administrator', 'Edit Trans Service Requisition', '2022-01-12 14:39:16', '2022-01-12 14:39:16', '2022-01-12 14:39:16'),
(1680, 0, 'administrator', 1089, '1', 'Application.TransServiceRequisition.processEditTransServiceRequisition', 'administrator', 'Edit Trans Service Requisition', '2022-01-12 14:39:16', '2022-01-12 14:39:16', '2022-01-12 14:39:16'),
(1681, 0, 'administrator', 1089, '1', 'Application.TransServiceRequisition.processEditTransServiceRequisition', 'administrator', 'Edit Trans Service Requisition', '2022-01-12 14:39:16', '2022-01-12 14:39:16', '2022-01-12 14:39:16'),
(1682, 0, 'administrator', 1089, '1', 'Application.TransServiceRequisition.processEditTransServiceRequisition', 'administrator', 'Edit Trans Service Requisition', '2022-01-12 14:39:16', '2022-01-12 14:39:16', '2022-01-12 14:39:16'),
(1683, 0, 'administrator', 1089, '1', 'Application.TransServiceRequisition.processEditTransServiceRequisition', 'administrator', 'Edit Trans Service Requisition', '2022-01-12 14:39:16', '2022-01-12 14:39:16', '2022-01-12 14:39:16'),
(1684, 0, 'administrator', 1089, '1', 'Application.TransServiceRequisition.processEditTransServiceRequisition', 'administrator', 'Edit Trans Service Requisition', '2022-01-12 14:39:16', '2022-01-12 14:39:16', '2022-01-12 14:39:16'),
(1685, 0, 'administrator', 1089, '1', 'Application.TransServiceRequisition.processEditTransServiceRequisition', 'administrator', 'Edit Trans Service Requisition', '2022-01-12 14:39:16', '2022-01-12 14:39:16', '2022-01-12 14:39:16'),
(1686, 0, 'administrator', 1089, '1', 'Application.TransServiceRequisition.processEditTransServiceRequisition', 'administrator', 'Edit Trans Service Requisition', '2022-01-12 14:39:16', '2022-01-12 14:39:16', '2022-01-12 14:39:16'),
(1687, 0, 'administrator', 1089, '1', 'Application.TransServiceRequisition.processEditTransServiceRequisition', 'administrator', 'Edit Trans Service Requisition', '2022-01-12 14:39:16', '2022-01-12 14:39:16', '2022-01-12 14:39:16'),
(1688, 0, 'administrator', 1089, '1', 'Application.TransServiceRequisition.processEditTransServiceRequisition', 'administrator', 'Edit Trans Service Requisition', '2022-01-12 14:39:16', '2022-01-12 14:39:16', '2022-01-12 14:39:16'),
(1689, 0, 'administrator', 1089, '1', 'Application.TransServiceRequisition.processEditTransServiceRequisition', 'administrator', 'Edit Trans Service Requisition', '2022-01-12 14:39:16', '2022-01-12 14:39:16', '2022-01-12 14:39:16'),
(1690, 0, 'administrator', 1089, '1', 'Application.TransServiceRequisition.processEditTransServiceRequisition', 'administrator', 'Edit Trans Service Requisition', '2022-01-12 14:39:16', '2022-01-12 14:39:16', '2022-01-12 14:39:16'),
(1691, 0, 'administrator', 1089, '1', 'Application.TransServiceRequisition.processEditTransServiceRequisition', 'administrator', 'Edit Trans Service Requisition', '2022-01-12 14:39:16', '2022-01-12 14:39:16', '2022-01-12 14:39:16'),
(1692, 0, 'administrator', 1089, '1', 'Application.TransServiceRequisition.processEditTransServiceRequisition', 'administrator', 'Edit Trans Service Requisition', '2022-01-12 14:39:28', '2022-01-12 14:39:28', '2022-01-12 14:39:28'),
(1693, 0, 'administrator', 1089, '1', 'Application.TransServiceRequisition.processEditTransServiceRequisition', 'administrator', 'Edit Trans Service Requisition', '2022-01-12 14:39:28', '2022-01-12 14:39:28', '2022-01-12 14:39:28'),
(1694, 0, 'administrator', 1089, '1', 'Application.TransServiceRequisition.processEditTransServiceRequisition', 'administrator', 'Edit Trans Service Requisition', '2022-01-12 14:39:28', '2022-01-12 14:39:28', '2022-01-12 14:39:28'),
(1695, 0, 'administrator', 1089, '1', 'Application.TransServiceRequisition.processEditTransServiceRequisition', 'administrator', 'Edit Trans Service Requisition', '2022-01-12 14:39:28', '2022-01-12 14:39:28', '2022-01-12 14:39:28'),
(1696, 0, 'administrator', 1089, '1', 'Application.TransServiceRequisition.processEditTransServiceRequisition', 'administrator', 'Edit Trans Service Requisition', '2022-01-12 14:39:28', '2022-01-12 14:39:28', '2022-01-12 14:39:28'),
(1697, 0, 'administrator', 1089, '1', 'Application.TransServiceRequisition.processEditTransServiceRequisition', 'administrator', 'Edit Trans Service Requisition', '2022-01-12 14:39:28', '2022-01-12 14:39:28', '2022-01-12 14:39:28'),
(1698, 0, 'administrator', 1089, '1', 'Application.TransServiceRequisition.processEditTransServiceRequisition', 'administrator', 'Edit Trans Service Requisition', '2022-01-12 14:39:28', '2022-01-12 14:39:28', '2022-01-12 14:39:28'),
(1699, 0, 'administrator', 1089, '1', 'Application.TransServiceRequisition.processEditTransServiceRequisition', 'administrator', 'Edit Trans Service Requisition', '2022-01-12 14:39:28', '2022-01-12 14:39:28', '2022-01-12 14:39:28'),
(1700, 0, 'administrator', 1089, '1', 'Application.TransServiceRequisition.processEditTransServiceRequisition', 'administrator', 'Edit Trans Service Requisition', '2022-01-12 14:39:28', '2022-01-12 14:39:28', '2022-01-12 14:39:28'),
(1701, 0, 'administrator', 1089, '1', 'Application.TransServiceRequisition.processEditTransServiceRequisition', 'administrator', 'Edit Trans Service Requisition', '2022-01-12 14:39:28', '2022-01-12 14:39:28', '2022-01-12 14:39:28'),
(1702, 0, 'administrator', 1089, '1', 'Application.TransServiceRequisition.processEditTransServiceRequisition', 'administrator', 'Edit Trans Service Requisition', '2022-01-12 14:39:28', '2022-01-12 14:39:28', '2022-01-12 14:39:28'),
(1703, 0, 'administrator', 1089, '1', 'Application.TransServiceRequisition.processEditTransServiceRequisition', 'administrator', 'Edit Trans Service Requisition', '2022-01-12 14:39:28', '2022-01-12 14:39:28', '2022-01-12 14:39:28'),
(1704, 0, 'administrator', 1089, '1', 'Application.TransServiceRequisition.processEditTransServiceRequisition', 'administrator', 'Edit Trans Service Requisition', '2022-01-12 14:39:28', '2022-01-12 14:39:28', '2022-01-12 14:39:28'),
(1705, 0, 'administrator', 1089, '1', 'Application.TransServiceRequisition.processEditTransServiceRequisition', 'administrator', 'Edit Trans Service Requisition', '2022-01-12 14:39:28', '2022-01-12 14:39:28', '2022-01-12 14:39:28'),
(1706, 0, 'administrator', 1089, '1', 'Application.TransServiceRequisition.processEditTransServiceRequisition', 'administrator', 'Edit Trans Service Requisition', '2022-01-12 14:39:28', '2022-01-12 14:39:28', '2022-01-12 14:39:28'),
(1707, 0, 'administrator', 1089, '1', 'Application.TransServiceRequisition.processEditTransServiceRequisition', 'administrator', 'Edit Trans Service Requisition', '2022-01-12 14:39:28', '2022-01-12 14:39:28', '2022-01-12 14:39:28'),
(1708, 0, 'administrator', 1089, '1', 'Application.TransServiceRequisition.processEditTransServiceRequisition', 'administrator', 'Edit Trans Service Requisition', '2022-01-12 14:39:28', '2022-01-12 14:39:28', '2022-01-12 14:39:28'),
(1709, 0, 'administrator', 1089, '1', 'Application.TransServiceRequisition.processEditTransServiceRequisition', 'administrator', 'Edit Trans Service Requisition', '2022-01-12 14:39:28', '2022-01-12 14:39:28', '2022-01-12 14:39:28'),
(1710, 0, 'administrator', 1089, '1', 'Application.TransServiceRequisition.processEditTransServiceRequisition', 'administrator', 'Edit Trans Service Requisition', '2022-01-12 14:39:28', '2022-01-12 14:39:28', '2022-01-12 14:39:28'),
(1711, 0, 'administrator', 1089, '1', 'Application.TransServiceRequisition.processEditTransServiceRequisition', 'administrator', 'Edit Trans Service Requisition', '2022-01-12 14:39:28', '2022-01-12 14:39:28', '2022-01-12 14:39:28'),
(1712, 0, 'administrator', 1089, '1', 'Application.TransServiceRequisition.processEditTransServiceRequisition', 'administrator', 'Edit Trans Service Requisition', '2022-01-12 14:39:28', '2022-01-12 14:39:28', '2022-01-12 14:39:28'),
(1713, 0, 'administrator', 1089, '1', 'Application.TransServiceRequisition.processEditTransServiceRequisition', 'administrator', 'Edit Trans Service Requisition', '2022-01-12 14:39:28', '2022-01-12 14:39:28', '2022-01-12 14:39:28'),
(1714, 0, 'administrator', 1089, '1', 'Application.TransServiceRequisition.processEditTransServiceRequisition', 'administrator', 'Edit Trans Service Requisition', '2022-01-12 14:39:28', '2022-01-12 14:39:28', '2022-01-12 14:39:28'),
(1715, 0, 'administrator', 1089, '1', 'Application.TransServiceRequisition.processEditTransServiceRequisition', 'administrator', 'Edit Trans Service Requisition', '2022-01-12 14:39:28', '2022-01-12 14:39:28', '2022-01-12 14:39:28'),
(1716, 0, 'administrator', 1089, '1', 'Application.TransServiceRequisition.processEditTransServiceRequisition', 'administrator', 'Edit Trans Service Requisition', '2022-01-12 14:39:28', '2022-01-12 14:39:28', '2022-01-12 14:39:28'),
(1717, 0, 'administrator', 1089, '1', 'Application.TransServiceRequisition.processEditTransServiceRequisition', 'administrator', 'Edit Trans Service Requisition', '2022-01-12 14:39:28', '2022-01-12 14:39:28', '2022-01-12 14:39:28'),
(1718, 0, 'administrator', 1089, '1', 'Application.TransServiceRequisition.processEditTransServiceRequisition', 'administrator', 'Edit Trans Service Requisition', '2022-01-12 14:39:28', '2022-01-12 14:39:28', '2022-01-12 14:39:28'),
(1719, 0, 'administrator', 1089, '1', 'Application.TransServiceRequisition.processEditTransServiceRequisition', 'administrator', 'Edit Trans Service Requisition', '2022-01-12 14:39:28', '2022-01-12 14:39:28', '2022-01-12 14:39:28'),
(1720, 0, 'administrator', 1089, '1', 'Application.TransServiceDisposition.processAddTransServiceDisposition', 'administrator', 'Add Trans Service Disposition', '2022-01-12 14:39:52', '2022-01-12 14:39:52', '2022-01-12 14:39:52'),
(1721, 0, 'administrator', 1089, '1', 'Application.TransServiceDisposition.processAddTransServiceDisposition', 'administrator', 'Add Trans Service Disposition', '2022-01-12 14:39:52', '2022-01-12 14:39:52', '2022-01-12 14:39:52'),
(1722, 0, 'administrator', 1089, '1', 'Application.TransServiceDisposition.processAddTransServiceDisposition', 'administrator', 'Add Trans Service Disposition', '2022-01-12 14:39:52', '2022-01-12 14:39:52', '2022-01-12 14:39:52'),
(1723, 0, 'administrator', 1089, '1', 'Application.TransServiceDisposition.processAddTransServiceDisposition', 'administrator', 'Add Trans Service Disposition', '2022-01-12 14:39:52', '2022-01-12 14:39:52', '2022-01-12 14:39:52'),
(1724, 0, 'administrator', 1089, '1', 'Application.TransServiceDisposition.processAddTransServiceDisposition', 'administrator', 'Add Trans Service Disposition', '2022-01-12 14:39:52', '2022-01-12 14:39:52', '2022-01-12 14:39:52'),
(1725, 0, 'administrator', 1089, '1', 'Application.TransServiceDisposition.processAddTransServiceDisposition', 'administrator', 'Add Trans Service Disposition', '2022-01-12 14:39:52', '2022-01-12 14:39:52', '2022-01-12 14:39:52'),
(1726, 0, 'administrator', 1089, '1', 'Application.TransServiceDisposition.processAddTransServiceDisposition', 'administrator', 'Add Trans Service Disposition', '2022-01-12 14:39:52', '2022-01-12 14:39:52', '2022-01-12 14:39:52'),
(1727, 0, 'administrator', 1089, '1', 'Application.TransServiceDisposition.processAddTransServiceDisposition', 'administrator', 'Add Trans Service Disposition', '2022-01-12 14:39:52', '2022-01-12 14:39:52', '2022-01-12 14:39:52'),
(1728, 0, 'administrator', 1089, '1', 'Application.TransServiceDisposition.processAddTransServiceDisposition', 'administrator', 'Add Trans Service Disposition', '2022-01-12 14:39:52', '2022-01-12 14:39:52', '2022-01-12 14:39:52'),
(1729, 0, 'administrator', 1089, '1', 'Application.TransServiceDisposition.processAddTransServiceDisposition', 'administrator', 'Add Trans Service Disposition', '2022-01-12 14:39:52', '2022-01-12 14:39:52', '2022-01-12 14:39:52'),
(1730, 0, 'administrator', 1089, '1', 'Application.TransServiceDisposition.processAddTransServiceDisposition', 'administrator', 'Add Trans Service Disposition', '2022-01-12 14:39:52', '2022-01-12 14:39:52', '2022-01-12 14:39:52'),
(1731, 0, 'administrator', 1089, '1', 'Application.TransServiceDisposition.processAddTransServiceDisposition', 'administrator', 'Add Trans Service Disposition', '2022-01-12 14:39:52', '2022-01-12 14:39:52', '2022-01-12 14:39:52'),
(1732, 0, 'administrator', 1089, '1', 'Application.TransServiceDisposition.processAddTransServiceDisposition', 'administrator', 'Add Trans Service Disposition', '2022-01-12 14:39:52', '2022-01-12 14:39:52', '2022-01-12 14:39:52'),
(1733, 0, 'administrator', 1089, '1', 'Application.TransServiceDisposition.processAddTransServiceDisposition', 'administrator', 'Add Trans Service Disposition', '2022-01-12 14:39:52', '2022-01-12 14:39:52', '2022-01-12 14:39:52'),
(1734, 0, 'administrator', 1089, '1', 'Application.TransServiceDisposition.processAddTransServiceDisposition', 'administrator', 'Add Trans Service Disposition', '2022-01-12 14:39:52', '2022-01-12 14:39:52', '2022-01-12 14:39:52'),
(1735, 0, 'administrator', 1089, '1', 'Application.TransServiceDisposition.processAddTransServiceDisposition', 'administrator', 'Add Trans Service Disposition', '2022-01-12 14:39:52', '2022-01-12 14:39:52', '2022-01-12 14:39:52'),
(1736, 0, 'administrator', 1089, '1', 'Application.TransServiceDisposition.processAddTransServiceDisposition', 'administrator', 'Add Trans Service Disposition', '2022-01-12 14:39:52', '2022-01-12 14:39:52', '2022-01-12 14:39:52'),
(1737, 0, 'administrator', 1089, '1', 'Application.TransServiceDisposition.processAddTransServiceDisposition', 'administrator', 'Add Trans Service Disposition', '2022-01-12 14:39:52', '2022-01-12 14:39:52', '2022-01-12 14:39:52');
INSERT INTO `system_log_user` (`user_log_id`, `user_id`, `username`, `id_previllage`, `log_stat`, `class_name`, `pk`, `remark`, `log_time`, `created_at`, `updated_at`) VALUES
(1738, 0, 'administrator', 1089, '1', 'Application.TransServiceDisposition.processAddTransServiceDisposition', 'administrator', 'Add Trans Service Disposition', '2022-01-12 14:39:52', '2022-01-12 14:39:52', '2022-01-12 14:39:52'),
(1739, 0, 'administrator', 1089, '1', 'Application.TransServiceDisposition.processAddTransServiceDisposition', 'administrator', 'Add Trans Service Disposition', '2022-01-12 14:39:52', '2022-01-12 14:39:52', '2022-01-12 14:39:52'),
(1740, 0, 'administrator', 1089, '1', 'Application.TransServiceDisposition.processAddTransServiceDisposition', 'administrator', 'Add Trans Service Disposition', '2022-01-12 14:39:52', '2022-01-12 14:39:52', '2022-01-12 14:39:52'),
(1741, 0, 'administrator', 1089, '1', 'Application.TransServiceDisposition.processAddTransServiceDisposition', 'administrator', 'Add Trans Service Disposition', '2022-01-12 14:39:52', '2022-01-12 14:39:52', '2022-01-12 14:39:52'),
(1742, 0, 'administrator', 1089, '1', 'Application.TransServiceDisposition.processAddTransServiceDisposition', 'administrator', 'Add Trans Service Disposition', '2022-01-12 14:39:52', '2022-01-12 14:39:52', '2022-01-12 14:39:52'),
(1743, 0, 'administrator', 1089, '1', 'Application.TransServiceDisposition.processAddTransServiceDisposition', 'administrator', 'Add Trans Service Disposition', '2022-01-12 14:39:52', '2022-01-12 14:39:52', '2022-01-12 14:39:52'),
(1744, 0, 'administrator', 1089, '1', 'Application.TransServiceDisposition.processAddTransServiceDisposition', 'administrator', 'Add Trans Service Disposition', '2022-01-12 14:39:52', '2022-01-12 14:39:52', '2022-01-12 14:39:52'),
(1745, 0, 'administrator', 1089, '1', 'Application.TransServiceDisposition.processAddTransServiceDisposition', 'administrator', 'Add Trans Service Disposition', '2022-01-12 14:39:52', '2022-01-12 14:39:52', '2022-01-12 14:39:52'),
(1746, 0, 'administrator', 1089, '1', 'Application.TransServiceDisposition.processAddTransServiceDisposition', 'administrator', 'Add Trans Service Disposition', '2022-01-12 14:39:52', '2022-01-12 14:39:52', '2022-01-12 14:39:52'),
(1747, 0, 'administrator', 1089, '1', 'Application.TransServiceDisposition.processAddTransServiceDisposition', 'administrator', 'Add Trans Service Disposition', '2022-01-12 14:39:52', '2022-01-12 14:39:52', '2022-01-12 14:39:52'),
(1748, 0, 'administrator', 1089, '1', 'Application.TransServiceDispositionApproval.processAddTransServiceDispositionApproval', 'administrator', 'Add Trans Service Disposition Approval', '2022-01-12 14:40:33', '2022-01-12 14:40:33', '2022-01-12 14:40:33'),
(1749, 0, 'administrator', 1089, '1', 'Application.TransServiceDispositionReview.processAddTransServiceDispositionReview', 'administrator', 'Add Trans Service Disposition Review', '2022-01-12 14:41:57', '2022-01-12 14:41:57', '2022-01-12 14:41:57'),
(1750, 0, 'administrator', 1089, '1', 'Application.PrintService.export', 'administrator', 'Export', '2022-01-12 14:42:40', '2022-01-12 14:42:40', '2022-01-12 14:42:40'),
(1751, 0, 'administrator', 1089, '1', 'Application.PrintService.export', 'administrator', 'Export', '2022-01-12 14:45:22', '2022-01-12 14:45:22', '2022-01-12 14:45:22'),
(1752, 0, 'administrator', 1089, '1', 'Application.CoreSection.processAddCoreSection', 'administrator', 'Add Core Service', '2022-01-12 14:48:38', '2022-01-12 14:48:38', '2022-01-12 14:48:38'),
(1753, 0, 'administrator', 1089, '1', 'Application.TransServiceDispositionReview.processUnApproveTransServiceDispositionReview', 'administrator', 'UnApprove Trans Service Disposition Review', '2022-01-12 14:53:30', '2022-01-12 14:53:30', '2022-01-12 14:53:30'),
(1754, 0, 'administrator', 1089, '1', 'Application.TransServiceDispositionApproval.processUnApproveTransServiceDispositionApproval', 'administrator', 'UnApprove Trans Service Disposition Approval', '2022-01-12 14:56:58', '2022-01-12 14:56:58', '2022-01-12 14:56:58'),
(1755, 0, 'administrator', 1089, '1', 'Application.TransServiceDisposition.processDocumentRequisitionTransServiceDispositionEdit', 'administrator', 'Document Requisition Edit', '2022-01-12 15:04:11', '2022-01-12 15:04:11', '2022-01-12 15:04:11'),
(1756, 0, 'administrator', 1089, '1', 'Application.TransServiceRequisition.processDocumentRequisitionTransServiceRequisition', 'administrator', 'Add Document Requisition Trans Service Requisition', '2022-01-12 15:39:32', '2022-01-12 15:39:32', '2022-01-12 15:39:32'),
(1757, 0, 'administrator', 1089, '1', 'Application.TransServiceDisposition.processAddTransServiceDisposition', 'administrator', 'Add Trans Service Disposition', '2022-01-12 15:42:43', '2022-01-12 15:42:43', '2022-01-12 15:42:43'),
(1758, 0, 'administrator', 1089, '1', 'Application.TransServiceDisposition.processAddTransServiceDisposition', 'administrator', 'Add Trans Service Disposition', '2022-01-12 15:42:43', '2022-01-12 15:42:43', '2022-01-12 15:42:43'),
(1759, 0, 'administrator', 1089, '1', 'Application.TransServiceDisposition.processAddTransServiceDisposition', 'administrator', 'Add Trans Service Disposition', '2022-01-12 15:42:43', '2022-01-12 15:42:43', '2022-01-12 15:42:43'),
(1760, 0, 'administrator', 1089, '1', 'Application.TransServiceDisposition.processAddTransServiceDisposition', 'administrator', 'Add Trans Service Disposition', '2022-01-12 15:42:43', '2022-01-12 15:42:43', '2022-01-12 15:42:43'),
(1761, 0, 'administrator', 1089, '1', 'Application.TransServiceDisposition.processAddTransServiceDisposition', 'administrator', 'Add Trans Service Disposition', '2022-01-12 15:42:43', '2022-01-12 15:42:43', '2022-01-12 15:42:43'),
(1762, 0, 'administrator', 1089, '1', 'Application.TransServiceDisposition.processAddTransServiceDisposition', 'administrator', 'Add Trans Service Disposition', '2022-01-12 15:42:43', '2022-01-12 15:42:43', '2022-01-12 15:42:43'),
(1763, 0, 'administrator', 1089, '1', 'Application.TransServiceDisposition.processAddTransServiceDisposition', 'administrator', 'Add Trans Service Disposition', '2022-01-12 15:42:43', '2022-01-12 15:42:43', '2022-01-12 15:42:43'),
(1764, 0, 'administrator', 1089, '1', 'Application.TransServiceDisposition.processAddTransServiceDisposition', 'administrator', 'Add Trans Service Disposition', '2022-01-12 15:42:43', '2022-01-12 15:42:43', '2022-01-12 15:42:43'),
(1765, 0, 'administrator', 1089, '1', 'Application.TransServiceDisposition.processAddTransServiceDisposition', 'administrator', 'Add Trans Service Disposition', '2022-01-12 15:42:43', '2022-01-12 15:42:43', '2022-01-12 15:42:43'),
(1766, 0, 'administrator', 1089, '1', 'Application.TransServiceDisposition.processAddTransServiceDisposition', 'administrator', 'Add Trans Service Disposition', '2022-01-12 15:42:43', '2022-01-12 15:42:43', '2022-01-12 15:42:43'),
(1767, 0, 'administrator', 1089, '1', 'Application.TransServiceDisposition.processAddTransServiceDisposition', 'administrator', 'Add Trans Service Disposition', '2022-01-12 15:42:43', '2022-01-12 15:42:43', '2022-01-12 15:42:43'),
(1768, 0, 'administrator', 1089, '1', 'Application.TransServiceDisposition.processAddTransServiceDisposition', 'administrator', 'Add Trans Service Disposition', '2022-01-12 15:42:43', '2022-01-12 15:42:43', '2022-01-12 15:42:43'),
(1769, 0, 'administrator', 1089, '1', 'Application.TransServiceDisposition.processAddTransServiceDisposition', 'administrator', 'Add Trans Service Disposition', '2022-01-12 15:42:43', '2022-01-12 15:42:43', '2022-01-12 15:42:43'),
(1770, 0, 'administrator', 1089, '1', 'Application.TransServiceDisposition.processAddTransServiceDisposition', 'administrator', 'Add Trans Service Disposition', '2022-01-12 15:42:43', '2022-01-12 15:42:43', '2022-01-12 15:42:43'),
(1771, 0, 'administrator', 1089, '1', 'Application.TransServiceDisposition.processAddTransServiceDisposition', 'administrator', 'Add Trans Service Disposition', '2022-01-12 15:42:43', '2022-01-12 15:42:43', '2022-01-12 15:42:43'),
(1772, 0, 'administrator', 1089, '1', 'Application.TransServiceDisposition.processAddTransServiceDisposition', 'administrator', 'Add Trans Service Disposition', '2022-01-12 15:42:43', '2022-01-12 15:42:43', '2022-01-12 15:42:43'),
(1773, 0, 'administrator', 1089, '1', 'Application.TransServiceDisposition.processAddTransServiceDisposition', 'administrator', 'Add Trans Service Disposition', '2022-01-12 15:42:43', '2022-01-12 15:42:43', '2022-01-12 15:42:43'),
(1774, 0, 'administrator', 1089, '1', 'Application.TransServiceDisposition.processAddTransServiceDisposition', 'administrator', 'Add Trans Service Disposition', '2022-01-12 15:42:43', '2022-01-12 15:42:43', '2022-01-12 15:42:43'),
(1775, 0, 'administrator', 1089, '1', 'Application.TransServiceDisposition.processAddTransServiceDisposition', 'administrator', 'Add Trans Service Disposition', '2022-01-12 15:42:43', '2022-01-12 15:42:43', '2022-01-12 15:42:43'),
(1776, 0, 'administrator', 1089, '1', 'Application.TransServiceDisposition.processAddTransServiceDisposition', 'administrator', 'Add Trans Service Disposition', '2022-01-12 15:42:43', '2022-01-12 15:42:43', '2022-01-12 15:42:43'),
(1777, 0, 'administrator', 1089, '1', 'Application.TransServiceDisposition.processAddTransServiceDisposition', 'administrator', 'Add Trans Service Disposition', '2022-01-12 15:42:43', '2022-01-12 15:42:43', '2022-01-12 15:42:43'),
(1778, 0, 'administrator', 1089, '1', 'Application.TransServiceDisposition.processAddTransServiceDisposition', 'administrator', 'Add Trans Service Disposition', '2022-01-12 15:42:43', '2022-01-12 15:42:43', '2022-01-12 15:42:43'),
(1779, 0, 'administrator', 1089, '1', 'Application.TransServiceDisposition.processAddTransServiceDisposition', 'administrator', 'Add Trans Service Disposition', '2022-01-12 15:42:43', '2022-01-12 15:42:43', '2022-01-12 15:42:43'),
(1780, 0, 'administrator', 1089, '1', 'Application.TransServiceDisposition.processAddTransServiceDisposition', 'administrator', 'Add Trans Service Disposition', '2022-01-12 15:42:43', '2022-01-12 15:42:43', '2022-01-12 15:42:43'),
(1781, 0, 'administrator', 1089, '1', 'Application.TransServiceDisposition.processAddTransServiceDisposition', 'administrator', 'Add Trans Service Disposition', '2022-01-12 15:42:43', '2022-01-12 15:42:43', '2022-01-12 15:42:43'),
(1782, 0, 'administrator', 1089, '1', 'Application.TransServiceDisposition.processAddTransServiceDisposition', 'administrator', 'Add Trans Service Disposition', '2022-01-12 15:42:43', '2022-01-12 15:42:43', '2022-01-12 15:42:43'),
(1783, 0, 'administrator', 1089, '1', 'Application.TransServiceDisposition.processAddTransServiceDisposition', 'administrator', 'Add Trans Service Disposition', '2022-01-12 15:42:43', '2022-01-12 15:42:43', '2022-01-12 15:42:43'),
(1784, 0, 'administrator', 1089, '1', 'Application.TransServiceDisposition.processAddTransServiceDisposition', 'administrator', 'Add Trans Service Disposition', '2022-01-12 15:42:43', '2022-01-12 15:42:43', '2022-01-12 15:42:43'),
(1785, 0, 'administrator', 1089, '1', 'Application.TransServiceDisposition.processDocumentRequisitionTransServiceDispositionEdit', 'administrator', 'Document Requisition Edit', '2022-01-12 15:48:09', '2022-01-12 15:48:09', '2022-01-12 15:48:09'),
(1786, 0, 'administrator', 1089, '1', 'Application.TransServiceRequisition.processDocumentRequisitionTransServiceRequisition', 'administrator', 'Add Document Requisition Trans Service Requisition', '2022-01-12 15:52:58', '2022-01-12 15:52:58', '2022-01-12 15:52:58'),
(1787, 0, 'administrator', 1089, '1', 'Application.TransServiceDisposition.processAddTransServiceDisposition', 'administrator', 'Add Trans Service Disposition', '2022-01-12 15:54:11', '2022-01-12 15:54:11', '2022-01-12 15:54:11'),
(1788, 0, 'administrator', 1089, '1', 'Application.TransServiceDisposition.processAddTransServiceDisposition', 'administrator', 'Add Trans Service Disposition', '2022-01-12 15:54:11', '2022-01-12 15:54:11', '2022-01-12 15:54:11'),
(1789, 0, 'administrator', 1089, '1', 'Application.TransServiceDisposition.processAddTransServiceDisposition', 'administrator', 'Add Trans Service Disposition', '2022-01-12 15:54:11', '2022-01-12 15:54:11', '2022-01-12 15:54:11'),
(1790, 0, 'administrator', 1089, '1', 'Application.TransServiceDisposition.processAddTransServiceDisposition', 'administrator', 'Add Trans Service Disposition', '2022-01-12 15:54:11', '2022-01-12 15:54:11', '2022-01-12 15:54:11'),
(1791, 0, 'administrator', 1089, '1', 'Application.TransServiceDisposition.processAddTransServiceDisposition', 'administrator', 'Add Trans Service Disposition', '2022-01-12 15:54:11', '2022-01-12 15:54:11', '2022-01-12 15:54:11'),
(1792, 0, 'administrator', 1089, '1', 'Application.TransServiceDisposition.processAddTransServiceDisposition', 'administrator', 'Add Trans Service Disposition', '2022-01-12 15:54:11', '2022-01-12 15:54:11', '2022-01-12 15:54:11'),
(1793, 0, 'administrator', 1089, '1', 'Application.TransServiceDisposition.processAddTransServiceDisposition', 'administrator', 'Add Trans Service Disposition', '2022-01-12 15:54:11', '2022-01-12 15:54:11', '2022-01-12 15:54:11'),
(1794, 0, 'administrator', 1089, '1', 'Application.TransServiceDisposition.processAddTransServiceDisposition', 'administrator', 'Add Trans Service Disposition', '2022-01-12 15:54:11', '2022-01-12 15:54:11', '2022-01-12 15:54:11'),
(1795, 0, 'administrator', 1089, '1', 'Application.TransServiceDisposition.processAddTransServiceDisposition', 'administrator', 'Add Trans Service Disposition', '2022-01-12 15:54:11', '2022-01-12 15:54:11', '2022-01-12 15:54:11'),
(1796, 0, 'administrator', 1089, '1', 'Application.TransServiceDisposition.processAddTransServiceDisposition', 'administrator', 'Add Trans Service Disposition', '2022-01-12 15:54:11', '2022-01-12 15:54:11', '2022-01-12 15:54:11'),
(1797, 0, 'administrator', 1089, '1', 'Application.TransServiceDisposition.processAddTransServiceDisposition', 'administrator', 'Add Trans Service Disposition', '2022-01-12 15:54:11', '2022-01-12 15:54:11', '2022-01-12 15:54:11'),
(1798, 0, 'administrator', 1089, '1', 'Application.TransServiceDisposition.processAddTransServiceDisposition', 'administrator', 'Add Trans Service Disposition', '2022-01-12 15:54:11', '2022-01-12 15:54:11', '2022-01-12 15:54:11'),
(1799, 0, 'administrator', 1089, '1', 'Application.TransServiceDisposition.processAddTransServiceDisposition', 'administrator', 'Add Trans Service Disposition', '2022-01-12 15:54:11', '2022-01-12 15:54:11', '2022-01-12 15:54:11'),
(1800, 0, 'administrator', 1089, '1', 'Application.TransServiceDisposition.processAddTransServiceDisposition', 'administrator', 'Add Trans Service Disposition', '2022-01-12 15:54:11', '2022-01-12 15:54:11', '2022-01-12 15:54:11'),
(1801, 0, 'administrator', 1089, '1', 'Application.TransServiceDisposition.processAddTransServiceDisposition', 'administrator', 'Add Trans Service Disposition', '2022-01-12 15:54:11', '2022-01-12 15:54:11', '2022-01-12 15:54:11'),
(1802, 0, 'administrator', 1089, '1', 'Application.TransServiceDisposition.processAddTransServiceDisposition', 'administrator', 'Add Trans Service Disposition', '2022-01-12 15:54:11', '2022-01-12 15:54:11', '2022-01-12 15:54:11'),
(1803, 0, 'administrator', 1089, '1', 'Application.TransServiceDisposition.processAddTransServiceDisposition', 'administrator', 'Add Trans Service Disposition', '2022-01-12 15:54:11', '2022-01-12 15:54:11', '2022-01-12 15:54:11'),
(1804, 0, 'administrator', 1089, '1', 'Application.TransServiceDisposition.processAddTransServiceDisposition', 'administrator', 'Add Trans Service Disposition', '2022-01-12 15:54:11', '2022-01-12 15:54:11', '2022-01-12 15:54:11'),
(1805, 0, 'administrator', 1089, '1', 'Application.TransServiceDisposition.processAddTransServiceDisposition', 'administrator', 'Add Trans Service Disposition', '2022-01-12 15:54:11', '2022-01-12 15:54:11', '2022-01-12 15:54:11'),
(1806, 0, 'administrator', 1089, '1', 'Application.TransServiceDisposition.processAddTransServiceDisposition', 'administrator', 'Add Trans Service Disposition', '2022-01-12 15:54:11', '2022-01-12 15:54:11', '2022-01-12 15:54:11'),
(1807, 0, 'administrator', 1089, '1', 'Application.TransServiceDisposition.processAddTransServiceDisposition', 'administrator', 'Add Trans Service Disposition', '2022-01-12 15:54:11', '2022-01-12 15:54:11', '2022-01-12 15:54:11'),
(1808, 0, 'administrator', 1089, '1', 'Application.TransServiceDisposition.processAddTransServiceDisposition', 'administrator', 'Add Trans Service Disposition', '2022-01-12 15:54:11', '2022-01-12 15:54:11', '2022-01-12 15:54:11'),
(1809, 0, 'administrator', 1089, '1', 'Application.TransServiceDisposition.processAddTransServiceDisposition', 'administrator', 'Add Trans Service Disposition', '2022-01-12 15:54:11', '2022-01-12 15:54:11', '2022-01-12 15:54:11'),
(1810, 0, 'administrator', 1089, '1', 'Application.TransServiceDisposition.processAddTransServiceDisposition', 'administrator', 'Add Trans Service Disposition', '2022-01-12 15:54:11', '2022-01-12 15:54:11', '2022-01-12 15:54:11'),
(1811, 0, 'administrator', 1089, '1', 'Application.TransServiceDisposition.processAddTransServiceDisposition', 'administrator', 'Add Trans Service Disposition', '2022-01-12 15:54:11', '2022-01-12 15:54:11', '2022-01-12 15:54:11'),
(1812, 0, 'administrator', 1089, '1', 'Application.TransServiceDisposition.processAddTransServiceDisposition', 'administrator', 'Add Trans Service Disposition', '2022-01-12 15:54:11', '2022-01-12 15:54:11', '2022-01-12 15:54:11'),
(1813, 0, 'administrator', 1089, '1', 'Application.TransServiceDisposition.processAddTransServiceDisposition', 'administrator', 'Add Trans Service Disposition', '2022-01-12 15:54:11', '2022-01-12 15:54:11', '2022-01-12 15:54:11'),
(1814, 0, 'administrator', 1089, '1', 'Application.TransServiceDisposition.processAddTransServiceDisposition', 'administrator', 'Add Trans Service Disposition', '2022-01-12 15:54:11', '2022-01-12 15:54:11', '2022-01-12 15:54:11'),
(1815, 0, 'administrator', 1089, '1', 'Application.TransServiceDispositionApproval.processAddTransServiceDispositionApproval', 'administrator', 'Add Trans Service Disposition Approval', '2022-01-12 15:54:29', '2022-01-12 15:54:29', '2022-01-12 15:54:29'),
(1816, 0, 'administrator', 1089, '1', 'Application.TransServiceDispositionReview.processAddTransServiceDispositionReview', 'administrator', 'Add Trans Service Disposition Review', '2022-01-12 15:54:45', '2022-01-12 15:54:45', '2022-01-12 15:54:45'),
(1817, 0, 'administrator', 1089, '1', 'Application.TransServiceDispositionReview.processAddTransServiceDispositionReview', 'administrator', 'Add Trans Service Disposition Review', '2022-01-12 15:54:47', '2022-01-12 15:54:47', '2022-01-12 15:54:47'),
(1818, 0, 'administrator', 1089, '1', 'Application.TransServiceDispositionReview.processUnApproveTransServiceDispositionReview', 'administrator', 'UnApprove Trans Service Disposition Review', '2022-01-12 15:55:14', '2022-01-12 15:55:14', '2022-01-12 15:55:14'),
(1819, 0, 'administrator', 1089, '1', 'Application.TransServiceDispositionApproval.processUnApproveTransServiceDispositionApproval', 'administrator', 'UnApprove Trans Service Disposition Approval', '2022-01-12 15:55:28', '2022-01-12 15:55:28', '2022-01-12 15:55:28'),
(1820, 0, 'administrator', 1089, '1', 'Application.TransServiceDisposition.processAddTransServiceDisposition', 'administrator', 'Add Trans Service Disposition', '2022-01-12 16:42:30', '2022-01-12 16:42:30', '2022-01-12 16:42:30'),
(1821, 0, 'administrator', 1089, '1', 'Application.TransServiceDisposition.processAddTransServiceDisposition', 'administrator', 'Add Trans Service Disposition', '2022-01-12 16:42:30', '2022-01-12 16:42:30', '2022-01-12 16:42:30'),
(1822, 0, 'administrator', 1089, '1', 'Application.TransServiceDisposition.processAddTransServiceDisposition', 'administrator', 'Add Trans Service Disposition', '2022-01-12 16:42:30', '2022-01-12 16:42:30', '2022-01-12 16:42:30'),
(1823, 0, 'administrator', 1089, '1', 'Application.TransServiceDisposition.processAddTransServiceDisposition', 'administrator', 'Add Trans Service Disposition', '2022-01-12 16:42:30', '2022-01-12 16:42:30', '2022-01-12 16:42:30'),
(1824, 0, 'administrator', 1089, '1', 'Application.TransServiceDisposition.processAddTransServiceDisposition', 'administrator', 'Add Trans Service Disposition', '2022-01-12 16:42:30', '2022-01-12 16:42:30', '2022-01-12 16:42:30'),
(1825, 0, 'administrator', 1089, '1', 'Application.TransServiceDisposition.processAddTransServiceDisposition', 'administrator', 'Add Trans Service Disposition', '2022-01-12 16:42:30', '2022-01-12 16:42:30', '2022-01-12 16:42:30'),
(1826, 0, 'administrator', 1089, '1', 'Application.TransServiceDisposition.processAddTransServiceDisposition', 'administrator', 'Add Trans Service Disposition', '2022-01-12 16:42:30', '2022-01-12 16:42:30', '2022-01-12 16:42:30'),
(1827, 0, 'administrator', 1089, '1', 'Application.TransServiceDisposition.processAddTransServiceDisposition', 'administrator', 'Add Trans Service Disposition', '2022-01-12 16:42:30', '2022-01-12 16:42:30', '2022-01-12 16:42:30'),
(1828, 0, 'administrator', 1089, '1', 'Application.TransServiceDisposition.processAddTransServiceDisposition', 'administrator', 'Add Trans Service Disposition', '2022-01-12 16:42:30', '2022-01-12 16:42:30', '2022-01-12 16:42:30'),
(1829, 0, 'administrator', 1089, '1', 'Application.TransServiceDisposition.processAddTransServiceDisposition', 'administrator', 'Add Trans Service Disposition', '2022-01-12 16:42:30', '2022-01-12 16:42:30', '2022-01-12 16:42:30'),
(1830, 0, 'administrator', 1089, '1', 'Application.TransServiceDisposition.processAddTransServiceDisposition', 'administrator', 'Add Trans Service Disposition', '2022-01-12 16:42:30', '2022-01-12 16:42:30', '2022-01-12 16:42:30'),
(1831, 0, 'administrator', 1089, '1', 'Application.TransServiceDisposition.processAddTransServiceDisposition', 'administrator', 'Add Trans Service Disposition', '2022-01-12 16:42:30', '2022-01-12 16:42:30', '2022-01-12 16:42:30'),
(1832, 0, 'administrator', 1089, '1', 'Application.TransServiceDisposition.processAddTransServiceDisposition', 'administrator', 'Add Trans Service Disposition', '2022-01-12 16:42:30', '2022-01-12 16:42:30', '2022-01-12 16:42:30'),
(1833, 0, 'administrator', 1089, '1', 'Application.TransServiceDisposition.processAddTransServiceDisposition', 'administrator', 'Add Trans Service Disposition', '2022-01-12 16:42:30', '2022-01-12 16:42:30', '2022-01-12 16:42:30'),
(1834, 0, 'administrator', 1089, '1', 'Application.TransServiceDisposition.processAddTransServiceDisposition', 'administrator', 'Add Trans Service Disposition', '2022-01-12 16:42:30', '2022-01-12 16:42:30', '2022-01-12 16:42:30'),
(1835, 0, 'administrator', 1089, '1', 'Application.TransServiceDisposition.processAddTransServiceDisposition', 'administrator', 'Add Trans Service Disposition', '2022-01-12 16:42:30', '2022-01-12 16:42:30', '2022-01-12 16:42:30'),
(1836, 0, 'administrator', 1089, '1', 'Application.TransServiceDisposition.processAddTransServiceDisposition', 'administrator', 'Add Trans Service Disposition', '2022-01-12 16:42:30', '2022-01-12 16:42:30', '2022-01-12 16:42:30'),
(1837, 0, 'administrator', 1089, '1', 'Application.TransServiceDisposition.processAddTransServiceDisposition', 'administrator', 'Add Trans Service Disposition', '2022-01-12 16:42:30', '2022-01-12 16:42:30', '2022-01-12 16:42:30'),
(1838, 0, 'administrator', 1089, '1', 'Application.TransServiceDisposition.processAddTransServiceDisposition', 'administrator', 'Add Trans Service Disposition', '2022-01-12 16:42:30', '2022-01-12 16:42:30', '2022-01-12 16:42:30'),
(1839, 0, 'administrator', 1089, '1', 'Application.TransServiceDisposition.processAddTransServiceDisposition', 'administrator', 'Add Trans Service Disposition', '2022-01-12 16:42:30', '2022-01-12 16:42:30', '2022-01-12 16:42:30'),
(1840, 0, 'administrator', 1089, '1', 'Application.TransServiceDisposition.processAddTransServiceDisposition', 'administrator', 'Add Trans Service Disposition', '2022-01-12 16:42:30', '2022-01-12 16:42:30', '2022-01-12 16:42:30'),
(1841, 0, 'administrator', 1089, '1', 'Application.TransServiceDisposition.processAddTransServiceDisposition', 'administrator', 'Add Trans Service Disposition', '2022-01-12 16:42:30', '2022-01-12 16:42:30', '2022-01-12 16:42:30'),
(1842, 0, 'administrator', 1089, '1', 'Application.TransServiceDisposition.processAddTransServiceDisposition', 'administrator', 'Add Trans Service Disposition', '2022-01-12 16:42:30', '2022-01-12 16:42:30', '2022-01-12 16:42:30'),
(1843, 0, 'administrator', 1089, '1', 'Application.TransServiceDisposition.processAddTransServiceDisposition', 'administrator', 'Add Trans Service Disposition', '2022-01-12 16:42:30', '2022-01-12 16:42:30', '2022-01-12 16:42:30'),
(1844, 0, 'administrator', 1089, '1', 'Application.TransServiceDisposition.processAddTransServiceDisposition', 'administrator', 'Add Trans Service Disposition', '2022-01-12 16:42:30', '2022-01-12 16:42:30', '2022-01-12 16:42:30'),
(1845, 0, 'administrator', 1089, '1', 'Application.TransServiceDisposition.processAddTransServiceDisposition', 'administrator', 'Add Trans Service Disposition', '2022-01-12 16:42:30', '2022-01-12 16:42:30', '2022-01-12 16:42:30'),
(1846, 0, 'administrator', 1089, '1', 'Application.TransServiceDisposition.processAddTransServiceDisposition', 'administrator', 'Add Trans Service Disposition', '2022-01-12 16:42:30', '2022-01-12 16:42:30', '2022-01-12 16:42:30'),
(1847, 0, 'administrator', 1089, '1', 'Application.TransServiceDisposition.processAddTransServiceDisposition', 'administrator', 'Add Trans Service Disposition', '2022-01-12 16:42:30', '2022-01-12 16:42:30', '2022-01-12 16:42:30'),
(1848, 0, 'administrator', 1089, '1', 'Application.PrintService.export', 'administrator', 'Export', '2022-01-12 16:43:51', '2022-01-12 16:43:51', '2022-01-12 16:43:51'),
(1849, 0, 'administrator', 1089, '1', 'Application.TransServiceDispositionApproval.processAddTransServiceDispositionApproval', 'administrator', 'Add Trans Service Disposition Approval', '2022-01-12 16:45:33', '2022-01-12 16:45:33', '2022-01-12 16:45:33'),
(1850, 0, 'administrator', 1089, '1', 'Application.TransServiceDispositionReview.processAddTransServiceDispositionReview', 'administrator', 'Add Trans Service Disposition Review', '2022-01-12 16:45:47', '2022-01-12 16:45:47', '2022-01-12 16:45:47'),
(1851, 0, 'administrator', 1089, '1', 'Application.PrintService.export', 'administrator', 'Export', '2022-01-12 16:45:56', '2022-01-12 16:45:56', '2022-01-12 16:45:56'),
(1852, 0, 'administrator', 1089, '1', 'Application.TransServiecRequisition.print', 'administrator', 'Export', '2022-01-13 06:35:29', '2022-01-13 06:35:29', '2022-01-13 06:35:29'),
(1853, 0, 'administrator', 1089, '1', 'Application.TransServiecRequisition.print', 'administrator', 'Export', '2022-01-13 06:36:10', '2022-01-13 06:36:10', '2022-01-13 06:36:10'),
(1854, 0, 'administrator', 1089, '1', 'Application.TransServiecRequisition.print', 'administrator', 'Export', '2022-01-13 06:36:11', '2022-01-13 06:36:11', '2022-01-13 06:36:11'),
(1855, 0, 'administrator', 1089, '1', 'Application.TransServiecRequisition.print', 'administrator', 'Export', '2022-01-13 06:37:10', '2022-01-13 06:37:10', '2022-01-13 06:37:10'),
(1856, 0, 'administrator', 1089, '1', 'Application.TransServiecRequisition.print', 'administrator', 'Export', '2022-01-13 06:37:19', '2022-01-13 06:37:19', '2022-01-13 06:37:19'),
(1857, 0, 'administrator', 1089, '1', 'Application.TransServiecRequisition.print', 'administrator', 'Export', '2022-01-13 06:38:07', '2022-01-13 06:38:07', '2022-01-13 06:38:07'),
(1858, 0, 'administrator', 1089, '1', 'Application.TransServiecRequisition.print', 'administrator', 'Export', '2022-01-13 06:38:08', '2022-01-13 06:38:08', '2022-01-13 06:38:08'),
(1859, 0, 'administrator', 1089, '1', 'Application.TransServiecRequisition.print', 'administrator', 'Export', '2022-01-13 06:39:01', '2022-01-13 06:39:01', '2022-01-13 06:39:01'),
(1860, 0, 'administrator', 1089, '1', 'Application.TransServiecRequisition.print', 'administrator', 'Export', '2022-01-13 06:39:02', '2022-01-13 06:39:02', '2022-01-13 06:39:02'),
(1861, 0, 'administrator', 1089, '1', 'Application.TransServiecRequisition.print', 'administrator', 'Export', '2022-01-13 06:39:17', '2022-01-13 06:39:17', '2022-01-13 06:39:17'),
(1862, 0, 'administrator', 1089, '1', 'Application.TransServiecRequisition.print', 'administrator', 'Export', '2022-01-13 06:39:19', '2022-01-13 06:39:19', '2022-01-13 06:39:19'),
(1863, 0, 'administrator', 1089, '1', 'Application.TransServiecRequisition.print', 'administrator', 'Export', '2022-01-13 06:39:46', '2022-01-13 06:39:46', '2022-01-13 06:39:46'),
(1864, 0, 'administrator', 1089, '1', 'Application.TransServiecRequisition.print', 'administrator', 'Export', '2022-01-13 06:39:48', '2022-01-13 06:39:48', '2022-01-13 06:39:48'),
(1865, 0, 'administrator', 1089, '1', 'Application.TransServiecRequisition.print', 'administrator', 'Export', '2022-01-13 06:40:06', '2022-01-13 06:40:06', '2022-01-13 06:40:06'),
(1866, 0, 'administrator', 1089, '1', 'Application.TransServiecRequisition.print', 'administrator', 'Export', '2022-01-13 06:40:07', '2022-01-13 06:40:07', '2022-01-13 06:40:07'),
(1867, 0, 'administrator', 1089, '1', 'Application.TransServiecRequisition.print', 'administrator', 'Export', '2022-01-13 06:43:08', '2022-01-13 06:43:08', '2022-01-13 06:43:08'),
(1868, 0, 'administrator', 1089, '1', 'Application.TransServiecRequisition.print', 'administrator', 'Export', '2022-01-13 06:43:09', '2022-01-13 06:43:09', '2022-01-13 06:43:09'),
(1869, 0, 'administrator', 1089, '1', 'Application.TransServiecRequisition.print', 'administrator', 'Export', '2022-01-13 06:47:24', '2022-01-13 06:47:24', '2022-01-13 06:47:24'),
(1870, 0, 'administrator', 1089, '1', 'Application.TransServiecRequisition.print', 'administrator', 'Export', '2022-01-13 06:48:06', '2022-01-13 06:48:06', '2022-01-13 06:48:06'),
(1871, 0, 'administrator', 1089, '1', 'Application.TransServiecRequisition.print', 'administrator', 'Export', '2022-01-13 06:48:08', '2022-01-13 06:48:08', '2022-01-13 06:48:08'),
(1872, 0, 'administrator', 1089, '1', 'Application.TransServiecRequisition.print', 'administrator', 'Export', '2022-01-13 11:10:30', '2022-01-13 11:10:30', '2022-01-13 11:10:30'),
(1873, 0, 'administrator', 1089, '1', 'Application.TransServiecRequisition.print', 'administrator', 'Export', '2022-01-13 11:19:40', '2022-01-13 11:19:40', '2022-01-13 11:19:40'),
(1874, 0, 'administrator', 1089, '1', 'Application.TransServiecRequisition.print', 'administrator', 'Export', '2022-01-13 12:17:02', '2022-01-13 12:17:02', '2022-01-13 12:17:02'),
(1875, 0, 'administrator', 1089, '1', 'Application.TransServiecRequisition.print', 'administrator', 'Export', '2022-01-13 12:18:09', '2022-01-13 12:18:09', '2022-01-13 12:18:09'),
(1876, 0, 'administrator', 1089, '1', 'Application.CoreService.processAddCoreService', 'administrator', 'Add Core Service', '2022-01-13 13:40:51', '2022-01-13 13:40:51', '2022-01-13 13:40:51'),
(1877, 0, 'administrator', 1089, '1', 'Application.CoreService.processAddCoreService', 'administrator', 'Add Core Service', '2022-01-13 13:40:51', '2022-01-13 13:40:51', '2022-01-13 13:40:51'),
(1878, 0, 'administrator', 1089, '1', 'Application.CoreService.processAddCoreService', 'administrator', 'Add Core Service', '2022-01-13 13:40:51', '2022-01-13 13:40:51', '2022-01-13 13:40:51'),
(1879, 0, 'administrator', 1089, '1', 'Application.CoreService.processAddCoreService', 'administrator', 'Add Core Service', '2022-01-13 13:40:51', '2022-01-13 13:40:51', '2022-01-13 13:40:51'),
(1880, 0, 'administrator', 1089, '1', 'Application.TransServiceRequisition.processAddTransServiceRequisition', 'administrator', 'Add Trans Service Requisition', '2022-01-13 13:46:35', '2022-01-13 13:46:35', '2022-01-13 13:46:35'),
(1881, 0, 'administrator', 1089, '1', 'Application.TransServiceRequisition.processAddTransServiceRequisition', 'administrator', 'Add Trans Service Requisition', '2022-01-13 13:46:35', '2022-01-13 13:46:35', '2022-01-13 13:46:35'),
(1882, 0, 'administrator', 1089, '1', 'Application.TransServiceRequisition.processAddTransServiceRequisition', 'administrator', 'Add Trans Service Requisition', '2022-01-13 13:46:35', '2022-01-13 13:46:35', '2022-01-13 13:46:35'),
(1883, 0, 'administrator', 1089, '1', 'Application.TransServiceRequisition.processAddTransServiceRequisition', 'administrator', 'Add Trans Service Requisition', '2022-01-13 13:46:35', '2022-01-13 13:46:35', '2022-01-13 13:46:35'),
(1884, 0, 'administrator', 1089, '1', 'Application.CoreService.processAddCoreService', 'administrator', 'Add Trans Service Requisition', '2022-01-13 13:49:51', '2022-01-13 13:49:51', '2022-01-13 13:49:51'),
(1885, 0, 'administrator', 1089, '1', 'Application.CoreSection.processAddCoreSection', 'administrator', 'Add Core Service', '2022-01-13 13:51:18', '2022-01-13 13:51:18', '2022-01-13 13:51:18'),
(1886, 0, 'administrator', 1089, '1', 'Application.CoreSection.processAddCoreSection', 'administrator', 'Add Core Service', '2022-01-13 13:51:30', '2022-01-13 13:51:30', '2022-01-13 13:51:30'),
(1887, 0, 'administrator', 1089, '1', 'Application.CoreSection.processAddCoreSection', 'administrator', 'Add Core Service', '2022-01-13 13:51:44', '2022-01-13 13:51:44', '2022-01-13 13:51:44'),
(1888, 0, 'administrator', 1089, '1', 'Application.TransServiceDisposition.processAddTransServiceDisposition', 'administrator', 'Add Trans Service Disposition', '2022-01-13 13:52:35', '2022-01-13 13:52:35', '2022-01-13 13:52:35'),
(1889, 0, 'administrator', 1089, '1', 'Application.TransServiceDisposition.processAddTransServiceDisposition', 'administrator', 'Add Trans Service Disposition', '2022-01-13 13:52:35', '2022-01-13 13:52:35', '2022-01-13 13:52:35'),
(1890, 0, 'administrator', 1089, '1', 'Application.TransServiceDisposition.processAddTransServiceDisposition', 'administrator', 'Add Trans Service Disposition', '2022-01-13 13:52:35', '2022-01-13 13:52:35', '2022-01-13 13:52:35'),
(1891, 0, 'administrator', 1089, '1', 'Application.TransServiceDisposition.processAddTransServiceDisposition', 'administrator', 'Add Trans Service Disposition', '2022-01-13 13:52:35', '2022-01-13 13:52:35', '2022-01-13 13:52:35'),
(1892, 0, 'administrator', 1089, '1', 'Application.TransServiceDispositionApproval.processAddTransServiceDispositionApproval', 'administrator', 'Add Trans Service Disposition Approval', '2022-01-13 13:55:48', '2022-01-13 13:55:48', '2022-01-13 13:55:48'),
(1893, 0, 'administrator', 1089, '1', 'Application.TransServiceDispositionApproval.processUnApproveTransServiceDispositionApproval', 'administrator', 'UnApprove Trans Service Disposition Approval', '2022-01-13 13:56:10', '2022-01-13 13:56:10', '2022-01-13 13:56:10'),
(1894, 0, 'administrator', 1089, '1', 'Application.TransServiceDispositionApproval.processAddTransServiceDispositionApproval', 'administrator', 'Add Trans Service Disposition Approval', '2022-01-13 13:57:04', '2022-01-13 13:57:04', '2022-01-13 13:57:04'),
(1895, 0, 'administrator', 1089, '1', 'Application.TransServiceDispositionReview.processAddTransServiceDispositionReview', 'administrator', 'Add Trans Service Disposition Review', '2022-01-13 14:00:58', '2022-01-13 14:00:58', '2022-01-13 14:00:58'),
(1896, 0, 'administrator', 1089, '1', 'Application.TransServiceDispositionReview.processUnApproveTransServiceDispositionReview', 'administrator', 'UnApprove Trans Service Disposition Review', '2022-01-13 14:01:13', '2022-01-13 14:01:13', '2022-01-13 14:01:13'),
(1897, 0, 'administrator', 1089, '1', 'Application.TransServiceDispositionReview.processAddTransServiceDispositionReview', 'administrator', 'Add Trans Service Disposition Review', '2022-01-13 14:01:36', '2022-01-13 14:01:36', '2022-01-13 14:01:36'),
(1898, 0, 'administrator', 1089, '1', 'Application.TransServiecRequisition.print', 'administrator', 'Export', '2022-01-13 14:02:06', '2022-01-13 14:02:06', '2022-01-13 14:02:06'),
(1899, 0, 'administrator', 1089, '1', 'Application.TransServiecRequisition.print', 'administrator', 'Export', '2022-01-13 14:02:07', '2022-01-13 14:02:07', '2022-01-13 14:02:07'),
(1900, 0, 'administrator', 1089, '1', 'Application.PrintService.export', 'administrator', 'Export', '2022-01-13 14:05:23', '2022-01-13 14:05:23', '2022-01-13 14:05:23'),
(1901, 0, 'administrator', 1089, '1', 'Application.PrintService.export', 'administrator', 'Export', '2022-01-13 14:05:24', '2022-01-13 14:05:24', '2022-01-13 14:05:24'),
(1902, 0, 'administrator', 1089, '1', 'Application.TransServiecRequisition.print', 'administrator', 'Export', '2022-01-19 16:31:51', '2022-01-19 16:31:51', '2022-01-19 16:31:51'),
(1903, 0, 'administrator', 1089, '1', 'Application.TransServiecRequisition.print', 'administrator', 'Export', '2022-01-21 15:52:50', '2022-01-21 15:52:50', '2022-01-21 15:52:50'),
(1904, 0, 'administrator', 1089, '1', 'Application.TransServiecRequisition.print', 'administrator', 'Export', '2022-01-21 15:54:09', '2022-01-21 15:54:09', '2022-01-21 15:54:09'),
(1905, 0, 'administrator', 1089, '1', 'Application.CoreService.processAddCoreService', 'administrator', 'Add Core Service', '2022-01-28 12:50:00', '2022-01-28 12:50:00', '2022-01-28 12:50:00'),
(1906, 0, 'administrator', 1089, '1', 'Application.CoreService.processAddCoreService', 'administrator', 'Add Core Service', '2022-01-28 12:50:00', '2022-01-28 12:50:00', '2022-01-28 12:50:00'),
(1907, 0, 'administrator', 1089, '1', 'Application.CoreService.processAddCoreService', 'administrator', 'Add Core Service', '2022-01-28 12:50:00', '2022-01-28 12:50:00', '2022-01-28 12:50:00'),
(1908, 0, 'administrator', 1089, '1', 'Application.CoreService.processAddCoreService', 'administrator', 'Add Core Service', '2022-01-28 12:50:00', '2022-01-28 12:50:00', '2022-01-28 12:50:00'),
(1909, 0, 'administrator', 1089, '1', 'Application.CoreService.processAddCoreService', 'administrator', 'Add Core Service', '2022-01-28 12:50:00', '2022-01-28 12:50:00', '2022-01-28 12:50:00'),
(1910, 0, 'administrator', 1089, '1', 'Application.CoreService.processAddCoreService', 'administrator', 'Add Core Service', '2022-01-28 12:50:00', '2022-01-28 12:50:00', '2022-01-28 12:50:00'),
(1911, 0, 'administrator', 1089, '1', 'Application.CoreService.processAddCoreService', 'administrator', 'Add Core Service', '2022-01-28 12:50:00', '2022-01-28 12:50:00', '2022-01-28 12:50:00'),
(1912, 0, 'administrator', 1089, '1', 'Application.CoreService.processAddCoreService', 'administrator', 'Add Core Service', '2022-01-28 12:50:00', '2022-01-28 12:50:00', '2022-01-28 12:50:00'),
(1913, 0, 'administrator', 1089, '1', 'Application.CoreService.processAddCoreService', 'administrator', 'Add Core Service', '2022-01-28 12:50:00', '2022-01-28 12:50:00', '2022-01-28 12:50:00'),
(1914, 0, 'administrator', 1089, '1', 'Application.CoreService.processAddCoreService', 'administrator', 'Add Core Service', '2022-01-28 12:50:00', '2022-01-28 12:50:00', '2022-01-28 12:50:00'),
(1915, 0, 'administrator', 1089, '1', 'Application.CoreService.processAddCoreService', 'administrator', 'Add Core Service', '2022-01-28 12:50:00', '2022-01-28 12:50:00', '2022-01-28 12:50:00'),
(1916, 0, 'administrator', 1089, '1', 'Application.CoreService.processAddCoreService', 'administrator', 'Add Core Service', '2022-01-28 12:50:00', '2022-01-28 12:50:00', '2022-01-28 12:50:00'),
(1917, 0, 'administrator', 1089, '1', 'Application.CoreService.processAddCoreService', 'administrator', 'Add Core Service', '2022-01-28 12:50:00', '2022-01-28 12:50:00', '2022-01-28 12:50:00'),
(1918, 0, 'administrator', 1089, '1', 'Application.CoreService.processAddCoreService', 'administrator', 'Add Core Service', '2022-01-28 12:50:00', '2022-01-28 12:50:00', '2022-01-28 12:50:00'),
(1919, 0, 'administrator', 1089, '1', 'Application.CoreService.processAddCoreService', 'administrator', 'Add Core Service', '2022-01-28 12:50:00', '2022-01-28 12:50:00', '2022-01-28 12:50:00'),
(1920, 0, 'administrator', 1089, '1', 'Application.CoreService.processAddCoreService', 'administrator', 'Add Core Service', '2022-01-28 12:50:00', '2022-01-28 12:50:00', '2022-01-28 12:50:00'),
(1921, 0, 'administrator', 1089, '1', 'Application.CoreService.processAddCoreService', 'administrator', 'Add Core Service', '2022-01-28 12:50:00', '2022-01-28 12:50:00', '2022-01-28 12:50:00'),
(1922, 0, 'administrator', 1089, '1', 'Application.CoreService.processAddCoreService', 'administrator', 'Add Core Service', '2022-01-28 12:50:00', '2022-01-28 12:50:00', '2022-01-28 12:50:00'),
(1923, 0, 'administrator', 1089, '1', 'Application.CoreService.processAddCoreService', 'administrator', 'Add Core Service', '2022-01-28 12:50:00', '2022-01-28 12:50:00', '2022-01-28 12:50:00'),
(1924, 0, 'administrator', 1089, '1', 'Application.CoreService.processAddCoreService', 'administrator', 'Add Core Service', '2022-01-28 12:50:00', '2022-01-28 12:50:00', '2022-01-28 12:50:00'),
(1925, 0, 'administrator', 1089, '1', 'Application.CoreService.processAddCoreService', 'administrator', 'Add Core Service', '2022-01-28 12:50:00', '2022-01-28 12:50:00', '2022-01-28 12:50:00'),
(1926, 0, 'administrator', 1089, '1', 'Application.CoreService.processAddCoreService', 'administrator', 'Add Core Service', '2022-01-28 12:50:00', '2022-01-28 12:50:00', '2022-01-28 12:50:00'),
(1927, 0, 'administrator', 1089, '1', 'Application.CoreService.processAddCoreService', 'administrator', 'Add Core Service', '2022-01-28 12:50:00', '2022-01-28 12:50:00', '2022-01-28 12:50:00'),
(1928, 0, 'administrator', 1089, '1', 'Application.CoreService.processAddCoreService', 'administrator', 'Add Core Service', '2022-01-28 12:50:00', '2022-01-28 12:50:00', '2022-01-28 12:50:00'),
(1929, 0, 'administrator', 1089, '1', 'Application.CoreService.processAddCoreService', 'administrator', 'Add Core Service', '2022-01-28 12:50:00', '2022-01-28 12:50:00', '2022-01-28 12:50:00'),
(1930, 0, 'administrator', 1089, '1', 'Application.CoreService.processAddCoreService', 'administrator', 'Add Core Service', '2022-01-28 12:50:00', '2022-01-28 12:50:00', '2022-01-28 12:50:00'),
(1931, 0, 'administrator', 1089, '1', 'Application.CoreService.processAddCoreService', 'administrator', 'Add Core Service', '2022-01-28 12:50:00', '2022-01-28 12:50:00', '2022-01-28 12:50:00'),
(1932, 0, 'administrator', 1089, '1', 'Application.CoreService.processAddCoreService', 'administrator', 'Add Core Service', '2022-01-28 12:50:00', '2022-01-28 12:50:00', '2022-01-28 12:50:00'),
(1933, 0, 'administrator', 1089, '1', 'Application.CoreService.processAddCoreService', 'administrator', 'Add Core Service', '2022-01-28 12:50:00', '2022-01-28 12:50:00', '2022-01-28 12:50:00'),
(1934, 0, 'administrator', 1089, '1', 'Application.CoreService.processAddCoreService', 'administrator', 'Add Core Service', '2022-01-28 12:50:00', '2022-01-28 12:50:00', '2022-01-28 12:50:00'),
(1935, 0, 'administrator', 1089, '1', 'Application.CoreService.processAddCoreService', 'administrator', 'Add Core Service', '2022-01-28 12:50:00', '2022-01-28 12:50:00', '2022-01-28 12:50:00'),
(1936, 0, 'administrator', 1089, '1', 'Application.CoreService.processEditCoreService', 'administrator', 'Edit Core Service', '2022-01-28 12:59:58', '2022-01-28 12:59:58', '2022-01-28 12:59:58'),
(1937, 0, 'administrator', 1089, '1', 'Application.TransServiecRequisition.print', 'administrator', 'Export', '2022-01-31 11:05:32', '2022-01-31 11:05:32', '2022-01-31 11:05:32'),
(1938, 0, 'administrator', 1089, '1', 'Application.TransServiecRequisition.print', 'administrator', 'Export', '2022-02-03 10:48:53', '2022-02-03 10:48:53', '2022-02-03 10:48:53'),
(1939, 0, 'administrator', 1089, '1', 'Application.TransServiecRequisition.print', 'administrator', 'Export', '2022-02-09 16:11:14', '2022-02-09 16:11:14', '2022-02-09 16:11:14'),
(1940, 0, 'administrator', 1089, '1', 'Application.TransServiceGeneral.processAddTransServiceGeneral', 'administrator', 'Add Trans Service General', '2022-02-09 16:12:58', '2022-02-09 16:12:58', '2022-02-09 16:12:58'),
(1941, 0, 'administrator', 1089, '1', 'Application.TransServiceGeneral.processAddTransServiceGeneral', 'administrator', 'Add Trans Service General', '2022-02-09 16:12:58', '2022-02-09 16:12:58', '2022-02-09 16:12:58'),
(1942, 0, 'administrator', 1089, '1', 'Application.TransServiceGeneral.processAddTransServiceGeneral', 'administrator', 'Add Trans Service General', '2022-02-09 16:12:58', '2022-02-09 16:12:58', '2022-02-09 16:12:58'),
(1943, 0, 'administrator', 1089, '1', 'Application.TransServiceGeneral.processAddTransServiceGeneral', 'administrator', 'Add Trans Service General', '2022-02-09 16:12:58', '2022-02-09 16:12:58', '2022-02-09 16:12:58'),
(1944, 0, 'administrator', 1089, '1', 'Application.TransServiceGeneral.processAddTransServiceGeneral', 'administrator', 'Add Trans Service General', '2022-02-09 16:12:58', '2022-02-09 16:12:58', '2022-02-09 16:12:58'),
(1945, 0, 'administrator', 1089, '1', 'Application.TransServiecGeneral.print', 'administrator', 'Export', '2022-02-09 16:13:15', '2022-02-09 16:13:15', '2022-02-09 16:13:15'),
(1946, 0, 'administrator', 1089, '1', 'Application.PrintService.export', 'administrator', 'Export', '2022-02-09 16:39:28', '2022-02-09 16:39:28', '2022-02-09 16:39:28'),
(1947, 0, 'administrator', 1089, '1', 'Application.PrintService.export', 'administrator', 'Export', '2022-02-09 16:45:13', '2022-02-09 16:45:13', '2022-02-09 16:45:13'),
(1948, 0, 'administrator', 1089, '1', 'Application.TransServiecGeneral.print', 'administrator', 'Export', '2022-02-09 16:45:33', '2022-02-09 16:45:33', '2022-02-09 16:45:33'),
(1949, 0, 'administrator', 1089, '1', 'Application.TransServiceRequisition.processAddTransServiceRequisition', 'administrator', 'Add Trans Service Requisition', '2022-02-18 15:06:36', '2022-02-18 15:06:36', '2022-02-18 15:06:36'),
(1950, 0, 'administrator', 1089, '1', 'Application.TransServiceRequisition.processAddTransServiceRequisition', 'administrator', 'Add Trans Service Requisition', '2022-02-18 15:06:36', '2022-02-18 15:06:36', '2022-02-18 15:06:36'),
(1951, 0, 'administrator', 1089, '1', 'Application.TransServiceRequisition.processAddTransServiceRequisition', 'administrator', 'Add Trans Service Requisition', '2022-02-18 15:06:36', '2022-02-18 15:06:36', '2022-02-18 15:06:36'),
(1952, 0, 'administrator', 1089, '1', 'Application.TransServiceRequisition.processAddTransServiceRequisition', 'administrator', 'Add Trans Service Requisition', '2022-02-18 15:06:36', '2022-02-18 15:06:36', '2022-02-18 15:06:36'),
(1953, 0, 'administrator', 1089, '1', 'Application.TransServiceRequisition.processAddTransServiceRequisition', 'administrator', 'Add Trans Service Requisition', '2022-02-18 15:06:36', '2022-02-18 15:06:36', '2022-02-18 15:06:36'),
(1954, 0, 'administrator', 1089, '1', 'Application.TransServiceRequisition.processAddTransServiceRequisition', 'administrator', 'Add Trans Service Requisition', '2022-02-18 15:06:36', '2022-02-18 15:06:36', '2022-02-18 15:06:36'),
(1955, 0, 'administrator', 1089, '1', 'Application.TransServiceRequisition.processAddTransServiceRequisition', 'administrator', 'Add Trans Service Requisition', '2022-02-18 15:06:36', '2022-02-18 15:06:36', '2022-02-18 15:06:36'),
(1956, 0, 'administrator', 1089, '1', 'Application.TransServiceRequisition.processAddTransServiceRequisition', 'administrator', 'Add Trans Service Requisition', '2022-02-18 15:06:36', '2022-02-18 15:06:36', '2022-02-18 15:06:36'),
(1957, 0, 'administrator', 1089, '1', 'Application.TransServiceRequisition.processAddTransServiceRequisition', 'administrator', 'Add Trans Service Requisition', '2022-02-18 15:06:36', '2022-02-18 15:06:36', '2022-02-18 15:06:36'),
(1958, 0, 'administrator', 1089, '1', 'Application.TransServiceRequisition.processAddTransServiceRequisition', 'administrator', 'Add Trans Service Requisition', '2022-02-18 15:06:36', '2022-02-18 15:06:36', '2022-02-18 15:06:36'),
(1959, 0, 'administrator', 1089, '1', 'Application.TransServiceRequisition.processAddTransServiceRequisition', 'administrator', 'Add Trans Service Requisition', '2022-02-18 15:06:36', '2022-02-18 15:06:36', '2022-02-18 15:06:36'),
(1960, 0, 'administrator', 1089, '1', 'Application.TransServiceRequisition.processAddTransServiceRequisition', 'administrator', 'Add Trans Service Requisition', '2022-02-18 15:06:36', '2022-02-18 15:06:36', '2022-02-18 15:06:36'),
(1961, 0, 'administrator', 1089, '1', 'Application.TransServiceRequisition.processAddTransServiceRequisition', 'administrator', 'Add Trans Service Requisition', '2022-02-18 15:06:36', '2022-02-18 15:06:36', '2022-02-18 15:06:36'),
(1962, 0, 'administrator', 1089, '1', 'Application.TransServiceRequisition.processAddTransServiceRequisition', 'administrator', 'Add Trans Service Requisition', '2022-02-18 15:06:36', '2022-02-18 15:06:36', '2022-02-18 15:06:36'),
(1963, 0, 'administrator', 1089, '1', 'Application.TransServiceRequisition.processAddTransServiceRequisition', 'administrator', 'Add Trans Service Requisition', '2022-02-18 15:06:36', '2022-02-18 15:06:36', '2022-02-18 15:06:36'),
(1964, 0, 'administrator', 1089, '1', 'Application.TransServiceRequisition.processAddTransServiceRequisition', 'administrator', 'Add Trans Service Requisition', '2022-02-18 15:06:36', '2022-02-18 15:06:36', '2022-02-18 15:06:36'),
(1965, 0, 'administrator', 1089, '1', 'Application.TransServiceRequisition.processAddTransServiceRequisition', 'administrator', 'Add Trans Service Requisition', '2022-02-18 15:06:36', '2022-02-18 15:06:36', '2022-02-18 15:06:36'),
(1966, 0, 'administrator', 1089, '1', 'Application.TransServiceRequisition.processAddTransServiceRequisition', 'administrator', 'Add Trans Service Requisition', '2022-02-18 15:06:36', '2022-02-18 15:06:36', '2022-02-18 15:06:36'),
(1967, 0, 'administrator', 1089, '1', 'Application.TransServiceRequisition.processAddTransServiceRequisition', 'administrator', 'Add Trans Service Requisition', '2022-02-18 15:06:36', '2022-02-18 15:06:36', '2022-02-18 15:06:36'),
(1968, 0, 'administrator', 1089, '1', 'Application.TransServiceRequisition.processAddTransServiceRequisition', 'administrator', 'Add Trans Service Requisition', '2022-02-18 15:06:36', '2022-02-18 15:06:36', '2022-02-18 15:06:36');
INSERT INTO `system_log_user` (`user_log_id`, `user_id`, `username`, `id_previllage`, `log_stat`, `class_name`, `pk`, `remark`, `log_time`, `created_at`, `updated_at`) VALUES
(1969, 0, 'administrator', 1089, '1', 'Application.TransServiceRequisition.processAddTransServiceRequisition', 'administrator', 'Add Trans Service Requisition', '2022-02-18 15:06:36', '2022-02-18 15:06:36', '2022-02-18 15:06:36'),
(1970, 0, 'administrator', 1089, '1', 'Application.TransServiceRequisition.processAddTransServiceRequisition', 'administrator', 'Add Trans Service Requisition', '2022-02-18 15:06:36', '2022-02-18 15:06:36', '2022-02-18 15:06:36'),
(1971, 0, 'administrator', 1089, '1', 'Application.TransServiceRequisition.processAddTransServiceRequisition', 'administrator', 'Add Trans Service Requisition', '2022-02-18 15:06:36', '2022-02-18 15:06:36', '2022-02-18 15:06:36'),
(1972, 0, 'administrator', 1089, '1', 'Application.TransServiceRequisition.processAddTransServiceRequisition', 'administrator', 'Add Trans Service Requisition', '2022-02-18 15:06:36', '2022-02-18 15:06:36', '2022-02-18 15:06:36'),
(1973, 0, 'administrator', 1089, '1', 'Application.TransServiceRequisition.processAddTransServiceRequisition', 'administrator', 'Add Trans Service Requisition', '2022-02-18 15:06:36', '2022-02-18 15:06:36', '2022-02-18 15:06:36'),
(1974, 0, 'administrator', 1089, '1', 'Application.TransServiceRequisition.processAddTransServiceRequisition', 'administrator', 'Add Trans Service Requisition', '2022-02-18 15:06:36', '2022-02-18 15:06:36', '2022-02-18 15:06:36'),
(1975, 0, 'administrator', 1089, '1', 'Application.TransServiceRequisition.processAddTransServiceRequisition', 'administrator', 'Add Trans Service Requisition', '2022-02-18 15:06:36', '2022-02-18 15:06:36', '2022-02-18 15:06:36'),
(1976, 0, 'administrator', 1089, '1', 'Application.TransServiceRequisition.processAddTransServiceRequisition', 'administrator', 'Add Trans Service Requisition', '2022-02-18 15:06:36', '2022-02-18 15:06:36', '2022-02-18 15:06:36'),
(1977, 0, 'administrator', 1089, '1', 'Application.TransServiceRequisition.processAddTransServiceRequisition', 'administrator', 'Add Trans Service Requisition', '2022-02-18 15:06:36', '2022-02-18 15:06:36', '2022-02-18 15:06:36'),
(1978, 0, 'administrator', 1089, '1', 'Application.TransServiceRequisition.processAddTransServiceRequisition', 'administrator', 'Add Trans Service Requisition', '2022-02-18 15:06:36', '2022-02-18 15:06:36', '2022-02-18 15:06:36'),
(1979, 0, 'administrator', 1089, '1', 'Application.TransServiceRequisition.processEditTransServiceRequisition', 'administrator', 'Edit Trans Service Requisition', '2022-02-18 15:07:48', '2022-02-18 15:07:48', '2022-02-18 15:07:48'),
(1980, 0, 'administrator', 1089, '1', 'Application.TransServiceRequisition.processEditTransServiceRequisition', 'administrator', 'Edit Trans Service Requisition', '2022-02-18 15:07:48', '2022-02-18 15:07:48', '2022-02-18 15:07:48'),
(1981, 0, 'administrator', 1089, '1', 'Application.TransServiceRequisition.processEditTransServiceRequisition', 'administrator', 'Edit Trans Service Requisition', '2022-02-18 15:07:48', '2022-02-18 15:07:48', '2022-02-18 15:07:48'),
(1982, 0, 'administrator', 1089, '1', 'Application.TransServiceRequisition.processEditTransServiceRequisition', 'administrator', 'Edit Trans Service Requisition', '2022-02-18 15:07:48', '2022-02-18 15:07:48', '2022-02-18 15:07:48'),
(1983, 0, 'administrator', 1089, '1', 'Application.TransServiceRequisition.processEditTransServiceRequisition', 'administrator', 'Edit Trans Service Requisition', '2022-02-18 15:07:48', '2022-02-18 15:07:48', '2022-02-18 15:07:48'),
(1984, 0, 'administrator', 1089, '1', 'Application.TransServiceRequisition.processEditTransServiceRequisition', 'administrator', 'Edit Trans Service Requisition', '2022-02-18 15:07:48', '2022-02-18 15:07:48', '2022-02-18 15:07:48'),
(1985, 0, 'administrator', 1089, '1', 'Application.TransServiceRequisition.processEditTransServiceRequisition', 'administrator', 'Edit Trans Service Requisition', '2022-02-18 15:07:48', '2022-02-18 15:07:48', '2022-02-18 15:07:48'),
(1986, 0, 'administrator', 1089, '1', 'Application.TransServiceRequisition.processEditTransServiceRequisition', 'administrator', 'Edit Trans Service Requisition', '2022-02-18 15:07:48', '2022-02-18 15:07:48', '2022-02-18 15:07:48'),
(1987, 0, 'administrator', 1089, '1', 'Application.TransServiceRequisition.processEditTransServiceRequisition', 'administrator', 'Edit Trans Service Requisition', '2022-02-18 15:07:48', '2022-02-18 15:07:48', '2022-02-18 15:07:48'),
(1988, 0, 'administrator', 1089, '1', 'Application.TransServiceRequisition.processEditTransServiceRequisition', 'administrator', 'Edit Trans Service Requisition', '2022-02-18 15:07:48', '2022-02-18 15:07:48', '2022-02-18 15:07:48'),
(1989, 0, 'administrator', 1089, '1', 'Application.TransServiceRequisition.processEditTransServiceRequisition', 'administrator', 'Edit Trans Service Requisition', '2022-02-18 15:07:48', '2022-02-18 15:07:48', '2022-02-18 15:07:48'),
(1990, 0, 'administrator', 1089, '1', 'Application.TransServiceRequisition.processEditTransServiceRequisition', 'administrator', 'Edit Trans Service Requisition', '2022-02-18 15:07:48', '2022-02-18 15:07:48', '2022-02-18 15:07:48'),
(1991, 0, 'administrator', 1089, '1', 'Application.TransServiceRequisition.processEditTransServiceRequisition', 'administrator', 'Edit Trans Service Requisition', '2022-02-18 15:07:48', '2022-02-18 15:07:48', '2022-02-18 15:07:48'),
(1992, 0, 'administrator', 1089, '1', 'Application.TransServiceRequisition.processEditTransServiceRequisition', 'administrator', 'Edit Trans Service Requisition', '2022-02-18 15:07:48', '2022-02-18 15:07:48', '2022-02-18 15:07:48'),
(1993, 0, 'administrator', 1089, '1', 'Application.TransServiceRequisition.processEditTransServiceRequisition', 'administrator', 'Edit Trans Service Requisition', '2022-02-18 15:07:48', '2022-02-18 15:07:48', '2022-02-18 15:07:48'),
(1994, 0, 'administrator', 1089, '1', 'Application.TransServiceRequisition.processEditTransServiceRequisition', 'administrator', 'Edit Trans Service Requisition', '2022-02-18 15:07:48', '2022-02-18 15:07:48', '2022-02-18 15:07:48'),
(1995, 0, 'administrator', 1089, '1', 'Application.TransServiceRequisition.processEditTransServiceRequisition', 'administrator', 'Edit Trans Service Requisition', '2022-02-18 15:07:48', '2022-02-18 15:07:48', '2022-02-18 15:07:48'),
(1996, 0, 'administrator', 1089, '1', 'Application.TransServiceRequisition.processEditTransServiceRequisition', 'administrator', 'Edit Trans Service Requisition', '2022-02-18 15:07:48', '2022-02-18 15:07:48', '2022-02-18 15:07:48'),
(1997, 0, 'administrator', 1089, '1', 'Application.TransServiceRequisition.processEditTransServiceRequisition', 'administrator', 'Edit Trans Service Requisition', '2022-02-18 15:07:48', '2022-02-18 15:07:48', '2022-02-18 15:07:48'),
(1998, 0, 'administrator', 1089, '1', 'Application.TransServiceRequisition.processEditTransServiceRequisition', 'administrator', 'Edit Trans Service Requisition', '2022-02-18 15:07:48', '2022-02-18 15:07:48', '2022-02-18 15:07:48'),
(1999, 0, 'administrator', 1089, '1', 'Application.TransServiceRequisition.processEditTransServiceRequisition', 'administrator', 'Edit Trans Service Requisition', '2022-02-18 15:07:48', '2022-02-18 15:07:48', '2022-02-18 15:07:48'),
(2000, 0, 'administrator', 1089, '1', 'Application.TransServiceRequisition.processEditTransServiceRequisition', 'administrator', 'Edit Trans Service Requisition', '2022-02-18 15:07:48', '2022-02-18 15:07:48', '2022-02-18 15:07:48'),
(2001, 0, 'administrator', 1089, '1', 'Application.TransServiceRequisition.processEditTransServiceRequisition', 'administrator', 'Edit Trans Service Requisition', '2022-02-18 15:07:48', '2022-02-18 15:07:48', '2022-02-18 15:07:48'),
(2002, 0, 'administrator', 1089, '1', 'Application.TransServiceRequisition.processEditTransServiceRequisition', 'administrator', 'Edit Trans Service Requisition', '2022-02-18 15:07:48', '2022-02-18 15:07:48', '2022-02-18 15:07:48'),
(2003, 0, 'administrator', 1089, '1', 'Application.TransServiceRequisition.processEditTransServiceRequisition', 'administrator', 'Edit Trans Service Requisition', '2022-02-18 15:07:48', '2022-02-18 15:07:48', '2022-02-18 15:07:48'),
(2004, 0, 'administrator', 1089, '1', 'Application.TransServiceRequisition.processEditTransServiceRequisition', 'administrator', 'Edit Trans Service Requisition', '2022-02-18 15:07:48', '2022-02-18 15:07:48', '2022-02-18 15:07:48'),
(2005, 0, 'administrator', 1089, '1', 'Application.TransServiceRequisition.processEditTransServiceRequisition', 'administrator', 'Edit Trans Service Requisition', '2022-02-18 15:07:48', '2022-02-18 15:07:48', '2022-02-18 15:07:48'),
(2006, 0, 'administrator', 1089, '1', 'Application.TransServiceRequisition.processEditTransServiceRequisition', 'administrator', 'Edit Trans Service Requisition', '2022-02-18 15:07:48', '2022-02-18 15:07:48', '2022-02-18 15:07:48'),
(2007, 0, 'administrator', 1089, '1', 'Application.TransServiceRequisition.processEditTransServiceRequisition', 'administrator', 'Edit Trans Service Requisition', '2022-02-18 15:07:48', '2022-02-18 15:07:48', '2022-02-18 15:07:48'),
(2008, 0, 'administrator', 1089, '1', 'Application.TransServiceRequisition.processEditTransServiceRequisition', 'administrator', 'Edit Trans Service Requisition', '2022-02-18 15:07:48', '2022-02-18 15:07:48', '2022-02-18 15:07:48'),
(2009, 0, 'administrator', 1089, '1', 'Application.TransServiecRequisition.print', 'administrator', 'Export', '2022-02-18 15:08:08', '2022-02-18 15:08:08', '2022-02-18 15:08:08'),
(2010, 0, 'administrator', 1089, '1', 'Application.TransServiceDisposition.processAddTransServiceDisposition', 'administrator', 'Add Trans Service Disposition', '2022-02-18 15:25:56', '2022-02-18 15:25:56', '2022-02-18 15:25:56'),
(2011, 0, 'administrator', 1089, '1', 'Application.TransServiceDisposition.processAddTransServiceDisposition', 'administrator', 'Add Trans Service Disposition', '2022-02-18 15:25:56', '2022-02-18 15:25:56', '2022-02-18 15:25:56'),
(2012, 0, 'administrator', 1089, '1', 'Application.TransServiceDisposition.processAddTransServiceDisposition', 'administrator', 'Add Trans Service Disposition', '2022-02-18 15:25:56', '2022-02-18 15:25:56', '2022-02-18 15:25:56'),
(2013, 0, 'administrator', 1089, '1', 'Application.TransServiceDisposition.processAddTransServiceDisposition', 'administrator', 'Add Trans Service Disposition', '2022-02-18 15:25:56', '2022-02-18 15:25:56', '2022-02-18 15:25:56'),
(2014, 0, 'administrator', 1089, '1', 'Application.TransServiceDisposition.processAddTransServiceDisposition', 'administrator', 'Add Trans Service Disposition', '2022-02-18 15:25:56', '2022-02-18 15:25:56', '2022-02-18 15:25:56'),
(2015, 0, 'administrator', 1089, '1', 'Application.TransServiceDisposition.processAddTransServiceDisposition', 'administrator', 'Add Trans Service Disposition', '2022-02-18 15:25:56', '2022-02-18 15:25:56', '2022-02-18 15:25:56'),
(2016, 0, 'administrator', 1089, '1', 'Application.TransServiceDisposition.processAddTransServiceDisposition', 'administrator', 'Add Trans Service Disposition', '2022-02-18 15:25:56', '2022-02-18 15:25:56', '2022-02-18 15:25:56'),
(2017, 0, 'administrator', 1089, '1', 'Application.TransServiceDisposition.processAddTransServiceDisposition', 'administrator', 'Add Trans Service Disposition', '2022-02-18 15:25:56', '2022-02-18 15:25:56', '2022-02-18 15:25:56'),
(2018, 0, 'administrator', 1089, '1', 'Application.TransServiceDisposition.processAddTransServiceDisposition', 'administrator', 'Add Trans Service Disposition', '2022-02-18 15:25:56', '2022-02-18 15:25:56', '2022-02-18 15:25:56'),
(2019, 0, 'administrator', 1089, '1', 'Application.TransServiceDisposition.processAddTransServiceDisposition', 'administrator', 'Add Trans Service Disposition', '2022-02-18 15:25:56', '2022-02-18 15:25:56', '2022-02-18 15:25:56'),
(2020, 0, 'administrator', 1089, '1', 'Application.TransServiceDisposition.processAddTransServiceDisposition', 'administrator', 'Add Trans Service Disposition', '2022-02-18 15:25:56', '2022-02-18 15:25:56', '2022-02-18 15:25:56'),
(2021, 0, 'administrator', 1089, '1', 'Application.TransServiceDisposition.processAddTransServiceDisposition', 'administrator', 'Add Trans Service Disposition', '2022-02-18 15:25:56', '2022-02-18 15:25:56', '2022-02-18 15:25:56'),
(2022, 0, 'administrator', 1089, '1', 'Application.TransServiceDisposition.processAddTransServiceDisposition', 'administrator', 'Add Trans Service Disposition', '2022-02-18 15:25:56', '2022-02-18 15:25:56', '2022-02-18 15:25:56'),
(2023, 0, 'administrator', 1089, '1', 'Application.TransServiceDisposition.processAddTransServiceDisposition', 'administrator', 'Add Trans Service Disposition', '2022-02-18 15:25:56', '2022-02-18 15:25:56', '2022-02-18 15:25:56'),
(2024, 0, 'administrator', 1089, '1', 'Application.TransServiceDisposition.processAddTransServiceDisposition', 'administrator', 'Add Trans Service Disposition', '2022-02-18 15:25:56', '2022-02-18 15:25:56', '2022-02-18 15:25:56'),
(2025, 0, 'administrator', 1089, '1', 'Application.TransServiceDisposition.processAddTransServiceDisposition', 'administrator', 'Add Trans Service Disposition', '2022-02-18 15:25:56', '2022-02-18 15:25:56', '2022-02-18 15:25:56'),
(2026, 0, 'administrator', 1089, '1', 'Application.TransServiceDisposition.processAddTransServiceDisposition', 'administrator', 'Add Trans Service Disposition', '2022-02-18 15:25:56', '2022-02-18 15:25:56', '2022-02-18 15:25:56'),
(2027, 0, 'administrator', 1089, '1', 'Application.TransServiceDisposition.processAddTransServiceDisposition', 'administrator', 'Add Trans Service Disposition', '2022-02-18 15:25:56', '2022-02-18 15:25:56', '2022-02-18 15:25:56'),
(2028, 0, 'administrator', 1089, '1', 'Application.TransServiceDisposition.processAddTransServiceDisposition', 'administrator', 'Add Trans Service Disposition', '2022-02-18 15:25:56', '2022-02-18 15:25:56', '2022-02-18 15:25:56'),
(2029, 0, 'administrator', 1089, '1', 'Application.TransServiceDisposition.processAddTransServiceDisposition', 'administrator', 'Add Trans Service Disposition', '2022-02-18 15:25:56', '2022-02-18 15:25:56', '2022-02-18 15:25:56'),
(2030, 0, 'administrator', 1089, '1', 'Application.TransServiceDisposition.processAddTransServiceDisposition', 'administrator', 'Add Trans Service Disposition', '2022-02-18 15:25:56', '2022-02-18 15:25:56', '2022-02-18 15:25:56'),
(2031, 0, 'administrator', 1089, '1', 'Application.TransServiceDisposition.processAddTransServiceDisposition', 'administrator', 'Add Trans Service Disposition', '2022-02-18 15:25:56', '2022-02-18 15:25:56', '2022-02-18 15:25:56'),
(2032, 0, 'administrator', 1089, '1', 'Application.TransServiceDisposition.processAddTransServiceDisposition', 'administrator', 'Add Trans Service Disposition', '2022-02-18 15:25:56', '2022-02-18 15:25:56', '2022-02-18 15:25:56'),
(2033, 0, 'administrator', 1089, '1', 'Application.TransServiceDisposition.processAddTransServiceDisposition', 'administrator', 'Add Trans Service Disposition', '2022-02-18 15:25:56', '2022-02-18 15:25:56', '2022-02-18 15:25:56'),
(2034, 0, 'administrator', 1089, '1', 'Application.TransServiceDisposition.processAddTransServiceDisposition', 'administrator', 'Add Trans Service Disposition', '2022-02-18 15:25:56', '2022-02-18 15:25:56', '2022-02-18 15:25:56'),
(2035, 0, 'administrator', 1089, '1', 'Application.TransServiceDisposition.processAddTransServiceDisposition', 'administrator', 'Add Trans Service Disposition', '2022-02-18 15:25:56', '2022-02-18 15:25:56', '2022-02-18 15:25:56'),
(2036, 0, 'administrator', 1089, '1', 'Application.TransServiceDisposition.processAddTransServiceDisposition', 'administrator', 'Add Trans Service Disposition', '2022-02-18 15:25:56', '2022-02-18 15:25:56', '2022-02-18 15:25:56'),
(2037, 0, 'administrator', 1089, '1', 'Application.TransServiceDisposition.processAddTransServiceDisposition', 'administrator', 'Add Trans Service Disposition', '2022-02-18 15:25:56', '2022-02-18 15:25:56', '2022-02-18 15:25:56'),
(2038, 0, 'administrator', 1089, '1', 'Application.TransServiceDisposition.processAddTransServiceDisposition', 'administrator', 'Add Trans Service Disposition', '2022-02-18 15:25:56', '2022-02-18 15:25:56', '2022-02-18 15:25:56'),
(2039, 0, 'administrator', 1089, '1', 'Application.TransServiceDisposition.processAddTransServiceDisposition', 'administrator', 'Add Trans Service Disposition', '2022-02-18 15:25:56', '2022-02-18 15:25:56', '2022-02-18 15:25:56'),
(2040, 0, 'administrator', 1089, '1', 'Application.TransServiceDisposition.processAddTransServiceDisposition', 'administrator', 'Add Trans Service Disposition', '2022-02-18 15:27:39', '2022-02-18 15:27:39', '2022-02-18 15:27:39'),
(2041, 0, 'administrator', 1089, '1', 'Application.TransServiceDispositionApproval.processAddTransServiceDispositionApproval', 'administrator', 'Add Trans Service Disposition Approval', '2022-02-18 15:28:54', '2022-02-18 15:28:54', '2022-02-18 15:28:54'),
(2042, 0, 'administrator', 1089, '1', 'Application.TransServiceDispositionApproval.processUnApproveTransServiceDispositionApproval', 'administrator', 'UnApprove Trans Service Disposition Approval', '2022-02-18 15:29:11', '2022-02-18 15:29:11', '2022-02-18 15:29:11'),
(2043, 0, 'administrator', 1089, '1', 'Application.TransServiceDisposition.processAddTransServiceDisposition', 'administrator', 'Add Trans Service Disposition', '2022-02-18 15:29:49', '2022-02-18 15:29:49', '2022-02-18 15:29:49'),
(2044, 0, 'administrator', 1089, '1', 'Application.TransServiceDisposition.processAddTransServiceDisposition', 'administrator', 'Add Trans Service Disposition', '2022-02-18 15:29:49', '2022-02-18 15:29:49', '2022-02-18 15:29:49'),
(2045, 0, 'administrator', 1089, '1', 'Application.TransServiceDisposition.processAddTransServiceDisposition', 'administrator', 'Add Trans Service Disposition', '2022-02-18 15:29:49', '2022-02-18 15:29:49', '2022-02-18 15:29:49'),
(2046, 0, 'administrator', 1089, '1', 'Application.TransServiceDisposition.processAddTransServiceDisposition', 'administrator', 'Add Trans Service Disposition', '2022-02-18 15:29:49', '2022-02-18 15:29:49', '2022-02-18 15:29:49'),
(2047, 0, 'administrator', 1089, '1', 'Application.TransServiceDisposition.processAddTransServiceDisposition', 'administrator', 'Add Trans Service Disposition', '2022-02-18 15:29:49', '2022-02-18 15:29:49', '2022-02-18 15:29:49'),
(2048, 0, 'administrator', 1089, '1', 'Application.TransServiceDisposition.processAddTransServiceDisposition', 'administrator', 'Add Trans Service Disposition', '2022-02-18 15:29:49', '2022-02-18 15:29:49', '2022-02-18 15:29:49'),
(2049, 0, 'administrator', 1089, '1', 'Application.TransServiceDisposition.processAddTransServiceDisposition', 'administrator', 'Add Trans Service Disposition', '2022-02-18 15:29:49', '2022-02-18 15:29:49', '2022-02-18 15:29:49'),
(2050, 0, 'administrator', 1089, '1', 'Application.TransServiceDisposition.processAddTransServiceDisposition', 'administrator', 'Add Trans Service Disposition', '2022-02-18 15:29:49', '2022-02-18 15:29:49', '2022-02-18 15:29:49'),
(2051, 0, 'administrator', 1089, '1', 'Application.TransServiceDisposition.processAddTransServiceDisposition', 'administrator', 'Add Trans Service Disposition', '2022-02-18 15:29:49', '2022-02-18 15:29:49', '2022-02-18 15:29:49'),
(2052, 0, 'administrator', 1089, '1', 'Application.TransServiceDisposition.processAddTransServiceDisposition', 'administrator', 'Add Trans Service Disposition', '2022-02-18 15:29:49', '2022-02-18 15:29:49', '2022-02-18 15:29:49'),
(2053, 0, 'administrator', 1089, '1', 'Application.TransServiceDisposition.processAddTransServiceDisposition', 'administrator', 'Add Trans Service Disposition', '2022-02-18 15:29:49', '2022-02-18 15:29:49', '2022-02-18 15:29:49'),
(2054, 0, 'administrator', 1089, '1', 'Application.TransServiceDisposition.processAddTransServiceDisposition', 'administrator', 'Add Trans Service Disposition', '2022-02-18 15:29:49', '2022-02-18 15:29:49', '2022-02-18 15:29:49'),
(2055, 0, 'administrator', 1089, '1', 'Application.TransServiceDisposition.processAddTransServiceDisposition', 'administrator', 'Add Trans Service Disposition', '2022-02-18 15:29:49', '2022-02-18 15:29:49', '2022-02-18 15:29:49'),
(2056, 0, 'administrator', 1089, '1', 'Application.TransServiceDisposition.processAddTransServiceDisposition', 'administrator', 'Add Trans Service Disposition', '2022-02-18 15:29:49', '2022-02-18 15:29:49', '2022-02-18 15:29:49'),
(2057, 0, 'administrator', 1089, '1', 'Application.TransServiceDisposition.processAddTransServiceDisposition', 'administrator', 'Add Trans Service Disposition', '2022-02-18 15:29:49', '2022-02-18 15:29:49', '2022-02-18 15:29:49'),
(2058, 0, 'administrator', 1089, '1', 'Application.TransServiceDisposition.processAddTransServiceDisposition', 'administrator', 'Add Trans Service Disposition', '2022-02-18 15:29:49', '2022-02-18 15:29:49', '2022-02-18 15:29:49'),
(2059, 0, 'administrator', 1089, '1', 'Application.TransServiceDisposition.processAddTransServiceDisposition', 'administrator', 'Add Trans Service Disposition', '2022-02-18 15:29:49', '2022-02-18 15:29:49', '2022-02-18 15:29:49'),
(2060, 0, 'administrator', 1089, '1', 'Application.TransServiceDisposition.processAddTransServiceDisposition', 'administrator', 'Add Trans Service Disposition', '2022-02-18 15:29:49', '2022-02-18 15:29:49', '2022-02-18 15:29:49'),
(2061, 0, 'administrator', 1089, '1', 'Application.TransServiceDisposition.processAddTransServiceDisposition', 'administrator', 'Add Trans Service Disposition', '2022-02-18 15:29:49', '2022-02-18 15:29:49', '2022-02-18 15:29:49'),
(2062, 0, 'administrator', 1089, '1', 'Application.TransServiceDisposition.processAddTransServiceDisposition', 'administrator', 'Add Trans Service Disposition', '2022-02-18 15:29:49', '2022-02-18 15:29:49', '2022-02-18 15:29:49'),
(2063, 0, 'administrator', 1089, '1', 'Application.TransServiceDisposition.processAddTransServiceDisposition', 'administrator', 'Add Trans Service Disposition', '2022-02-18 15:29:49', '2022-02-18 15:29:49', '2022-02-18 15:29:49'),
(2064, 0, 'administrator', 1089, '1', 'Application.TransServiceDisposition.processAddTransServiceDisposition', 'administrator', 'Add Trans Service Disposition', '2022-02-18 15:29:49', '2022-02-18 15:29:49', '2022-02-18 15:29:49'),
(2065, 0, 'administrator', 1089, '1', 'Application.TransServiceDisposition.processAddTransServiceDisposition', 'administrator', 'Add Trans Service Disposition', '2022-02-18 15:29:49', '2022-02-18 15:29:49', '2022-02-18 15:29:49'),
(2066, 0, 'administrator', 1089, '1', 'Application.TransServiceDisposition.processAddTransServiceDisposition', 'administrator', 'Add Trans Service Disposition', '2022-02-18 15:29:49', '2022-02-18 15:29:49', '2022-02-18 15:29:49'),
(2067, 0, 'administrator', 1089, '1', 'Application.TransServiceDisposition.processAddTransServiceDisposition', 'administrator', 'Add Trans Service Disposition', '2022-02-18 15:29:49', '2022-02-18 15:29:49', '2022-02-18 15:29:49'),
(2068, 0, 'administrator', 1089, '1', 'Application.TransServiceDisposition.processAddTransServiceDisposition', 'administrator', 'Add Trans Service Disposition', '2022-02-18 15:29:49', '2022-02-18 15:29:49', '2022-02-18 15:29:49'),
(2069, 0, 'administrator', 1089, '1', 'Application.TransServiceDisposition.processAddTransServiceDisposition', 'administrator', 'Add Trans Service Disposition', '2022-02-18 15:29:49', '2022-02-18 15:29:49', '2022-02-18 15:29:49'),
(2070, 0, 'administrator', 1089, '1', 'Application.TransServiceDisposition.processAddTransServiceDisposition', 'administrator', 'Add Trans Service Disposition', '2022-02-18 15:29:49', '2022-02-18 15:29:49', '2022-02-18 15:29:49'),
(2071, 0, 'administrator', 1089, '1', 'Application.TransServiceDispositionApproval.processAddTransServiceDispositionApproval', 'administrator', 'Add Trans Service Disposition Approval', '2022-02-18 15:30:13', '2022-02-18 15:30:13', '2022-02-18 15:30:13'),
(2072, 0, 'administrator', 1089, '1', 'Application.TransServiceDispositionReview.processAddTransServiceDispositionReview', 'administrator', 'Add Trans Service Disposition Review', '2022-02-18 15:31:03', '2022-02-18 15:31:03', '2022-02-18 15:31:03'),
(2073, 0, 'administrator', 1089, '1', 'Application.TransServiceDispositionApproval.processAddTransServiceDispositionApproval', 'administrator', 'Add Trans Service Disposition Approval', '2022-02-18 15:31:25', '2022-02-18 15:31:25', '2022-02-18 15:31:25'),
(2074, 0, 'administrator', 1089, '1', 'Application.TransServiceDispositionReview.processAddTransServiceDispositionReview', 'administrator', 'Add Trans Service Disposition Review', '2022-02-18 15:31:39', '2022-02-18 15:31:39', '2022-02-18 15:31:39'),
(2075, 0, 'administrator', 1089, '1', 'Application.TransServiceRequisition.processAddTransServiceRequisition', 'administrator', 'Add Trans Service Requisition', '2022-02-18 15:43:49', '2022-02-18 15:43:49', '2022-02-18 15:43:49'),
(2076, 0, 'administrator', 1089, '1', 'Application.TransServiceRequisition.processAddTransServiceRequisition', 'administrator', 'Add Trans Service Requisition', '2022-02-18 15:43:49', '2022-02-18 15:43:49', '2022-02-18 15:43:49'),
(2077, 0, 'administrator', 1089, '1', 'Application.TransServiceRequisition.processAddTransServiceRequisition', 'administrator', 'Add Trans Service Requisition', '2022-02-18 15:43:49', '2022-02-18 15:43:49', '2022-02-18 15:43:49'),
(2078, 0, 'administrator', 1089, '1', 'Application.TransServiceRequisition.processAddTransServiceRequisition', 'administrator', 'Add Trans Service Requisition', '2022-02-18 15:43:49', '2022-02-18 15:43:49', '2022-02-18 15:43:49'),
(2079, 0, 'administrator', 1089, '1', 'Application.TransServiceRequisition.processEditTransServiceRequisition', 'administrator', 'Edit Trans Service Requisition', '2022-02-18 15:44:15', '2022-02-18 15:44:15', '2022-02-18 15:44:15'),
(2080, 0, 'administrator', 1089, '1', 'Application.TransServiceRequisition.processEditTransServiceRequisition', 'administrator', 'Edit Trans Service Requisition', '2022-02-18 15:44:15', '2022-02-18 15:44:15', '2022-02-18 15:44:15'),
(2081, 0, 'administrator', 1089, '1', 'Application.TransServiceRequisition.processEditTransServiceRequisition', 'administrator', 'Edit Trans Service Requisition', '2022-02-18 15:44:15', '2022-02-18 15:44:15', '2022-02-18 15:44:15'),
(2082, 0, 'administrator', 1089, '1', 'Application.TransServiceRequisition.processEditTransServiceRequisition', 'administrator', 'Edit Trans Service Requisition', '2022-02-18 15:44:15', '2022-02-18 15:44:15', '2022-02-18 15:44:15'),
(2083, 0, 'administrator', 1089, '1', 'Application.TransServiceDisposition.processAddTransServiceDisposition', 'administrator', 'Add Trans Service Disposition', '2022-02-18 15:44:40', '2022-02-18 15:44:40', '2022-02-18 15:44:40'),
(2084, 0, 'administrator', 1089, '1', 'Application.TransServiceDisposition.processAddTransServiceDisposition', 'administrator', 'Add Trans Service Disposition', '2022-02-18 15:44:40', '2022-02-18 15:44:40', '2022-02-18 15:44:40'),
(2085, 0, 'administrator', 1089, '1', 'Application.TransServiceDisposition.processAddTransServiceDisposition', 'administrator', 'Add Trans Service Disposition', '2022-02-18 15:44:40', '2022-02-18 15:44:40', '2022-02-18 15:44:40'),
(2086, 0, 'administrator', 1089, '1', 'Application.TransServiceDisposition.processAddTransServiceDisposition', 'administrator', 'Add Trans Service Disposition', '2022-02-18 15:44:40', '2022-02-18 15:44:40', '2022-02-18 15:44:40'),
(2087, 0, 'administrator', 1089, '1', 'Application.TransServiceDispositionApproval.processAddTransServiceDispositionApproval', 'administrator', 'Add Trans Service Disposition Approval', '2022-02-18 15:45:05', '2022-02-18 15:45:05', '2022-02-18 15:45:05'),
(2088, 0, 'administrator', 1089, '1', 'Application.TransServiceDispositionApproval.processUnApproveTransServiceDispositionApproval', 'administrator', 'UnApprove Trans Service Disposition Approval', '2022-02-18 15:45:46', '2022-02-18 15:45:46', '2022-02-18 15:45:46'),
(2089, 0, 'administrator', 1089, '1', 'Application.TransServiceDisposition.processDocumentRequisitionTransServiceDispositionEdit', 'administrator', 'Document Requisition Edit', '2022-02-18 15:46:36', '2022-02-18 15:46:36', '2022-02-18 15:46:36'),
(2090, 0, 'administrator', 1089, '1', 'Application.TransServiceRequisition.processDocumentRequisitionTransServiceRequisition', 'administrator', 'Add Document Requisition Trans Service Requisition', '2022-02-18 15:46:59', '2022-02-18 15:46:59', '2022-02-18 15:46:59'),
(2091, 0, 'administrator', 1089, '1', 'Application.TransServiceDisposition.processAddTransServiceDisposition', 'administrator', 'Add Trans Service Disposition', '2022-02-18 15:47:25', '2022-02-18 15:47:25', '2022-02-18 15:47:25'),
(2092, 0, 'administrator', 1089, '1', 'Application.TransServiceDisposition.processAddTransServiceDisposition', 'administrator', 'Add Trans Service Disposition', '2022-02-18 15:47:25', '2022-02-18 15:47:25', '2022-02-18 15:47:25'),
(2093, 0, 'administrator', 1089, '1', 'Application.TransServiceDisposition.processAddTransServiceDisposition', 'administrator', 'Add Trans Service Disposition', '2022-02-18 15:47:25', '2022-02-18 15:47:25', '2022-02-18 15:47:25'),
(2094, 0, 'administrator', 1089, '1', 'Application.TransServiceDisposition.processAddTransServiceDisposition', 'administrator', 'Add Trans Service Disposition', '2022-02-18 15:47:25', '2022-02-18 15:47:25', '2022-02-18 15:47:25'),
(2095, 0, 'administrator', 1089, '1', 'Application.TransServiceDispositionApproval.processAddTransServiceDispositionApproval', 'administrator', 'Add Trans Service Disposition Approval', '2022-02-18 15:47:44', '2022-02-18 15:47:44', '2022-02-18 15:47:44'),
(2096, 0, 'administrator', 1089, '1', 'Application.TransServiceDispositionReview.processAddTransServiceDispositionReview', 'administrator', 'Add Trans Service Disposition Review', '2022-02-18 15:48:31', '2022-02-18 15:48:31', '2022-02-18 15:48:31'),
(2097, 0, 'administrator', 1089, '1', 'Application.TransServiecRequisition.print', 'administrator', 'Export', '2022-02-18 15:48:41', '2022-02-18 15:48:41', '2022-02-18 15:48:41'),
(2098, 0, 'administrator', 1089, '1', 'Application.TransServiceRequisition.processAddTransServiceRequisition', 'administrator', 'Add Trans Service Requisition', '2022-02-18 15:51:03', '2022-02-18 15:51:03', '2022-02-18 15:51:03'),
(2099, 0, 'administrator', 1089, '1', 'Application.TransServiceRequisition.processAddTransServiceRequisition', 'administrator', 'Add Trans Service Requisition', '2022-02-18 15:51:03', '2022-02-18 15:51:03', '2022-02-18 15:51:03'),
(2100, 0, 'administrator', 1089, '1', 'Application.TransServiceRequisition.processAddTransServiceRequisition', 'administrator', 'Add Trans Service Requisition', '2022-02-18 15:51:03', '2022-02-18 15:51:03', '2022-02-18 15:51:03'),
(2101, 0, 'administrator', 1089, '1', 'Application.TransServiceRequisition.processAddTransServiceRequisition', 'administrator', 'Add Trans Service Requisition', '2022-02-18 15:51:03', '2022-02-18 15:51:03', '2022-02-18 15:51:03'),
(2102, 0, 'administrator', 1089, '1', 'Application.TransServiceRequisition.processAddTransServiceRequisition', 'administrator', 'Add Trans Service Requisition', '2022-02-18 16:13:37', '2022-02-18 16:13:37', '2022-02-18 16:13:37'),
(2103, 0, 'administrator', 1089, '1', 'Application.TransServiceRequisition.processAddTransServiceRequisition', 'administrator', 'Add Trans Service Requisition', '2022-02-18 16:13:37', '2022-02-18 16:13:37', '2022-02-18 16:13:37'),
(2104, 0, 'administrator', 1089, '1', 'Application.TransServiceRequisition.processAddTransServiceRequisition', 'administrator', 'Add Trans Service Requisition', '2022-02-18 16:13:37', '2022-02-18 16:13:37', '2022-02-18 16:13:37'),
(2105, 0, 'administrator', 1089, '1', 'Application.TransServiceRequisition.processAddTransServiceRequisition', 'administrator', 'Add Trans Service Requisition', '2022-02-18 16:13:37', '2022-02-18 16:13:37', '2022-02-18 16:13:37'),
(2106, 0, 'administrator', 1089, '1', 'Application.TransServiceRequisition.processAddTransServiceRequisition', 'administrator', 'Add Trans Service Requisition', '2022-02-18 16:19:40', '2022-02-18 16:19:40', '2022-02-18 16:19:40'),
(2107, 0, 'administrator', 1089, '1', 'Application.TransServiceRequisition.processAddTransServiceRequisition', 'administrator', 'Add Trans Service Requisition', '2022-02-18 16:19:40', '2022-02-18 16:19:40', '2022-02-18 16:19:40'),
(2108, 0, 'administrator', 1089, '1', 'Application.TransServiceRequisition.processAddTransServiceRequisition', 'administrator', 'Add Trans Service Requisition', '2022-02-18 16:19:40', '2022-02-18 16:19:40', '2022-02-18 16:19:40'),
(2109, 0, 'administrator', 1089, '1', 'Application.TransServiceRequisition.processAddTransServiceRequisition', 'administrator', 'Add Trans Service Requisition', '2022-02-18 16:19:40', '2022-02-18 16:19:40', '2022-02-18 16:19:40'),
(2110, 0, 'administrator', 1089, '1', 'Application.TransServiceRequisition.processAddTransServiceRequisition', 'administrator', 'Add Trans Service Requisition', '2022-02-18 16:22:51', '2022-02-18 16:22:51', '2022-02-18 16:22:51'),
(2111, 0, 'administrator', 1089, '1', 'Application.TransServiceRequisition.processAddTransServiceRequisition', 'administrator', 'Add Trans Service Requisition', '2022-02-18 16:22:51', '2022-02-18 16:22:51', '2022-02-18 16:22:51'),
(2112, 0, 'administrator', 1089, '1', 'Application.TransServiceRequisition.processAddTransServiceRequisition', 'administrator', 'Add Trans Service Requisition', '2022-02-18 16:22:51', '2022-02-18 16:22:51', '2022-02-18 16:22:51'),
(2113, 0, 'administrator', 1089, '1', 'Application.TransServiceRequisition.processAddTransServiceRequisition', 'administrator', 'Add Trans Service Requisition', '2022-02-18 16:22:51', '2022-02-18 16:22:51', '2022-02-18 16:22:51'),
(2114, 0, 'administrator', 1089, '1', 'Application.TransServiceRequisition.processAddTransServiceRequisition', 'administrator', 'Add Trans Service Requisition', '2022-02-18 16:24:46', '2022-02-18 16:24:46', '2022-02-18 16:24:46'),
(2115, 0, 'administrator', 1089, '1', 'Application.TransServiceRequisition.processAddTransServiceRequisition', 'administrator', 'Add Trans Service Requisition', '2022-02-18 16:24:46', '2022-02-18 16:24:46', '2022-02-18 16:24:46'),
(2116, 0, 'administrator', 1089, '1', 'Application.TransServiceRequisition.processAddTransServiceRequisition', 'administrator', 'Add Trans Service Requisition', '2022-02-18 16:24:46', '2022-02-18 16:24:46', '2022-02-18 16:24:46'),
(2117, 0, 'administrator', 1089, '1', 'Application.TransServiceRequisition.processAddTransServiceRequisition', 'administrator', 'Add Trans Service Requisition', '2022-02-18 16:24:46', '2022-02-18 16:24:46', '2022-02-18 16:24:46'),
(2118, 0, 'administrator', 1089, '1', 'Application.TransServiceDisposition.processAddTransServiceDisposition', 'administrator', 'Add Trans Service Disposition', '2022-02-18 16:25:04', '2022-02-18 16:25:04', '2022-02-18 16:25:04'),
(2119, 0, 'administrator', 1089, '1', 'Application.TransServiceDisposition.processAddTransServiceDisposition', 'administrator', 'Add Trans Service Disposition', '2022-02-18 16:25:04', '2022-02-18 16:25:04', '2022-02-18 16:25:04'),
(2120, 0, 'administrator', 1089, '1', 'Application.TransServiceDisposition.processAddTransServiceDisposition', 'administrator', 'Add Trans Service Disposition', '2022-02-18 16:25:04', '2022-02-18 16:25:04', '2022-02-18 16:25:04'),
(2121, 0, 'administrator', 1089, '1', 'Application.TransServiceDisposition.processAddTransServiceDisposition', 'administrator', 'Add Trans Service Disposition', '2022-02-18 16:25:04', '2022-02-18 16:25:04', '2022-02-18 16:25:04'),
(2122, 0, 'administrator', 1089, '1', 'Application.TransServiceGeneral.processAddTransServiceGeneral', 'administrator', 'Add Trans Service General', '2022-02-18 16:25:52', '2022-02-18 16:25:52', '2022-02-18 16:25:52'),
(2123, 0, 'administrator', 1089, '1', 'Application.TransServiceGeneral.processAddTransServiceGeneral', 'administrator', 'Add Trans Service General', '2022-02-18 16:25:52', '2022-02-18 16:25:52', '2022-02-18 16:25:52'),
(2124, 0, 'administrator', 1089, '1', 'Application.TransServiceGeneral.processAddTransServiceGeneral', 'administrator', 'Add Trans Service General', '2022-02-18 16:25:52', '2022-02-18 16:25:52', '2022-02-18 16:25:52'),
(2125, 0, 'administrator', 1089, '1', 'Application.TransServiceGeneral.processAddTransServiceGeneral', 'administrator', 'Add Trans Service General', '2022-02-18 16:25:52', '2022-02-18 16:25:52', '2022-02-18 16:25:52'),
(2126, 0, 'administrator', 1089, '1', 'Application.TransServiceGeneral.processAddTransServiceGeneral', 'administrator', 'Add Trans Service General', '2022-02-18 16:25:52', '2022-02-18 16:25:52', '2022-02-18 16:25:52'),
(2127, 0, 'administrator', 1089, '1', 'Application.TransServiecGeneral.print', 'administrator', 'Export', '2022-02-18 16:26:13', '2022-02-18 16:26:13', '2022-02-18 16:26:13'),
(2128, 0, 'administrator', 1089, '1', 'Application.TransServiceGeneral.processEditTransServiceGeneral', 'administrator', 'Edit Trans Service General', '2022-02-18 16:26:38', '2022-02-18 16:26:38', '2022-02-18 16:26:38'),
(2129, 0, 'administrator', 1089, '1', 'Application.TransServiceGeneral.processEditTransServiceGeneral', 'administrator', 'Edit Trans Service General', '2022-02-18 16:26:38', '2022-02-18 16:26:38', '2022-02-18 16:26:38'),
(2130, 0, 'administrator', 1089, '1', 'Application.TransServiceGeneral.processEditTransServiceGeneral', 'administrator', 'Edit Trans Service General', '2022-02-18 16:26:38', '2022-02-18 16:26:38', '2022-02-18 16:26:38'),
(2131, 0, 'administrator', 1089, '1', 'Application.TransServiceGeneral.processEditTransServiceGeneral', 'administrator', 'Edit Trans Service General', '2022-02-18 16:26:38', '2022-02-18 16:26:38', '2022-02-18 16:26:38'),
(2132, 0, 'administrator', 1089, '1', 'Application.TransServiceGeneral.processEditTransServiceGeneral', 'administrator', 'Edit Trans Service General', '2022-02-18 16:26:38', '2022-02-18 16:26:38', '2022-02-18 16:26:38'),
(2133, 0, 'administrator', 1089, '1', 'Application.TransServiceRequisition.processAddTransServiceRequisition', 'administrator', 'Add Trans Service Requisition', '2022-02-18 16:29:06', '2022-02-18 16:29:06', '2022-02-18 16:29:06'),
(2134, 0, 'administrator', 1089, '1', 'Application.TransServiceRequisition.processAddTransServiceRequisition', 'administrator', 'Add Trans Service Requisition', '2022-02-18 16:29:07', '2022-02-18 16:29:07', '2022-02-18 16:29:07'),
(2135, 0, 'administrator', 1089, '1', 'Application.TransServiceRequisition.processAddTransServiceRequisition', 'administrator', 'Add Trans Service Requisition', '2022-02-18 16:29:07', '2022-02-18 16:29:07', '2022-02-18 16:29:07'),
(2136, 0, 'administrator', 1089, '1', 'Application.TransServiceRequisition.processAddTransServiceRequisition', 'administrator', 'Add Trans Service Requisition', '2022-02-18 16:29:07', '2022-02-18 16:29:07', '2022-02-18 16:29:07'),
(2137, 0, 'administrator', 1089, '1', 'Application.TransServiceRequisition.processAddTransServiceRequisition', 'administrator', 'Add Trans Service Requisition', '2022-02-18 16:29:59', '2022-02-18 16:29:59', '2022-02-18 16:29:59'),
(2138, 0, 'administrator', 1089, '1', 'Application.TransServiceRequisition.processAddTransServiceRequisition', 'administrator', 'Add Trans Service Requisition', '2022-02-18 16:29:59', '2022-02-18 16:29:59', '2022-02-18 16:29:59'),
(2139, 0, 'administrator', 1089, '1', 'Application.TransServiceRequisition.processAddTransServiceRequisition', 'administrator', 'Add Trans Service Requisition', '2022-02-18 16:29:59', '2022-02-18 16:29:59', '2022-02-18 16:29:59'),
(2140, 0, 'administrator', 1089, '1', 'Application.TransServiceRequisition.processAddTransServiceRequisition', 'administrator', 'Add Trans Service Requisition', '2022-02-18 16:29:59', '2022-02-18 16:29:59', '2022-02-18 16:29:59'),
(2141, 0, 'administrator', 1089, '1', 'Application.CoreService.processAddCoreService', 'administrator', 'Add Trans Service Requisition', '2022-02-18 16:33:21', '2022-02-18 16:33:21', '2022-02-18 16:33:21'),
(2142, 0, 'administrator', 1089, '1', 'Application.CoreSection.processAddCoreSection', 'administrator', 'Add Core Service', '2022-02-22 09:39:28', '2022-02-22 09:39:28', '2022-02-22 09:39:28'),
(2143, 0, 'administrator', 1089, '1', 'Application.CoreService.processAddCoreService', 'administrator', 'Add Core Service', '2022-02-22 10:08:28', '2022-02-22 10:08:28', '2022-02-22 10:08:28'),
(2144, 0, 'administrator', 1089, '1', 'Application.CoreService.processAddCoreService', 'administrator', 'Add Core Service', '2022-02-22 10:08:28', '2022-02-22 10:08:28', '2022-02-22 10:08:28'),
(2145, 0, 'administrator', 1089, '1', 'Application.CoreService.processAddCoreService', 'administrator', 'Add Core Service', '2022-02-22 10:08:28', '2022-02-22 10:08:28', '2022-02-22 10:08:28'),
(2146, 0, 'administrator', 1089, '1', 'Application.CoreService.processAddCoreService', 'administrator', 'Add Core Service', '2022-02-22 10:08:28', '2022-02-22 10:08:28', '2022-02-22 10:08:28'),
(2147, 0, 'administrator', 1089, '1', 'Application.CoreService.processAddCoreService', 'administrator', 'Add Core Service', '2022-02-22 10:08:28', '2022-02-22 10:08:28', '2022-02-22 10:08:28'),
(2148, 0, 'administrator', 1089, '1', 'Application.CoreService.processAddCoreService', 'administrator', 'Add Core Service', '2022-02-22 10:08:28', '2022-02-22 10:08:28', '2022-02-22 10:08:28'),
(2149, 0, 'administrator', 1089, '1', 'Application.CoreService.processEditCoreService', 'administrator', 'Edit Core Service', '2022-02-22 10:09:33', '2022-02-22 10:09:33', '2022-02-22 10:09:33'),
(2150, 0, 'administrator', 1089, '1', 'Application.TransServiceRequisition.processAddTransServiceRequisition', 'administrator', 'Add Trans Service Requisition', '2022-02-22 10:44:34', '2022-02-22 10:44:34', '2022-02-22 10:44:34'),
(2151, 0, 'administrator', 1089, '1', 'Application.TransServiceRequisition.processAddTransServiceRequisition', 'administrator', 'Add Trans Service Requisition', '2022-02-22 10:44:34', '2022-02-22 10:44:34', '2022-02-22 10:44:34'),
(2152, 0, 'administrator', 1089, '1', 'Application.TransServiceRequisition.processAddTransServiceRequisition', 'administrator', 'Add Trans Service Requisition', '2022-02-22 10:44:34', '2022-02-22 10:44:34', '2022-02-22 10:44:34'),
(2153, 0, 'administrator', 1089, '1', 'Application.TransServiceRequisition.processAddTransServiceRequisition', 'administrator', 'Add Trans Service Requisition', '2022-02-22 10:44:34', '2022-02-22 10:44:34', '2022-02-22 10:44:34'),
(2154, 0, 'administrator', 1089, '1', 'Application.TransServiceRequisition.processEditTransServiceRequisition', 'administrator', 'Edit Trans Service Requisition', '2022-02-22 10:45:15', '2022-02-22 10:45:15', '2022-02-22 10:45:15'),
(2155, 0, 'administrator', 1089, '1', 'Application.TransServiceRequisition.processEditTransServiceRequisition', 'administrator', 'Edit Trans Service Requisition', '2022-02-22 10:45:15', '2022-02-22 10:45:15', '2022-02-22 10:45:15'),
(2156, 0, 'administrator', 1089, '1', 'Application.TransServiceRequisition.processEditTransServiceRequisition', 'administrator', 'Edit Trans Service Requisition', '2022-02-22 10:45:15', '2022-02-22 10:45:15', '2022-02-22 10:45:15'),
(2157, 0, 'administrator', 1089, '1', 'Application.TransServiceRequisition.processEditTransServiceRequisition', 'administrator', 'Edit Trans Service Requisition', '2022-02-22 10:45:15', '2022-02-22 10:45:15', '2022-02-22 10:45:15'),
(2158, 0, 'administrator', 1089, '1', 'Application.TransServiecRequisition.print', 'administrator', 'Export', '2022-02-22 10:45:30', '2022-02-22 10:45:30', '2022-02-22 10:45:30'),
(2159, 0, 'administrator', 1089, '1', 'Application.TransServiceRequisition.processAddTransServiceRequisition', 'administrator', 'Add Trans Service Requisition', '2022-02-22 10:46:11', '2022-02-22 10:46:11', '2022-02-22 10:46:11'),
(2160, 0, 'administrator', 1089, '1', 'Application.TransServiceRequisition.processAddTransServiceRequisition', 'administrator', 'Add Trans Service Requisition', '2022-02-22 10:46:11', '2022-02-22 10:46:11', '2022-02-22 10:46:11'),
(2161, 0, 'administrator', 1089, '1', 'Application.TransServiceRequisition.processAddTransServiceRequisition', 'administrator', 'Add Trans Service Requisition', '2022-02-22 10:46:11', '2022-02-22 10:46:11', '2022-02-22 10:46:11'),
(2162, 0, 'administrator', 1089, '1', 'Application.TransServiceRequisition.processAddTransServiceRequisition', 'administrator', 'Add Trans Service Requisition', '2022-02-22 10:46:11', '2022-02-22 10:46:11', '2022-02-22 10:46:11'),
(2163, 0, 'administrator', 1089, '1', 'Application.TransServiceDisposition.processDocumentRequisitionTransServiceDisposition', 'administrator', 'Document Requisition', '2022-02-22 10:48:26', '2022-02-22 10:48:26', '2022-02-22 10:48:26'),
(2164, 0, 'administrator', 1089, '1', 'Application.TransServiceRequisition.processDocumentRequisitionTransServiceRequisition', 'administrator', 'Add Document Requisition Trans Service Requisition', '2022-02-22 10:49:12', '2022-02-22 10:49:12', '2022-02-22 10:49:12'),
(2165, 0, 'administrator', 1089, '1', 'Application.TransServiceDisposition.processAddTransServiceDisposition', 'administrator', 'Add Trans Service Disposition', '2022-02-22 10:49:59', '2022-02-22 10:49:59', '2022-02-22 10:49:59'),
(2166, 0, 'administrator', 1089, '1', 'Application.TransServiceDisposition.processAddTransServiceDisposition', 'administrator', 'Add Trans Service Disposition', '2022-02-22 10:49:59', '2022-02-22 10:49:59', '2022-02-22 10:49:59'),
(2167, 0, 'administrator', 1089, '1', 'Application.TransServiceDisposition.processAddTransServiceDisposition', 'administrator', 'Add Trans Service Disposition', '2022-02-22 10:49:59', '2022-02-22 10:49:59', '2022-02-22 10:49:59'),
(2168, 0, 'administrator', 1089, '1', 'Application.TransServiceDisposition.processAddTransServiceDisposition', 'administrator', 'Add Trans Service Disposition', '2022-02-22 10:49:59', '2022-02-22 10:49:59', '2022-02-22 10:49:59'),
(2169, 0, 'administrator', 1089, '1', 'Application.TransServiceDispositionApproval.processAddTransServiceDispositionApproval', 'administrator', 'Add Trans Service Disposition Approval', '2022-02-22 10:50:29', '2022-02-22 10:50:29', '2022-02-22 10:50:29'),
(2170, 0, 'administrator', 1089, '1', 'Application.TransServiceDispositionApproval.processUnApproveTransServiceDispositionApproval', 'administrator', 'UnApprove Trans Service Disposition Approval', '2022-02-22 10:50:38', '2022-02-22 10:50:38', '2022-02-22 10:50:38'),
(2171, 0, 'administrator', 1089, '1', 'Application.TransServiceDispositionApproval.processAddTransServiceDispositionApproval', 'administrator', 'Add Trans Service Disposition Approval', '2022-02-22 10:50:52', '2022-02-22 10:50:52', '2022-02-22 10:50:52'),
(2172, 0, 'administrator', 1089, '1', 'Application.TransServiceDispositionReview.processAddTransServiceDispositionReview', 'administrator', 'Add Trans Service Disposition Review', '2022-02-22 10:51:48', '2022-02-22 10:51:48', '2022-02-22 10:51:48'),
(2173, 0, 'administrator', 1089, '1', 'Application.TransServiceDispositionReview.processUnApproveTransServiceDispositionReview', 'administrator', 'UnApprove Trans Service Disposition Review', '2022-02-22 10:52:21', '2022-02-22 10:52:21', '2022-02-22 10:52:21'),
(2174, 0, 'administrator', 1089, '1', 'Application.TransServiceDispositionReview.processAddTransServiceDispositionReview', 'administrator', 'Add Trans Service Disposition Review', '2022-02-22 10:52:35', '2022-02-22 10:52:35', '2022-02-22 10:52:35'),
(2175, 0, 'administrator', 1089, '1', 'Application.TransServiceDispositionReview.processUnApproveTransServiceDispositionReview', 'administrator', 'UnApprove Trans Service Disposition Review', '2022-02-22 10:52:52', '2022-02-22 10:52:52', '2022-02-22 10:52:52'),
(2176, 0, 'administrator', 1089, '1', 'Application.TransServiceDispositionReview.processAddTransServiceDispositionReview', 'administrator', 'Add Trans Service Disposition Review', '2022-02-22 10:53:21', '2022-02-22 10:53:21', '2022-02-22 10:53:21'),
(2177, 0, 'administrator', 1089, '1', 'Application.CoreServiceGeneralParameter.processEditCoreServiceGeneralParameter', 'administrator', 'Edit Core Service', '2022-02-22 10:54:01', '2022-02-22 10:54:01', '2022-02-22 10:54:01'),
(2178, 0, 'administrator', 1089, '1', 'Application.TransServiceGeneral.processAddTransServiceGeneral', 'administrator', 'Add Trans Service General', '2022-02-22 10:56:06', '2022-02-22 10:56:06', '2022-02-22 10:56:06'),
(2179, 0, 'administrator', 1089, '1', 'Application.TransServiceGeneral.processAddTransServiceGeneral', 'administrator', 'Add Trans Service General', '2022-02-22 10:56:06', '2022-02-22 10:56:06', '2022-02-22 10:56:06'),
(2180, 0, 'administrator', 1089, '1', 'Application.TransServiceGeneral.processAddTransServiceGeneral', 'administrator', 'Add Trans Service General', '2022-02-22 10:56:06', '2022-02-22 10:56:06', '2022-02-22 10:56:06'),
(2181, 0, 'administrator', 1089, '1', 'Application.TransServiceGeneral.processAddTransServiceGeneral', 'administrator', 'Add Trans Service General', '2022-02-22 10:56:06', '2022-02-22 10:56:06', '2022-02-22 10:56:06'),
(2182, 0, 'administrator', 1089, '1', 'Application.TransServiceGeneral.processAddTransServiceGeneral', 'administrator', 'Add Trans Service General', '2022-02-22 10:56:06', '2022-02-22 10:56:06', '2022-02-22 10:56:06'),
(2183, 0, 'administrator', 1089, '1', 'Application.TransServiceGeneral.processAddTransServiceGeneral', 'administrator', 'Add Trans Service General', '2022-02-22 10:56:54', '2022-02-22 10:56:54', '2022-02-22 10:56:54'),
(2184, 0, 'administrator', 1089, '1', 'Application.TransServiceGeneral.processAddTransServiceGeneral', 'administrator', 'Add Trans Service General', '2022-02-22 10:56:54', '2022-02-22 10:56:54', '2022-02-22 10:56:54'),
(2185, 0, 'administrator', 1089, '1', 'Application.TransServiceGeneral.processAddTransServiceGeneral', 'administrator', 'Add Trans Service General', '2022-02-22 10:56:54', '2022-02-22 10:56:54', '2022-02-22 10:56:54'),
(2186, 0, 'administrator', 1089, '1', 'Application.TransServiceGeneral.processAddTransServiceGeneral', 'administrator', 'Add Trans Service General', '2022-02-22 10:56:54', '2022-02-22 10:56:54', '2022-02-22 10:56:54');
INSERT INTO `system_log_user` (`user_log_id`, `user_id`, `username`, `id_previllage`, `log_stat`, `class_name`, `pk`, `remark`, `log_time`, `created_at`, `updated_at`) VALUES
(2187, 0, 'administrator', 1089, '1', 'Application.TransServiceGeneral.processAddTransServiceGeneral', 'administrator', 'Add Trans Service General', '2022-02-22 10:56:54', '2022-02-22 10:56:54', '2022-02-22 10:56:54'),
(2188, 0, 'administrator', 1089, '1', 'Application.TransServiecGeneral.print', 'administrator', 'Export', '2022-02-22 10:57:52', '2022-02-22 10:57:52', '2022-02-22 10:57:52'),
(2189, 0, 'administrator', 1089, '1', 'Application.PrintService.export', 'administrator', 'Export', '2022-02-22 11:01:58', '2022-02-22 11:01:58', '2022-02-22 11:01:58'),
(2190, 0, 'administrator', 1089, '1', 'Application.PrintService.export', 'administrator', 'Export', '2022-02-22 11:02:11', '2022-02-22 11:02:11', '2022-02-22 11:02:11'),
(2191, 0, 'administrator', 1089, '1', 'Application.TransServiecRequisition.print', 'administrator', 'Export', '2022-02-23 08:35:18', '2022-02-23 08:35:18', '2022-02-23 08:35:18'),
(2192, 0, 'administrator', 1089, '1', 'Application.TransServiceRequisition.processAddTransServiceRequisition', 'administrator', 'Add Trans Service Requisition', '2022-02-23 08:55:06', '2022-02-23 08:55:06', '2022-02-23 08:55:06'),
(2193, 0, 'administrator', 1089, '1', 'Application.TransServiceRequisition.processAddTransServiceRequisition', 'administrator', 'Add Trans Service Requisition', '2022-02-23 08:55:06', '2022-02-23 08:55:06', '2022-02-23 08:55:06'),
(2194, 0, 'administrator', 1089, '1', 'Application.TransServiceRequisition.processAddTransServiceRequisition', 'administrator', 'Add Trans Service Requisition', '2022-02-23 08:55:06', '2022-02-23 08:55:06', '2022-02-23 08:55:06'),
(2195, 0, 'administrator', 1089, '1', 'Application.TransServiceRequisition.processAddTransServiceRequisition', 'administrator', 'Add Trans Service Requisition', '2022-02-23 08:55:06', '2022-02-23 08:55:06', '2022-02-23 08:55:06'),
(2196, 0, 'administrator', 1089, '1', 'Application.TransServiecRequisition.print', 'administrator', 'Export', '2022-02-23 08:55:13', '2022-02-23 08:55:13', '2022-02-23 08:55:13'),
(2197, 0, 'administrator', 1089, '1', 'Application.TransServiceDisposition.processAddTransServiceDisposition', 'administrator', 'Add Trans Service Disposition', '2022-02-23 08:56:15', '2022-02-23 08:56:15', '2022-02-23 08:56:15'),
(2198, 0, 'administrator', 1089, '1', 'Application.TransServiceDisposition.processAddTransServiceDisposition', 'administrator', 'Add Trans Service Disposition', '2022-02-23 08:56:15', '2022-02-23 08:56:15', '2022-02-23 08:56:15'),
(2199, 0, 'administrator', 1089, '1', 'Application.TransServiceDisposition.processAddTransServiceDisposition', 'administrator', 'Add Trans Service Disposition', '2022-02-23 08:56:15', '2022-02-23 08:56:15', '2022-02-23 08:56:15'),
(2200, 0, 'administrator', 1089, '1', 'Application.TransServiceDisposition.processAddTransServiceDisposition', 'administrator', 'Add Trans Service Disposition', '2022-02-23 08:56:15', '2022-02-23 08:56:15', '2022-02-23 08:56:15'),
(2201, 0, 'administrator', 1089, '1', 'Application.TransServiceDispositionApproval.processAddTransServiceDispositionApproval', 'administrator', 'Add Trans Service Disposition Approval', '2022-02-23 08:56:34', '2022-02-23 08:56:34', '2022-02-23 08:56:34'),
(2202, 0, 'administrator', 1089, '1', 'Application.TransServiceDispositionApproval.processUnApproveTransServiceDispositionApproval', 'administrator', 'UnApprove Trans Service Disposition Approval', '2022-02-23 09:23:16', '2022-02-23 09:23:16', '2022-02-23 09:23:16'),
(2203, 0, 'administrator', 1089, '1', 'Application.TransServiecRequisition.print', 'administrator', 'Export', '2022-02-23 10:47:36', '2022-02-23 10:47:36', '2022-02-23 10:47:36'),
(2204, 0, 'administrator', 1089, '1', 'Application.TransServiecRequisition.print', 'administrator', 'Export', '2022-02-23 11:08:33', '2022-02-23 11:08:33', '2022-02-23 11:08:33'),
(2205, 0, 'administrator', 1089, '1', 'Application.TransServiceDispositionApproval.processAddTransServiceDispositionApproval', 'administrator', 'Add Trans Service Disposition Approval', '2022-02-23 11:09:33', '2022-02-23 11:09:33', '2022-02-23 11:09:33'),
(2206, 0, 'administrator', 1089, '1', 'Application.TransServiceDispositionReview.processAddTransServiceDispositionReview', 'administrator', 'Add Trans Service Disposition Review', '2022-02-23 11:10:12', '2022-02-23 11:10:12', '2022-02-23 11:10:12'),
(2207, 0, 'administrator', 1089, '1', 'Application.TransServiceGeneral.processAddTransServiceGeneral', 'administrator', 'Add Trans Service General', '2022-02-23 11:15:09', '2022-02-23 11:15:09', '2022-02-23 11:15:09'),
(2208, 0, 'administrator', 1089, '1', 'Application.TransServiceGeneral.processAddTransServiceGeneral', 'administrator', 'Add Trans Service General', '2022-02-23 11:15:09', '2022-02-23 11:15:09', '2022-02-23 11:15:09'),
(2209, 0, 'administrator', 1089, '1', 'Application.TransServiceGeneral.processAddTransServiceGeneral', 'administrator', 'Add Trans Service General', '2022-02-23 11:15:09', '2022-02-23 11:15:09', '2022-02-23 11:15:09'),
(2210, 0, 'administrator', 1089, '1', 'Application.TransServiceGeneral.processAddTransServiceGeneral', 'administrator', 'Add Trans Service General', '2022-02-23 11:15:09', '2022-02-23 11:15:09', '2022-02-23 11:15:09'),
(2211, 0, 'administrator', 1089, '1', 'Application.TransServiceGeneral.processAddTransServiceGeneral', 'administrator', 'Add Trans Service General', '2022-02-23 11:15:09', '2022-02-23 11:15:09', '2022-02-23 11:15:09'),
(2212, 0, 'administrator', 1089, '1', 'Application.TransServiceRequisition.processAddTransServiceRequisition', 'administrator', 'Add Trans Service Requisition', '2022-02-28 19:16:01', '2022-02-28 19:16:01', '2022-02-28 19:16:01'),
(2213, 0, 'administrator', 1089, '1', 'Application.TransServiceRequisition.processAddTransServiceRequisition', 'administrator', 'Add Trans Service Requisition', '2022-02-28 19:16:01', '2022-02-28 19:16:01', '2022-02-28 19:16:01'),
(2214, 0, 'administrator', 1089, '1', 'Application.TransServiceRequisition.processAddTransServiceRequisition', 'administrator', 'Add Trans Service Requisition', '2022-02-28 19:16:01', '2022-02-28 19:16:01', '2022-02-28 19:16:01'),
(2215, 0, 'administrator', 1089, '1', 'Application.TransServiceRequisition.processAddTransServiceRequisition', 'administrator', 'Add Trans Service Requisition', '2022-02-28 19:16:01', '2022-02-28 19:16:01', '2022-02-28 19:16:01'),
(2216, 0, 'administrator', 1089, '1', 'Application.TransServiceDisposition.processAddTransServiceDisposition', 'administrator', 'Add Trans Service Disposition', '2022-02-28 19:17:08', '2022-02-28 19:17:08', '2022-02-28 19:17:08'),
(2217, 0, 'administrator', 1089, '1', 'Application.TransServiceDisposition.processAddTransServiceDisposition', 'administrator', 'Add Trans Service Disposition', '2022-02-28 19:17:08', '2022-02-28 19:17:08', '2022-02-28 19:17:08'),
(2218, 0, 'administrator', 1089, '1', 'Application.TransServiceDisposition.processAddTransServiceDisposition', 'administrator', 'Add Trans Service Disposition', '2022-02-28 19:17:08', '2022-02-28 19:17:08', '2022-02-28 19:17:08'),
(2219, 0, 'administrator', 1089, '1', 'Application.TransServiceDisposition.processAddTransServiceDisposition', 'administrator', 'Add Trans Service Disposition', '2022-02-28 19:17:08', '2022-02-28 19:17:08', '2022-02-28 19:17:08'),
(2220, 0, 'administrator', 1089, '1', 'Application.TransServiceDispositionApproval.processDisapproveTransServiceDispositionApproval', 'administrator', 'Disapprove Trans Service Disposition Approval', '2022-02-28 19:17:54', '2022-02-28 19:17:54', '2022-02-28 19:17:54'),
(2221, 0, 'administrator', 1089, '1', 'Application.TransServiceDispositionApproval.processUnApproveTransServiceDispositionApproval', 'administrator', 'UnApprove Trans Service Disposition Approval', '2022-02-28 19:18:19', '2022-02-28 19:18:20', '2022-02-28 19:18:20'),
(2222, 0, 'administrator', 1089, '1', 'Application.TransServiceDispositionApproval.processAddTransServiceDispositionApproval', 'administrator', 'Add Trans Service Disposition Approval', '2022-03-16 22:25:40', '2022-03-16 22:25:40', '2022-03-16 22:25:40'),
(2223, 0, 'administrator', 1089, '1', 'Application.TransServiceDispositionApproval.processUnApproveTransServiceDispositionApproval', 'administrator', 'UnApprove Trans Service Disposition Approval', '2022-03-16 22:26:14', '2022-03-16 22:26:14', '2022-03-16 22:26:14'),
(2224, 0, 'administrator', 1089, '1', 'Application.TransServiceDispositionApproval.processAddTransServiceDispositionApproval', 'administrator', 'Add Trans Service Disposition Approval', '2022-03-16 22:28:51', '2022-03-16 22:28:51', '2022-03-16 22:28:51'),
(2225, 0, 'administrator', 1089, '1', 'Application.TransServiceDispositionApproval.processUnApproveTransServiceDispositionApproval', 'administrator', 'UnApprove Trans Service Disposition Approval', '2022-03-16 22:29:02', '2022-03-16 22:29:02', '2022-03-16 22:29:02'),
(2226, 0, 'administrator', 1089, '1', 'Application.TransServiecRequisition.print', 'administrator', 'Export', '2022-03-17 10:03:38', '2022-03-17 10:03:38', '2022-03-17 10:03:38'),
(2227, 0, 'administrator', 1089, '1', 'Application.TransServiecRequisition.print', 'administrator', 'Export', '2022-03-17 10:33:44', '2022-03-17 10:33:44', '2022-03-17 10:33:44'),
(2228, 0, 'administrator', 1089, '1', 'Application.TransServiecRequisition.print', 'administrator', 'Export', '2022-03-17 10:33:45', '2022-03-17 10:33:45', '2022-03-17 10:33:45'),
(2229, 0, 'administrator', 1089, '1', 'Application.TransServiecRequisition.print', 'administrator', 'Export', '2022-03-17 10:34:42', '2022-03-17 10:34:42', '2022-03-17 10:34:42'),
(2230, 0, 'administrator', 1089, '1', 'Application.TransServiecRequisition.print', 'administrator', 'Export', '2022-03-17 10:34:44', '2022-03-17 10:34:44', '2022-03-17 10:34:44'),
(2231, 0, 'administrator', 1089, '1', 'Application.TransServiecRequisition.print', 'administrator', 'Export', '2022-03-17 10:34:57', '2022-03-17 10:34:57', '2022-03-17 10:34:57'),
(2232, 0, 'administrator', 1089, '1', 'Application.TransServiecRequisition.print', 'administrator', 'Export', '2022-03-17 10:34:59', '2022-03-17 10:34:59', '2022-03-17 10:34:59'),
(2233, 0, 'administrator', 1089, '1', 'Application.TransServiecGeneral.print', 'administrator', 'Export', '2022-03-17 10:42:35', '2022-03-17 10:42:35', '2022-03-17 10:42:35'),
(2234, 0, 'administrator', 1089, '1', 'Application.TransServiecGeneral.print', 'administrator', 'Export', '2022-03-17 10:42:41', '2022-03-17 10:42:41', '2022-03-17 10:42:41'),
(2235, 0, 'administrator', 1089, '1', 'Application.TransServiecGeneral.print', 'administrator', 'Export', '2022-03-17 10:43:35', '2022-03-17 10:43:35', '2022-03-17 10:43:35'),
(2236, 0, 'administrator', 1089, '1', 'Application.TransServiecGeneral.print', 'administrator', 'Export', '2022-03-17 10:44:41', '2022-03-17 10:44:41', '2022-03-17 10:44:41'),
(2237, 0, 'administrator', 1089, '1', 'Application.TransServiecGeneral.print', 'administrator', 'Export', '2022-03-17 10:52:29', '2022-03-17 10:52:29', '2022-03-17 10:52:29'),
(2238, 0, 'administrator', 1089, '1', 'Application.TransServiecGeneral.print', 'administrator', 'Export', '2022-03-17 10:56:02', '2022-03-17 10:56:02', '2022-03-17 10:56:02'),
(2239, 0, 'administrator', 1089, '1', 'Application.TransServiceRequisition.processAddTransServiceRequisition', 'administrator', 'Add Trans Service Requisition', '2022-03-17 11:36:31', '2022-03-17 11:36:31', '2022-03-17 11:36:31'),
(2240, 0, 'administrator', 1089, '1', 'Application.TransServiceRequisition.processAddTransServiceRequisition', 'administrator', 'Add Trans Service Requisition', '2022-03-17 11:36:31', '2022-03-17 11:36:31', '2022-03-17 11:36:31'),
(2241, 0, 'administrator', 1089, '1', 'Application.TransServiceRequisition.processAddTransServiceRequisition', 'administrator', 'Add Trans Service Requisition', '2022-03-17 11:36:31', '2022-03-17 11:36:31', '2022-03-17 11:36:31'),
(2242, 0, 'administrator', 1089, '1', 'Application.TransServiceRequisition.processAddTransServiceRequisition', 'administrator', 'Add Trans Service Requisition', '2022-03-17 11:36:31', '2022-03-17 11:36:31', '2022-03-17 11:36:31'),
(2243, 0, 'administrator', 1089, '1', 'Application.TransServiecRequisition.print', 'administrator', 'Export', '2022-03-17 11:38:13', '2022-03-17 11:38:13', '2022-03-17 11:38:13'),
(2244, 0, 'administrator', 1089, '1', 'Application.TransServiceDisposition.processAddTransServiceDisposition', 'administrator', 'Add Trans Service Disposition', '2022-03-17 11:40:29', '2022-03-17 11:40:29', '2022-03-17 11:40:29'),
(2245, 0, 'administrator', 1089, '1', 'Application.TransServiceDisposition.processAddTransServiceDisposition', 'administrator', 'Add Trans Service Disposition', '2022-03-17 11:40:29', '2022-03-17 11:40:29', '2022-03-17 11:40:29'),
(2246, 0, 'administrator', 1089, '1', 'Application.TransServiceDisposition.processAddTransServiceDisposition', 'administrator', 'Add Trans Service Disposition', '2022-03-17 11:40:29', '2022-03-17 11:40:29', '2022-03-17 11:40:29'),
(2247, 0, 'administrator', 1089, '1', 'Application.TransServiceDisposition.processAddTransServiceDisposition', 'administrator', 'Add Trans Service Disposition', '2022-03-17 11:40:29', '2022-03-17 11:40:29', '2022-03-17 11:40:29'),
(2248, 0, 'administrator', 1089, '1', 'Application.TransServiceDispositionApproval.processAddTransServiceDispositionApproval', 'administrator', 'Add Trans Service Disposition Approval', '2022-03-17 11:43:09', '2022-03-17 11:43:09', '2022-03-17 11:43:09'),
(2249, 0, 'administrator', 1089, '1', 'Application.TransServiceDispositionReview.processAddTransServiceDispositionReview', 'administrator', 'Add Trans Service Disposition Review', '2022-03-17 11:44:17', '2022-03-17 11:44:17', '2022-03-17 11:44:17'),
(2250, 0, 'administrator', 1089, '1', 'Application.TransServiceDispositionReview.processUnApproveTransServiceDispositionReview', 'administrator', 'UnApprove Trans Service Disposition Review', '2022-03-17 11:45:01', '2022-03-17 11:45:01', '2022-03-17 11:45:01'),
(2251, 0, 'administrator', 1089, '1', 'Application.TransServiceDispositionApproval.processUnApproveTransServiceDispositionApproval', 'administrator', 'UnApprove Trans Service Disposition Approval', '2022-03-17 11:45:34', '2022-03-17 11:45:34', '2022-03-17 11:45:34'),
(2252, 0, 'administrator', 1089, '1', 'Application.TransServiceDisposition.processDocumentRequisitionTransServiceDispositionEdit', 'administrator', 'Document Requisition Edit', '2022-03-17 11:46:14', '2022-03-17 11:46:14', '2022-03-17 11:46:14'),
(2253, 0, 'administrator', 1089, '1', 'Application.TransServiceRequisition.processDocumentRequisitionTransServiceRequisition', 'administrator', 'Add Document Requisition Trans Service Requisition', '2022-03-17 11:46:38', '2022-03-17 11:46:38', '2022-03-17 11:46:38'),
(2254, 0, 'administrator', 1089, '1', 'Application.TransServiceGeneral.processAddTransServiceGeneral', 'administrator', 'Add Trans Service General', '2022-03-17 11:48:27', '2022-03-17 11:48:27', '2022-03-17 11:48:27'),
(2255, 0, 'administrator', 1089, '1', 'Application.TransServiceGeneral.processAddTransServiceGeneral', 'administrator', 'Add Trans Service General', '2022-03-17 11:48:27', '2022-03-17 11:48:27', '2022-03-17 11:48:27'),
(2256, 0, 'administrator', 1089, '1', 'Application.TransServiceGeneral.processAddTransServiceGeneral', 'administrator', 'Add Trans Service General', '2022-03-17 11:48:27', '2022-03-17 11:48:27', '2022-03-17 11:48:27'),
(2257, 0, 'administrator', 1089, '1', 'Application.TransServiceGeneral.processAddTransServiceGeneral', 'administrator', 'Add Trans Service General', '2022-03-17 11:48:27', '2022-03-17 11:48:27', '2022-03-17 11:48:27'),
(2258, 0, 'administrator', 1089, '1', 'Application.TransServiceGeneral.processAddTransServiceGeneral', 'administrator', 'Add Trans Service General', '2022-03-17 11:48:27', '2022-03-17 11:48:27', '2022-03-17 11:48:27'),
(2259, 0, 'aini', 1089, '1', 'Application.TransServiceRequisition.processAddTransServiceRequisition', 'aini', 'Add Trans Service Requisition', '2022-03-17 13:05:50', '2022-03-17 13:05:50', '2022-03-17 13:05:50'),
(2260, 0, 'aini', 1089, '1', 'Application.TransServiceRequisition.processAddTransServiceRequisition', 'aini', 'Add Trans Service Requisition', '2022-03-17 13:05:50', '2022-03-17 13:05:50', '2022-03-17 13:05:50'),
(2261, 0, 'aini', 1089, '1', 'Application.TransServiceRequisition.processAddTransServiceRequisition', 'aini', 'Add Trans Service Requisition', '2022-03-17 13:05:50', '2022-03-17 13:05:50', '2022-03-17 13:05:50'),
(2262, 0, 'aini', 1089, '1', 'Application.TransServiceRequisition.processAddTransServiceRequisition', 'aini', 'Add Trans Service Requisition', '2022-03-17 13:05:50', '2022-03-17 13:05:50', '2022-03-17 13:05:50'),
(2263, 0, 'aini', 1089, '1', 'Application.TransServiecRequisition.print', 'aini', 'Export', '2022-03-17 13:06:24', '2022-03-17 13:06:24', '2022-03-17 13:06:24'),
(2264, 0, 'aini', 1089, '1', 'Application.TransServiceRequisition.processAddTransServiceRequisition', 'aini', 'Add Trans Service Requisition', '2022-03-17 13:11:59', '2022-03-17 13:11:59', '2022-03-17 13:11:59'),
(2265, 0, 'aini', 1089, '1', 'Application.TransServiceRequisition.processAddTransServiceRequisition', 'aini', 'Add Trans Service Requisition', '2022-03-17 13:11:59', '2022-03-17 13:11:59', '2022-03-17 13:11:59'),
(2266, 0, 'aini', 1089, '1', 'Application.TransServiceRequisition.processAddTransServiceRequisition', 'aini', 'Add Trans Service Requisition', '2022-03-17 13:11:59', '2022-03-17 13:11:59', '2022-03-17 13:11:59'),
(2267, 0, 'aini', 1089, '1', 'Application.TransServiceRequisition.processAddTransServiceRequisition', 'aini', 'Add Trans Service Requisition', '2022-03-17 13:11:59', '2022-03-17 13:11:59', '2022-03-17 13:11:59'),
(2268, 0, 'ratih', 1089, '1', 'Application.TransServiceDisposition.processAddTransServiceDisposition', 'ratih', 'Add Trans Service Disposition', '2022-03-17 13:28:39', '2022-03-17 13:28:39', '2022-03-17 13:28:39'),
(2269, 0, 'ratih', 1089, '1', 'Application.TransServiceDisposition.processAddTransServiceDisposition', 'ratih', 'Add Trans Service Disposition', '2022-03-17 13:28:39', '2022-03-17 13:28:39', '2022-03-17 13:28:39'),
(2270, 0, 'ratih', 1089, '1', 'Application.TransServiceDisposition.processAddTransServiceDisposition', 'ratih', 'Add Trans Service Disposition', '2022-03-17 13:28:39', '2022-03-17 13:28:39', '2022-03-17 13:28:39'),
(2271, 0, 'ratih', 1089, '1', 'Application.TransServiceDisposition.processAddTransServiceDisposition', 'ratih', 'Add Trans Service Disposition', '2022-03-17 13:28:39', '2022-03-17 13:28:39', '2022-03-17 13:28:39'),
(2272, 0, 'ratih', 1089, '1', 'Application.TransServiceDisposition.processDocumentRequisitionTransServiceDispositionEdit', 'ratih', 'Document Requisition Edit', '2022-03-17 13:29:15', '2022-03-17 13:29:15', '2022-03-17 13:29:15'),
(2273, 0, 'ratih', 1089, '1', 'Application.TransServiceRequisition.processDocumentRequisitionTransServiceRequisition', 'ratih', 'Add Document Requisition Trans Service Requisition', '2022-03-17 13:29:38', '2022-03-17 13:29:38', '2022-03-17 13:29:38'),
(2274, 0, 'ratih', 1089, '1', 'Application.TransServiceDisposition.processAddTransServiceDisposition', 'ratih', 'Add Trans Service Disposition', '2022-03-17 13:30:25', '2022-03-17 13:30:25', '2022-03-17 13:30:25'),
(2275, 0, 'ratih', 1089, '1', 'Application.TransServiceDisposition.processAddTransServiceDisposition', 'ratih', 'Add Trans Service Disposition', '2022-03-17 13:30:25', '2022-03-17 13:30:25', '2022-03-17 13:30:25'),
(2276, 0, 'ratih', 1089, '1', 'Application.TransServiceDisposition.processAddTransServiceDisposition', 'ratih', 'Add Trans Service Disposition', '2022-03-17 13:30:25', '2022-03-17 13:30:25', '2022-03-17 13:30:25'),
(2277, 0, 'ratih', 1089, '1', 'Application.TransServiceDisposition.processAddTransServiceDisposition', 'ratih', 'Add Trans Service Disposition', '2022-03-17 13:30:25', '2022-03-17 13:30:25', '2022-03-17 13:30:25'),
(2278, 0, 'ratih', 1089, '1', 'Application.TransServiceGeneral.processAddTransServiceGeneral', 'ratih', 'Add Trans Service General', '2022-03-17 13:32:46', '2022-03-17 13:32:46', '2022-03-17 13:32:46'),
(2279, 0, 'ratih', 1089, '1', 'Application.TransServiceGeneral.processAddTransServiceGeneral', 'ratih', 'Add Trans Service General', '2022-03-17 13:32:46', '2022-03-17 13:32:46', '2022-03-17 13:32:46'),
(2280, 0, 'ratih', 1089, '1', 'Application.TransServiceGeneral.processAddTransServiceGeneral', 'ratih', 'Add Trans Service General', '2022-03-17 13:32:46', '2022-03-17 13:32:46', '2022-03-17 13:32:46'),
(2281, 0, 'ratih', 1089, '1', 'Application.TransServiceGeneral.processAddTransServiceGeneral', 'ratih', 'Add Trans Service General', '2022-03-17 13:32:46', '2022-03-17 13:32:46', '2022-03-17 13:32:46'),
(2282, 0, 'ratih', 1089, '1', 'Application.TransServiceGeneral.processAddTransServiceGeneral', 'ratih', 'Add Trans Service General', '2022-03-17 13:32:46', '2022-03-17 13:32:46', '2022-03-17 13:32:46'),
(2283, 0, 'anwar', 1089, '1', 'Application.TransServiceDispositionApproval.processAddTransServiceDispositionApproval', 'anwar', 'Add Trans Service Disposition Approval', '2022-03-17 13:54:32', '2022-03-17 13:54:32', '2022-03-17 13:54:32'),
(2284, 0, 'anwar', 1089, '1', 'Application.TransServiceDispositionApproval.processUnApproveTransServiceDispositionApproval', 'anwar', 'UnApprove Trans Service Disposition Approval', '2022-03-17 13:56:11', '2022-03-17 13:56:11', '2022-03-17 13:56:11'),
(2285, 0, 'sepby', 1089, '1', 'Application.TransServiceDispositionApproval.processAddTransServiceDispositionApproval', 'sepby', 'Add Trans Service Disposition Approval', '2022-03-17 14:16:20', '2022-03-17 14:16:20', '2022-03-17 14:16:20'),
(2286, 0, 'vivi', 1089, '1', 'Application.TransServiceDispositionApproval.processAddTransServiceDispositionApproval', 'vivi', 'Add Trans Service Disposition Approval', '2022-03-17 14:29:39', '2022-03-17 14:29:39', '2022-03-17 14:29:39'),
(2287, 0, 'vivi', 1089, '1', 'Application.TransServiceDispositionApproval.processUnApproveTransServiceDispositionApproval', 'vivi', 'UnApprove Trans Service Disposition Approval', '2022-03-17 14:30:29', '2022-03-17 14:30:29', '2022-03-17 14:30:29'),
(2288, 0, 'vivi', 1089, '1', 'Application.TransServiceDispositionApproval.processDisapproveTransServiceDispositionApproval', 'vivi', 'Disapprove Trans Service Disposition Approval', '2022-03-17 14:30:52', '2022-03-17 14:30:52', '2022-03-17 14:30:52'),
(2289, 0, 'vivi', 1089, '1', 'Application.TransServiceDispositionApproval.processUnApproveTransServiceDispositionApproval', 'vivi', 'UnApprove Trans Service Disposition Approval', '2022-03-17 14:34:51', '2022-03-17 14:34:51', '2022-03-17 14:34:51'),
(2290, 0, 'anwar', 1089, '1', 'Application.TransServiceRequisition.processAddTransServiceRequisition', 'anwar', 'Add Trans Service Requisition', '2022-03-17 15:14:13', '2022-03-17 15:14:13', '2022-03-17 15:14:13'),
(2291, 0, 'anwar', 1089, '1', 'Application.TransServiceRequisition.processAddTransServiceRequisition', 'anwar', 'Add Trans Service Requisition', '2022-03-17 15:14:13', '2022-03-17 15:14:13', '2022-03-17 15:14:13'),
(2292, 0, 'anwar', 1089, '1', 'Application.TransServiceRequisition.processAddTransServiceRequisition', 'anwar', 'Add Trans Service Requisition', '2022-03-17 15:14:13', '2022-03-17 15:14:13', '2022-03-17 15:14:13'),
(2293, 0, 'anwar', 1089, '1', 'Application.TransServiceRequisition.processAddTransServiceRequisition', 'anwar', 'Add Trans Service Requisition', '2022-03-17 15:14:13', '2022-03-17 15:14:13', '2022-03-17 15:14:13'),
(2294, 0, 'anwar', 1089, '1', 'Application.TransServiceRequisition.processAddTransServiceRequisition', 'anwar', 'Add Trans Service Requisition', '2022-03-17 15:14:13', '2022-03-17 15:14:13', '2022-03-17 15:14:13'),
(2295, 0, 'anwar', 1089, '1', 'Application.TransServiceRequisition.processAddTransServiceRequisition', 'anwar', 'Add Trans Service Requisition', '2022-03-17 15:14:13', '2022-03-17 15:14:13', '2022-03-17 15:14:13'),
(2296, 0, 'anwar', 1089, '1', 'Application.TransServiceRequisition.processAddTransServiceRequisition', 'anwar', 'Add Trans Service Requisition', '2022-03-17 15:14:13', '2022-03-17 15:14:13', '2022-03-17 15:14:13'),
(2297, 0, 'anwar', 1089, '1', 'Application.TransServiceRequisition.processAddTransServiceRequisition', 'anwar', 'Add Trans Service Requisition', '2022-03-17 15:14:13', '2022-03-17 15:14:13', '2022-03-17 15:14:13'),
(2298, 0, 'anwar', 1089, '1', 'Application.TransServiceRequisition.processAddTransServiceRequisition', 'anwar', 'Add Trans Service Requisition', '2022-03-17 15:14:13', '2022-03-17 15:14:13', '2022-03-17 15:14:13'),
(2299, 0, 'anwar', 1089, '1', 'Application.TransServiceRequisition.processAddTransServiceRequisition', 'anwar', 'Add Trans Service Requisition', '2022-03-17 15:14:13', '2022-03-17 15:14:13', '2022-03-17 15:14:13'),
(2300, 0, 'anwar', 1089, '1', 'Application.TransServiceRequisition.processAddTransServiceRequisition', 'anwar', 'Add Trans Service Requisition', '2022-03-17 15:14:13', '2022-03-17 15:14:13', '2022-03-17 15:14:13'),
(2301, 0, 'anwar', 1089, '1', 'Application.TransServiceRequisition.processAddTransServiceRequisition', 'anwar', 'Add Trans Service Requisition', '2022-03-17 15:14:13', '2022-03-17 15:14:13', '2022-03-17 15:14:13'),
(2302, 0, 'anwar', 1089, '1', 'Application.TransServiceRequisition.processAddTransServiceRequisition', 'anwar', 'Add Trans Service Requisition', '2022-03-17 15:14:13', '2022-03-17 15:14:13', '2022-03-17 15:14:13'),
(2303, 0, 'anwar', 1089, '1', 'Application.TransServiceRequisition.processAddTransServiceRequisition', 'anwar', 'Add Trans Service Requisition', '2022-03-17 15:14:13', '2022-03-17 15:14:13', '2022-03-17 15:14:13'),
(2304, 0, 'anwar', 1089, '1', 'Application.TransServiceRequisition.processAddTransServiceRequisition', 'anwar', 'Add Trans Service Requisition', '2022-03-17 15:14:13', '2022-03-17 15:14:13', '2022-03-17 15:14:13'),
(2305, 0, 'anwar', 1089, '1', 'Application.TransServiceRequisition.processAddTransServiceRequisition', 'anwar', 'Add Trans Service Requisition', '2022-03-17 15:14:13', '2022-03-17 15:14:13', '2022-03-17 15:14:13'),
(2306, 0, 'anwar', 1089, '1', 'Application.TransServiceRequisition.processAddTransServiceRequisition', 'anwar', 'Add Trans Service Requisition', '2022-03-17 15:14:13', '2022-03-17 15:14:13', '2022-03-17 15:14:13'),
(2307, 0, 'anwar', 1089, '1', 'Application.TransServiceRequisition.processAddTransServiceRequisition', 'anwar', 'Add Trans Service Requisition', '2022-03-17 15:14:13', '2022-03-17 15:14:13', '2022-03-17 15:14:13'),
(2308, 0, 'anwar', 1089, '1', 'Application.TransServiceRequisition.processAddTransServiceRequisition', 'anwar', 'Add Trans Service Requisition', '2022-03-17 15:14:13', '2022-03-17 15:14:13', '2022-03-17 15:14:13'),
(2309, 0, 'anwar', 1089, '1', 'Application.TransServiceRequisition.processAddTransServiceRequisition', 'anwar', 'Add Trans Service Requisition', '2022-03-17 15:14:13', '2022-03-17 15:14:13', '2022-03-17 15:14:13'),
(2310, 0, 'anwar', 1089, '1', 'Application.TransServiceRequisition.processAddTransServiceRequisition', 'anwar', 'Add Trans Service Requisition', '2022-03-17 15:14:13', '2022-03-17 15:14:13', '2022-03-17 15:14:13'),
(2311, 0, 'anwar', 1089, '1', 'Application.TransServiceRequisition.processAddTransServiceRequisition', 'anwar', 'Add Trans Service Requisition', '2022-03-17 15:14:13', '2022-03-17 15:14:13', '2022-03-17 15:14:13'),
(2312, 0, 'anwar', 1089, '1', 'Application.TransServiceRequisition.processAddTransServiceRequisition', 'anwar', 'Add Trans Service Requisition', '2022-03-17 15:14:13', '2022-03-17 15:14:13', '2022-03-17 15:14:13'),
(2313, 0, 'anwar', 1089, '1', 'Application.TransServiceRequisition.processAddTransServiceRequisition', 'anwar', 'Add Trans Service Requisition', '2022-03-17 15:14:13', '2022-03-17 15:14:13', '2022-03-17 15:14:13'),
(2314, 0, 'anwar', 1089, '1', 'Application.TransServiceRequisition.processAddTransServiceRequisition', 'anwar', 'Add Trans Service Requisition', '2022-03-17 15:14:13', '2022-03-17 15:14:13', '2022-03-17 15:14:13'),
(2315, 0, 'anwar', 1089, '1', 'Application.TransServiceRequisition.processAddTransServiceRequisition', 'anwar', 'Add Trans Service Requisition', '2022-03-17 15:14:13', '2022-03-17 15:14:13', '2022-03-17 15:14:13'),
(2316, 0, 'anwar', 1089, '1', 'Application.TransServiceRequisition.processAddTransServiceRequisition', 'anwar', 'Add Trans Service Requisition', '2022-03-17 15:14:13', '2022-03-17 15:14:13', '2022-03-17 15:14:13'),
(2317, 0, 'anwar', 1089, '1', 'Application.TransServiceRequisition.processAddTransServiceRequisition', 'anwar', 'Add Trans Service Requisition', '2022-03-17 15:14:13', '2022-03-17 15:14:13', '2022-03-17 15:14:13'),
(2318, 0, 'anwar', 1089, '1', 'Application.TransServiceRequisition.processAddTransServiceRequisition', 'anwar', 'Add Trans Service Requisition', '2022-03-17 15:14:13', '2022-03-17 15:14:13', '2022-03-17 15:14:13'),
(2319, 0, 'anwar', 1089, '1', 'Application.TransServiceRequisition.processAddTransServiceRequisition', 'anwar', 'Add Trans Service Requisition', '2022-03-17 15:14:13', '2022-03-17 15:14:13', '2022-03-17 15:14:13'),
(2320, 0, 'anwar', 1089, '1', 'Application.TransServiceRequisition.processAddTransServiceRequisition', 'anwar', 'Add Trans Service Requisition', '2022-03-17 15:14:13', '2022-03-17 15:14:13', '2022-03-17 15:14:13'),
(2321, 0, 'administrator', 1089, '1', 'Application.TransServiecRequisition.print', 'administrator', 'Export', '2022-03-18 13:28:21', '2022-03-18 13:28:21', '2022-03-18 13:28:21'),
(2322, 0, 'administrator', 1089, '1', 'Application.TransServiecGeneral.print', 'administrator', 'Export', '2022-03-18 13:28:43', '2022-03-18 13:28:43', '2022-03-18 13:28:43'),
(2323, 0, 'administrator', 1089, '1', 'Application.TransServiecGeneral.print', 'administrator', 'Export', '2022-03-18 13:30:04', '2022-03-18 13:30:04', '2022-03-18 13:30:04'),
(2324, 0, 'administrator', 1089, '1', 'Application.TransServiecGeneral.print', 'administrator', 'Export', '2022-03-18 13:30:06', '2022-03-18 13:30:06', '2022-03-18 13:30:06'),
(2325, 0, 'administrator', 1089, '1', 'Application.TransServiecGeneral.print', 'administrator', 'Export', '2022-03-18 13:30:25', '2022-03-18 13:30:25', '2022-03-18 13:30:25'),
(2326, 0, 'administrator', 1089, '1', 'Application.TransServiceDispositionFunds.processAddTransServiceDispositionFunds', 'administrator', 'Add Trans Service Disposition Funds', '2022-03-18 16:46:34', '2022-03-18 16:46:35', '2022-03-18 16:46:35'),
(2327, 0, 'administrator', 1089, '1', 'Application.TransServiceDispositionApproval.processFundReceivedTransServiceDispositionApproval', 'administrator', 'Funds Received Trans Service Disposition Approval', '2022-03-19 09:46:54', '2022-03-19 09:46:54', '2022-03-19 09:46:54'),
(2328, 0, 'administrator', 1089, '1', 'Application.TransServiceDispositionApproval.processFundReceivedTransServiceDispositionApproval', 'administrator', 'Funds Received Trans Service Disposition Approval', '2022-03-19 09:47:26', '2022-03-19 09:47:26', '2022-03-19 09:47:26'),
(2329, 0, 'administrator', 1089, '1', 'Application.TransServiceDispositionFunds.processAddTransServiceDispositionFunds', 'administrator', 'Add Trans Service Disposition Funds', '2022-03-19 10:19:24', '2022-03-19 10:19:24', '2022-03-19 10:19:24'),
(2330, 0, 'administrator', 1089, '1', 'Application.TransServiceDispositionApproval.processFundReceivedTransServiceDispositionApproval', 'administrator', 'Funds Received Trans Service Disposition Approval', '2022-03-19 10:26:17', '2022-03-19 10:26:17', '2022-03-19 10:26:17'),
(2331, 0, 'administrator', 1089, '1', 'Application.TransServiceDispositionApproval.processFundReceivedTransServiceDispositionApproval', 'administrator', 'Funds Received Trans Service Disposition Approval', '2022-03-19 10:28:18', '2022-03-19 10:28:18', '2022-03-19 10:28:18'),
(2332, 0, 'administrator', 1089, '1', 'Application.PrintService.export', 'administrator', 'Export', '2022-03-19 10:34:55', '2022-03-19 10:34:55', '2022-03-19 10:34:55'),
(2333, 0, 'administrator', 1089, '1', 'Application.PrintService.export', 'administrator', 'Export', '2022-03-19 11:10:02', '2022-03-19 11:10:02', '2022-03-19 11:10:02'),
(2334, 0, 'administrator', 1089, '1', 'Application.CoreService.processEditCoreService', 'administrator', 'Edit Core Service', '2022-03-21 14:50:58', '2022-03-21 14:50:58', '2022-03-21 14:50:58'),
(2335, 0, 'administrator', 1089, '1', 'Application.CoreService.processEditCoreService', 'administrator', 'Edit Core Service', '2022-03-21 14:51:56', '2022-03-21 14:51:56', '2022-03-21 14:51:56'),
(2336, 0, 'administrator', 1089, '1', 'Application.CoreService.processEditCoreService', 'administrator', 'Edit Core Service', '2022-03-21 14:52:03', '2022-03-21 14:52:03', '2022-03-21 14:52:03'),
(2337, 0, 'administrator', 1089, '1', 'Application.CoreService.processAddCoreService', 'administrator', 'Add Core Service', '2022-03-21 14:53:14', '2022-03-21 14:53:14', '2022-03-21 14:53:14'),
(2338, 0, 'administrator', 1089, '1', 'Application.CoreService.processAddCoreService', 'administrator', 'Add Core Service', '2022-03-21 14:53:14', '2022-03-21 14:53:14', '2022-03-21 14:53:14'),
(2339, 0, 'administrator', 1089, '1', 'Application.CoreService.processAddCoreService', 'administrator', 'Add Core Service', '2022-03-21 14:53:14', '2022-03-21 14:53:14', '2022-03-21 14:53:14'),
(2340, 0, 'administrator', 1089, '1', 'Application.TransServiceRequisition.processAddTransServiceRequisition', 'administrator', 'Add Trans Service Requisition', '2022-03-29 09:34:36', '2022-03-29 09:34:36', '2022-03-29 09:34:36'),
(2341, 0, 'administrator', 1089, '1', 'Application.TransServiceRequisition.processAddTransServiceRequisition', 'administrator', 'Add Trans Service Requisition', '2022-03-29 09:34:36', '2022-03-29 09:34:36', '2022-03-29 09:34:36'),
(2342, 0, 'administrator', 1089, '1', 'Application.TransServiceRequisition.processAddTransServiceRequisition', 'administrator', 'Add Trans Service Requisition', '2022-03-29 09:34:36', '2022-03-29 09:34:36', '2022-03-29 09:34:36'),
(2343, 0, 'administrator', 1089, '1', 'Application.TransServiceRequisition.processAddTransServiceRequisition', 'administrator', 'Add Trans Service Requisition', '2022-03-29 09:34:36', '2022-03-29 09:34:36', '2022-03-29 09:34:36'),
(2344, 0, 'administrator', 1089, '1', 'Application.TransServiceDisposition.processAddTransServiceDisposition', 'administrator', 'Add Trans Service Disposition', '2022-03-29 09:35:17', '2022-03-29 09:35:17', '2022-03-29 09:35:17'),
(2345, 0, 'administrator', 1089, '1', 'Application.TransServiceDisposition.processAddTransServiceDisposition', 'administrator', 'Add Trans Service Disposition', '2022-03-29 09:35:17', '2022-03-29 09:35:17', '2022-03-29 09:35:17'),
(2346, 0, 'administrator', 1089, '1', 'Application.TransServiceDisposition.processAddTransServiceDisposition', 'administrator', 'Add Trans Service Disposition', '2022-03-29 09:35:17', '2022-03-29 09:35:17', '2022-03-29 09:35:17'),
(2347, 0, 'administrator', 1089, '1', 'Application.TransServiceDisposition.processAddTransServiceDisposition', 'administrator', 'Add Trans Service Disposition', '2022-03-29 09:35:17', '2022-03-29 09:35:17', '2022-03-29 09:35:17'),
(2348, 0, 'administrator', 1089, '1', 'Application.TransServiceRequisition.processEditTransServiceRequisition', 'administrator', 'Edit Trans Service Requisition', '2022-03-29 09:35:37', '2022-03-29 09:35:37', '2022-03-29 09:35:37'),
(2349, 0, 'administrator', 1089, '1', 'Application.TransServiceRequisition.processEditTransServiceRequisition', 'administrator', 'Edit Trans Service Requisition', '2022-03-29 09:35:37', '2022-03-29 09:35:37', '2022-03-29 09:35:37'),
(2350, 0, 'administrator', 1089, '1', 'Application.TransServiceRequisition.processEditTransServiceRequisition', 'administrator', 'Edit Trans Service Requisition', '2022-03-29 09:35:37', '2022-03-29 09:35:37', '2022-03-29 09:35:37'),
(2351, 0, 'administrator', 1089, '1', 'Application.TransServiceRequisition.processEditTransServiceRequisition', 'administrator', 'Edit Trans Service Requisition', '2022-03-29 09:35:37', '2022-03-29 09:35:37', '2022-03-29 09:35:37'),
(2352, 0, 'administrator', 1089, '1', 'Application.TransServiceDisposition.processEditTransServiceDisposition', 'administrator', 'Edit Trans Service Disposition', '2022-03-29 11:17:50', '2022-03-29 11:17:50', '2022-03-29 11:17:50'),
(2353, 0, 'administrator', 1089, '1', 'Application.TransServiceDisposition.processEditTransServiceDisposition', 'administrator', 'Edit Trans Service Disposition', '2022-03-29 11:17:50', '2022-03-29 11:17:50', '2022-03-29 11:17:50'),
(2354, 0, 'administrator', 1089, '1', 'Application.TransServiceDisposition.processEditTransServiceDisposition', 'administrator', 'Edit Trans Service Disposition', '2022-03-29 11:47:56', '2022-03-29 11:47:56', '2022-03-29 11:47:56'),
(2355, 0, 'administrator', 1089, '1', 'Application.TransServiceDisposition.processEditTransServiceDisposition', 'administrator', 'Edit Trans Service Disposition', '2022-03-29 11:48:24', '2022-03-29 11:48:25', '2022-03-29 11:48:25'),
(2356, 0, 'administrator', 1089, '1', 'Application.TransServiceDisposition.processEditTransServiceDisposition', 'administrator', 'Edit Trans Service Disposition', '2022-03-29 11:48:25', '2022-03-29 11:48:25', '2022-03-29 11:48:25'),
(2357, 0, 'administrator', 1089, '1', 'Application.TransServiceDisposition.processEditTransServiceDisposition', 'administrator', 'Edit Trans Service Disposition', '2022-03-29 11:52:15', '2022-03-29 11:52:15', '2022-03-29 11:52:15'),
(2358, 0, 'administrator', 1089, '1', 'Application.TransServiceDisposition.processEditTransServiceDisposition', 'administrator', 'Edit Trans Service Disposition', '2022-03-29 11:52:15', '2022-03-29 11:52:15', '2022-03-29 11:52:15'),
(2359, 0, 'administrator', 1089, '1', 'Application.TransServiceDisposition.processEditTransServiceDisposition', 'administrator', 'Edit Trans Service Disposition', '2022-03-29 11:52:50', '2022-03-29 11:52:50', '2022-03-29 11:52:50'),
(2360, 0, 'administrator', 1089, '1', 'Application.TransServiceDisposition.processEditTransServiceDisposition', 'administrator', 'Edit Trans Service Disposition', '2022-03-29 11:52:50', '2022-03-29 11:52:50', '2022-03-29 11:52:50'),
(2361, 0, 'administrator', 1089, '1', 'Application.TransServiceRequisition.processAddTransServiceRequisition', 'administrator', 'Add Trans Service Requisition', '2022-03-29 11:53:34', '2022-03-29 11:53:34', '2022-03-29 11:53:34'),
(2362, 0, 'administrator', 1089, '1', 'Application.TransServiceRequisition.processAddTransServiceRequisition', 'administrator', 'Add Trans Service Requisition', '2022-03-29 11:53:34', '2022-03-29 11:53:34', '2022-03-29 11:53:34'),
(2363, 0, 'administrator', 1089, '1', 'Application.TransServiceRequisition.processAddTransServiceRequisition', 'administrator', 'Add Trans Service Requisition', '2022-03-29 11:53:34', '2022-03-29 11:53:34', '2022-03-29 11:53:34'),
(2364, 0, 'administrator', 1089, '1', 'Application.TransServiceRequisition.processAddTransServiceRequisition', 'administrator', 'Add Trans Service Requisition', '2022-03-29 11:53:34', '2022-03-29 11:53:34', '2022-03-29 11:53:34'),
(2365, 0, 'administrator', 1089, '1', 'Application.TransServiceRequisition.processAddTransServiceRequisition', 'administrator', 'Add Trans Service Requisition', '2022-03-29 11:53:34', '2022-03-29 11:53:34', '2022-03-29 11:53:34'),
(2366, 0, 'administrator', 1089, '1', 'Application.TransServiceRequisition.processAddTransServiceRequisition', 'administrator', 'Add Trans Service Requisition', '2022-03-29 11:53:34', '2022-03-29 11:53:34', '2022-03-29 11:53:34'),
(2367, 0, 'administrator', 1089, '1', 'Application.TransServiceRequisition.processAddTransServiceRequisition', 'administrator', 'Add Trans Service Requisition', '2022-03-29 11:53:34', '2022-03-29 11:53:34', '2022-03-29 11:53:34'),
(2368, 0, 'administrator', 1089, '1', 'Application.TransServiceRequisition.processAddTransServiceRequisition', 'administrator', 'Add Trans Service Requisition', '2022-03-29 11:53:34', '2022-03-29 11:53:34', '2022-03-29 11:53:34'),
(2369, 0, 'administrator', 1089, '1', 'Application.TransServiceRequisition.processAddTransServiceRequisition', 'administrator', 'Add Trans Service Requisition', '2022-03-29 11:53:34', '2022-03-29 11:53:34', '2022-03-29 11:53:34'),
(2370, 0, 'administrator', 1089, '1', 'Application.TransServiceRequisition.processAddTransServiceRequisition', 'administrator', 'Add Trans Service Requisition', '2022-03-29 11:53:34', '2022-03-29 11:53:34', '2022-03-29 11:53:34'),
(2371, 0, 'administrator', 1089, '1', 'Application.TransServiceRequisition.processAddTransServiceRequisition', 'administrator', 'Add Trans Service Requisition', '2022-03-29 11:53:34', '2022-03-29 11:53:34', '2022-03-29 11:53:34'),
(2372, 0, 'administrator', 1089, '1', 'Application.TransServiceRequisition.processAddTransServiceRequisition', 'administrator', 'Add Trans Service Requisition', '2022-03-29 11:53:34', '2022-03-29 11:53:34', '2022-03-29 11:53:34'),
(2373, 0, 'administrator', 1089, '1', 'Application.TransServiceRequisition.processAddTransServiceRequisition', 'administrator', 'Add Trans Service Requisition', '2022-03-29 11:53:34', '2022-03-29 11:53:34', '2022-03-29 11:53:34'),
(2374, 0, 'administrator', 1089, '1', 'Application.TransServiceRequisition.processAddTransServiceRequisition', 'administrator', 'Add Trans Service Requisition', '2022-03-29 11:53:34', '2022-03-29 11:53:34', '2022-03-29 11:53:34'),
(2375, 0, 'administrator', 1089, '1', 'Application.TransServiceRequisition.processAddTransServiceRequisition', 'administrator', 'Add Trans Service Requisition', '2022-03-29 11:53:34', '2022-03-29 11:53:34', '2022-03-29 11:53:34'),
(2376, 0, 'administrator', 1089, '1', 'Application.TransServiceRequisition.processAddTransServiceRequisition', 'administrator', 'Add Trans Service Requisition', '2022-03-29 11:53:34', '2022-03-29 11:53:34', '2022-03-29 11:53:34'),
(2377, 0, 'administrator', 1089, '1', 'Application.TransServiceRequisition.processAddTransServiceRequisition', 'administrator', 'Add Trans Service Requisition', '2022-03-29 11:53:34', '2022-03-29 11:53:34', '2022-03-29 11:53:34'),
(2378, 0, 'administrator', 1089, '1', 'Application.TransServiceRequisition.processAddTransServiceRequisition', 'administrator', 'Add Trans Service Requisition', '2022-03-29 11:53:34', '2022-03-29 11:53:34', '2022-03-29 11:53:34'),
(2379, 0, 'administrator', 1089, '1', 'Application.TransServiceRequisition.processAddTransServiceRequisition', 'administrator', 'Add Trans Service Requisition', '2022-03-29 11:53:34', '2022-03-29 11:53:34', '2022-03-29 11:53:34'),
(2380, 0, 'administrator', 1089, '1', 'Application.TransServiceRequisition.processAddTransServiceRequisition', 'administrator', 'Add Trans Service Requisition', '2022-03-29 11:53:34', '2022-03-29 11:53:34', '2022-03-29 11:53:34'),
(2381, 0, 'administrator', 1089, '1', 'Application.TransServiceRequisition.processAddTransServiceRequisition', 'administrator', 'Add Trans Service Requisition', '2022-03-29 11:53:34', '2022-03-29 11:53:34', '2022-03-29 11:53:34'),
(2382, 0, 'administrator', 1089, '1', 'Application.TransServiceRequisition.processAddTransServiceRequisition', 'administrator', 'Add Trans Service Requisition', '2022-03-29 11:53:34', '2022-03-29 11:53:34', '2022-03-29 11:53:34'),
(2383, 0, 'administrator', 1089, '1', 'Application.TransServiceRequisition.processAddTransServiceRequisition', 'administrator', 'Add Trans Service Requisition', '2022-03-29 11:53:34', '2022-03-29 11:53:34', '2022-03-29 11:53:34'),
(2384, 0, 'administrator', 1089, '1', 'Application.TransServiceRequisition.processAddTransServiceRequisition', 'administrator', 'Add Trans Service Requisition', '2022-03-29 11:53:34', '2022-03-29 11:53:34', '2022-03-29 11:53:34'),
(2385, 0, 'administrator', 1089, '1', 'Application.TransServiceRequisition.processAddTransServiceRequisition', 'administrator', 'Add Trans Service Requisition', '2022-03-29 11:53:34', '2022-03-29 11:53:34', '2022-03-29 11:53:34'),
(2386, 0, 'administrator', 1089, '1', 'Application.TransServiceRequisition.processAddTransServiceRequisition', 'administrator', 'Add Trans Service Requisition', '2022-03-29 11:53:34', '2022-03-29 11:53:34', '2022-03-29 11:53:34'),
(2387, 0, 'administrator', 1089, '1', 'Application.TransServiceRequisition.processAddTransServiceRequisition', 'administrator', 'Add Trans Service Requisition', '2022-03-29 11:53:34', '2022-03-29 11:53:34', '2022-03-29 11:53:34'),
(2388, 0, 'administrator', 1089, '1', 'Application.TransServiceRequisition.processAddTransServiceRequisition', 'administrator', 'Add Trans Service Requisition', '2022-03-29 11:53:34', '2022-03-29 11:53:34', '2022-03-29 11:53:34'),
(2389, 0, 'administrator', 1089, '1', 'Application.TransServiceRequisition.processAddTransServiceRequisition', 'administrator', 'Add Trans Service Requisition', '2022-03-29 11:53:34', '2022-03-29 11:53:34', '2022-03-29 11:53:34'),
(2390, 0, 'administrator', 1089, '1', 'Application.TransServiceRequisition.processAddTransServiceRequisition', 'administrator', 'Add Trans Service Requisition', '2022-03-29 11:53:34', '2022-03-29 11:53:34', '2022-03-29 11:53:34'),
(2391, 0, 'administrator', 1089, '1', 'Application.TransServiceDisposition.processAddTransServiceDisposition', 'administrator', 'Add Trans Service Disposition', '2022-03-29 11:53:48', '2022-03-29 11:53:48', '2022-03-29 11:53:48'),
(2392, 0, 'administrator', 1089, '1', 'Application.TransServiceDisposition.processAddTransServiceDisposition', 'administrator', 'Add Trans Service Disposition', '2022-03-29 11:53:48', '2022-03-29 11:53:48', '2022-03-29 11:53:48'),
(2393, 0, 'administrator', 1089, '1', 'Application.TransServiceDisposition.processAddTransServiceDisposition', 'administrator', 'Add Trans Service Disposition', '2022-03-29 11:53:48', '2022-03-29 11:53:48', '2022-03-29 11:53:48'),
(2394, 0, 'administrator', 1089, '1', 'Application.TransServiceDisposition.processAddTransServiceDisposition', 'administrator', 'Add Trans Service Disposition', '2022-03-29 11:53:48', '2022-03-29 11:53:48', '2022-03-29 11:53:48'),
(2395, 0, 'administrator', 1089, '1', 'Application.TransServiceDisposition.processAddTransServiceDisposition', 'administrator', 'Add Trans Service Disposition', '2022-03-29 11:53:48', '2022-03-29 11:53:48', '2022-03-29 11:53:48'),
(2396, 0, 'administrator', 1089, '1', 'Application.TransServiceDisposition.processAddTransServiceDisposition', 'administrator', 'Add Trans Service Disposition', '2022-03-29 11:53:48', '2022-03-29 11:53:48', '2022-03-29 11:53:48'),
(2397, 0, 'administrator', 1089, '1', 'Application.TransServiceDisposition.processAddTransServiceDisposition', 'administrator', 'Add Trans Service Disposition', '2022-03-29 11:53:48', '2022-03-29 11:53:48', '2022-03-29 11:53:48'),
(2398, 0, 'administrator', 1089, '1', 'Application.TransServiceDisposition.processAddTransServiceDisposition', 'administrator', 'Add Trans Service Disposition', '2022-03-29 11:53:48', '2022-03-29 11:53:48', '2022-03-29 11:53:48'),
(2399, 0, 'administrator', 1089, '1', 'Application.TransServiceDisposition.processAddTransServiceDisposition', 'administrator', 'Add Trans Service Disposition', '2022-03-29 11:53:48', '2022-03-29 11:53:48', '2022-03-29 11:53:48'),
(2400, 0, 'administrator', 1089, '1', 'Application.TransServiceDisposition.processAddTransServiceDisposition', 'administrator', 'Add Trans Service Disposition', '2022-03-29 11:53:48', '2022-03-29 11:53:48', '2022-03-29 11:53:48'),
(2401, 0, 'administrator', 1089, '1', 'Application.TransServiceDisposition.processAddTransServiceDisposition', 'administrator', 'Add Trans Service Disposition', '2022-03-29 11:53:48', '2022-03-29 11:53:48', '2022-03-29 11:53:48'),
(2402, 0, 'administrator', 1089, '1', 'Application.TransServiceDisposition.processAddTransServiceDisposition', 'administrator', 'Add Trans Service Disposition', '2022-03-29 11:53:48', '2022-03-29 11:53:48', '2022-03-29 11:53:48'),
(2403, 0, 'administrator', 1089, '1', 'Application.TransServiceDisposition.processAddTransServiceDisposition', 'administrator', 'Add Trans Service Disposition', '2022-03-29 11:53:48', '2022-03-29 11:53:48', '2022-03-29 11:53:48'),
(2404, 0, 'administrator', 1089, '1', 'Application.TransServiceDisposition.processAddTransServiceDisposition', 'administrator', 'Add Trans Service Disposition', '2022-03-29 11:53:48', '2022-03-29 11:53:48', '2022-03-29 11:53:48'),
(2405, 0, 'administrator', 1089, '1', 'Application.TransServiceDisposition.processAddTransServiceDisposition', 'administrator', 'Add Trans Service Disposition', '2022-03-29 11:53:48', '2022-03-29 11:53:48', '2022-03-29 11:53:48'),
(2406, 0, 'administrator', 1089, '1', 'Application.TransServiceDisposition.processAddTransServiceDisposition', 'administrator', 'Add Trans Service Disposition', '2022-03-29 11:53:48', '2022-03-29 11:53:48', '2022-03-29 11:53:48'),
(2407, 0, 'administrator', 1089, '1', 'Application.TransServiceDisposition.processAddTransServiceDisposition', 'administrator', 'Add Trans Service Disposition', '2022-03-29 11:53:48', '2022-03-29 11:53:48', '2022-03-29 11:53:48'),
(2408, 0, 'administrator', 1089, '1', 'Application.TransServiceDisposition.processAddTransServiceDisposition', 'administrator', 'Add Trans Service Disposition', '2022-03-29 11:53:48', '2022-03-29 11:53:48', '2022-03-29 11:53:48'),
(2409, 0, 'administrator', 1089, '1', 'Application.TransServiceDisposition.processAddTransServiceDisposition', 'administrator', 'Add Trans Service Disposition', '2022-03-29 11:53:48', '2022-03-29 11:53:48', '2022-03-29 11:53:48'),
(2410, 0, 'administrator', 1089, '1', 'Application.TransServiceDisposition.processAddTransServiceDisposition', 'administrator', 'Add Trans Service Disposition', '2022-03-29 11:53:48', '2022-03-29 11:53:48', '2022-03-29 11:53:48'),
(2411, 0, 'administrator', 1089, '1', 'Application.TransServiceDisposition.processAddTransServiceDisposition', 'administrator', 'Add Trans Service Disposition', '2022-03-29 11:53:48', '2022-03-29 11:53:48', '2022-03-29 11:53:48'),
(2412, 0, 'administrator', 1089, '1', 'Application.TransServiceDisposition.processAddTransServiceDisposition', 'administrator', 'Add Trans Service Disposition', '2022-03-29 11:53:48', '2022-03-29 11:53:48', '2022-03-29 11:53:48');
INSERT INTO `system_log_user` (`user_log_id`, `user_id`, `username`, `id_previllage`, `log_stat`, `class_name`, `pk`, `remark`, `log_time`, `created_at`, `updated_at`) VALUES
(2413, 0, 'administrator', 1089, '1', 'Application.TransServiceDisposition.processAddTransServiceDisposition', 'administrator', 'Add Trans Service Disposition', '2022-03-29 11:53:48', '2022-03-29 11:53:48', '2022-03-29 11:53:48'),
(2414, 0, 'administrator', 1089, '1', 'Application.TransServiceDisposition.processAddTransServiceDisposition', 'administrator', 'Add Trans Service Disposition', '2022-03-29 11:53:48', '2022-03-29 11:53:48', '2022-03-29 11:53:48'),
(2415, 0, 'administrator', 1089, '1', 'Application.TransServiceDisposition.processAddTransServiceDisposition', 'administrator', 'Add Trans Service Disposition', '2022-03-29 11:53:48', '2022-03-29 11:53:48', '2022-03-29 11:53:48'),
(2416, 0, 'administrator', 1089, '1', 'Application.TransServiceDisposition.processAddTransServiceDisposition', 'administrator', 'Add Trans Service Disposition', '2022-03-29 11:53:48', '2022-03-29 11:53:48', '2022-03-29 11:53:48'),
(2417, 0, 'administrator', 1089, '1', 'Application.TransServiceDisposition.processAddTransServiceDisposition', 'administrator', 'Add Trans Service Disposition', '2022-03-29 11:53:48', '2022-03-29 11:53:48', '2022-03-29 11:53:48'),
(2418, 0, 'administrator', 1089, '1', 'Application.TransServiceDisposition.processAddTransServiceDisposition', 'administrator', 'Add Trans Service Disposition', '2022-03-29 11:53:48', '2022-03-29 11:53:48', '2022-03-29 11:53:48'),
(2419, 0, 'administrator', 1089, '1', 'Application.TransServiceDisposition.processAddTransServiceDisposition', 'administrator', 'Add Trans Service Disposition', '2022-03-29 11:53:48', '2022-03-29 11:53:48', '2022-03-29 11:53:48'),
(2420, 0, 'administrator', 1089, '1', 'Application.TransServiceDisposition.processAddTransServiceDisposition', 'administrator', 'Add Trans Service Disposition', '2022-03-29 11:53:48', '2022-03-29 11:53:48', '2022-03-29 11:53:48'),
(2421, 0, 'administrator', 1089, '1', 'Application.TransServiceDisposition.processEditTransServiceDisposition', 'administrator', 'Edit Trans Service Disposition', '2022-03-29 11:54:14', '2022-03-29 11:54:14', '2022-03-29 11:54:14'),
(2422, 0, 'administrator', 1089, '1', 'Application.TransServiceDisposition.processEditTransServiceDisposition', 'administrator', 'Edit Trans Service Disposition', '2022-03-29 11:54:14', '2022-03-29 11:54:14', '2022-03-29 11:54:14'),
(2423, 0, 'administrator', 1089, '1', 'Application.TransServiceDisposition.processEditTransServiceDisposition', 'administrator', 'Edit Trans Service Disposition', '2022-03-29 11:54:14', '2022-03-29 11:54:14', '2022-03-29 11:54:14'),
(2424, 0, 'administrator', 1089, '1', 'Application.TransServiceDisposition.processEditTransServiceDisposition', 'administrator', 'Edit Trans Service Disposition', '2022-03-29 11:54:14', '2022-03-29 11:54:14', '2022-03-29 11:54:14'),
(2425, 0, 'administrator', 1089, '1', 'Application.TransServiceDisposition.processEditTransServiceDisposition', 'administrator', 'Edit Trans Service Disposition', '2022-03-29 11:54:14', '2022-03-29 11:54:14', '2022-03-29 11:54:14'),
(2426, 0, 'administrator', 1089, '1', 'Application.TransServiceDisposition.processEditTransServiceDisposition', 'administrator', 'Edit Trans Service Disposition', '2022-03-29 11:54:14', '2022-03-29 11:54:14', '2022-03-29 11:54:14'),
(2427, 0, 'administrator', 1089, '1', 'Application.TransServiceDisposition.processEditTransServiceDisposition', 'administrator', 'Edit Trans Service Disposition', '2022-03-29 11:54:14', '2022-03-29 11:54:14', '2022-03-29 11:54:14'),
(2428, 0, 'administrator', 1089, '1', 'Application.TransServiceDisposition.processEditTransServiceDisposition', 'administrator', 'Edit Trans Service Disposition', '2022-03-29 11:54:14', '2022-03-29 11:54:14', '2022-03-29 11:54:14'),
(2429, 0, 'administrator', 1089, '1', 'Application.TransServiceDisposition.processEditTransServiceDisposition', 'administrator', 'Edit Trans Service Disposition', '2022-03-29 11:54:14', '2022-03-29 11:54:14', '2022-03-29 11:54:14'),
(2430, 0, 'administrator', 1089, '1', 'Application.TransServiceDisposition.processEditTransServiceDisposition', 'administrator', 'Edit Trans Service Disposition', '2022-03-29 11:54:14', '2022-03-29 11:54:14', '2022-03-29 11:54:14'),
(2431, 0, 'administrator', 1089, '1', 'Application.TransServiceDisposition.processEditTransServiceDisposition', 'administrator', 'Edit Trans Service Disposition', '2022-03-29 11:54:14', '2022-03-29 11:54:14', '2022-03-29 11:54:14'),
(2432, 0, 'administrator', 1089, '1', 'Application.TransServiceDisposition.processEditTransServiceDisposition', 'administrator', 'Edit Trans Service Disposition', '2022-03-29 11:54:15', '2022-03-29 11:54:15', '2022-03-29 11:54:15'),
(2433, 0, 'administrator', 1089, '1', 'Application.TransServiceDisposition.processEditTransServiceDisposition', 'administrator', 'Edit Trans Service Disposition', '2022-03-29 11:54:15', '2022-03-29 11:54:15', '2022-03-29 11:54:15'),
(2434, 0, 'administrator', 1089, '1', 'Application.TransServiceDisposition.processEditTransServiceDisposition', 'administrator', 'Edit Trans Service Disposition', '2022-03-29 11:54:15', '2022-03-29 11:54:15', '2022-03-29 11:54:15'),
(2435, 0, 'administrator', 1089, '1', 'Application.TransServiceDisposition.processEditTransServiceDisposition', 'administrator', 'Edit Trans Service Disposition', '2022-03-29 11:54:15', '2022-03-29 11:54:15', '2022-03-29 11:54:15'),
(2436, 0, 'administrator', 1089, '1', 'Application.TransServiceDisposition.processEditTransServiceDisposition', 'administrator', 'Edit Trans Service Disposition', '2022-03-29 11:54:15', '2022-03-29 11:54:15', '2022-03-29 11:54:15'),
(2437, 0, 'administrator', 1089, '1', 'Application.TransServiceDisposition.processEditTransServiceDisposition', 'administrator', 'Edit Trans Service Disposition', '2022-03-29 11:54:15', '2022-03-29 11:54:15', '2022-03-29 11:54:15'),
(2438, 0, 'administrator', 1089, '1', 'Application.TransServiceDisposition.processEditTransServiceDisposition', 'administrator', 'Edit Trans Service Disposition', '2022-03-29 11:54:15', '2022-03-29 11:54:15', '2022-03-29 11:54:15'),
(2439, 0, 'administrator', 1089, '1', 'Application.TransServiceDisposition.processEditTransServiceDisposition', 'administrator', 'Edit Trans Service Disposition', '2022-03-29 11:54:15', '2022-03-29 11:54:15', '2022-03-29 11:54:15'),
(2440, 0, 'administrator', 1089, '1', 'Application.TransServiceDisposition.processEditTransServiceDisposition', 'administrator', 'Edit Trans Service Disposition', '2022-03-29 11:54:15', '2022-03-29 11:54:15', '2022-03-29 11:54:15'),
(2441, 0, 'administrator', 1089, '1', 'Application.TransServiceDisposition.processEditTransServiceDisposition', 'administrator', 'Edit Trans Service Disposition', '2022-03-29 11:54:15', '2022-03-29 11:54:15', '2022-03-29 11:54:15'),
(2442, 0, 'administrator', 1089, '1', 'Application.TransServiceDisposition.processEditTransServiceDisposition', 'administrator', 'Edit Trans Service Disposition', '2022-03-29 11:54:15', '2022-03-29 11:54:15', '2022-03-29 11:54:15'),
(2443, 0, 'administrator', 1089, '1', 'Application.TransServiceDisposition.processEditTransServiceDisposition', 'administrator', 'Edit Trans Service Disposition', '2022-03-29 11:54:15', '2022-03-29 11:54:15', '2022-03-29 11:54:15'),
(2444, 0, 'administrator', 1089, '1', 'Application.TransServiceDisposition.processEditTransServiceDisposition', 'administrator', 'Edit Trans Service Disposition', '2022-03-29 11:54:15', '2022-03-29 11:54:15', '2022-03-29 11:54:15'),
(2445, 0, 'administrator', 1089, '1', 'Application.TransServiceDisposition.processEditTransServiceDisposition', 'administrator', 'Edit Trans Service Disposition', '2022-03-29 11:54:27', '2022-03-29 11:54:27', '2022-03-29 11:54:27'),
(2446, 0, 'administrator', 1089, '1', 'Application.TransServiceDisposition.processEditTransServiceDisposition', 'administrator', 'Edit Trans Service Disposition', '2022-03-29 11:54:27', '2022-03-29 11:54:27', '2022-03-29 11:54:27'),
(2447, 0, 'administrator', 1089, '1', 'Application.TransServiceDisposition.processEditTransServiceDisposition', 'administrator', 'Edit Trans Service Disposition', '2022-03-29 11:54:27', '2022-03-29 11:54:27', '2022-03-29 11:54:27'),
(2448, 0, 'administrator', 1089, '1', 'Application.TransServiceDisposition.processEditTransServiceDisposition', 'administrator', 'Edit Trans Service Disposition', '2022-03-29 11:54:27', '2022-03-29 11:54:27', '2022-03-29 11:54:27'),
(2449, 0, 'administrator', 1089, '1', 'Application.TransServiceDisposition.processEditTransServiceDisposition', 'administrator', 'Edit Trans Service Disposition', '2022-03-29 11:54:27', '2022-03-29 11:54:27', '2022-03-29 11:54:27'),
(2450, 0, 'administrator', 1089, '1', 'Application.TransServiceDisposition.processEditTransServiceDisposition', 'administrator', 'Edit Trans Service Disposition', '2022-03-29 11:54:27', '2022-03-29 11:54:27', '2022-03-29 11:54:27'),
(2451, 0, 'administrator', 1089, '1', 'Application.TransServiceDisposition.processEditTransServiceDisposition', 'administrator', 'Edit Trans Service Disposition', '2022-03-29 11:54:27', '2022-03-29 11:54:27', '2022-03-29 11:54:27'),
(2452, 0, 'administrator', 1089, '1', 'Application.TransServiceDisposition.processEditTransServiceDisposition', 'administrator', 'Edit Trans Service Disposition', '2022-03-29 11:54:27', '2022-03-29 11:54:27', '2022-03-29 11:54:27'),
(2453, 0, 'administrator', 1089, '1', 'Application.TransServiceDisposition.processEditTransServiceDisposition', 'administrator', 'Edit Trans Service Disposition', '2022-03-29 11:54:27', '2022-03-29 11:54:27', '2022-03-29 11:54:27'),
(2454, 0, 'administrator', 1089, '1', 'Application.TransServiceDisposition.processEditTransServiceDisposition', 'administrator', 'Edit Trans Service Disposition', '2022-03-29 11:54:27', '2022-03-29 11:54:27', '2022-03-29 11:54:27'),
(2455, 0, 'administrator', 1089, '1', 'Application.TransServiceDisposition.processEditTransServiceDisposition', 'administrator', 'Edit Trans Service Disposition', '2022-03-29 11:54:27', '2022-03-29 11:54:27', '2022-03-29 11:54:27'),
(2456, 0, 'administrator', 1089, '1', 'Application.TransServiceDisposition.processEditTransServiceDisposition', 'administrator', 'Edit Trans Service Disposition', '2022-03-29 11:54:27', '2022-03-29 11:54:27', '2022-03-29 11:54:27'),
(2457, 0, 'administrator', 1089, '1', 'Application.TransServiceDisposition.processEditTransServiceDisposition', 'administrator', 'Edit Trans Service Disposition', '2022-03-29 11:54:27', '2022-03-29 11:54:27', '2022-03-29 11:54:27'),
(2458, 0, 'administrator', 1089, '1', 'Application.TransServiceDisposition.processEditTransServiceDisposition', 'administrator', 'Edit Trans Service Disposition', '2022-03-29 11:54:27', '2022-03-29 11:54:27', '2022-03-29 11:54:27'),
(2459, 0, 'administrator', 1089, '1', 'Application.TransServiceDisposition.processEditTransServiceDisposition', 'administrator', 'Edit Trans Service Disposition', '2022-03-29 11:54:27', '2022-03-29 11:54:27', '2022-03-29 11:54:27'),
(2460, 0, 'administrator', 1089, '1', 'Application.TransServiceDisposition.processEditTransServiceDisposition', 'administrator', 'Edit Trans Service Disposition', '2022-03-29 11:54:27', '2022-03-29 11:54:27', '2022-03-29 11:54:27'),
(2461, 0, 'administrator', 1089, '1', 'Application.TransServiceDisposition.processEditTransServiceDisposition', 'administrator', 'Edit Trans Service Disposition', '2022-03-29 11:54:27', '2022-03-29 11:54:27', '2022-03-29 11:54:27'),
(2462, 0, 'administrator', 1089, '1', 'Application.TransServiceDisposition.processEditTransServiceDisposition', 'administrator', 'Edit Trans Service Disposition', '2022-03-29 11:54:27', '2022-03-29 11:54:27', '2022-03-29 11:54:27'),
(2463, 0, 'administrator', 1089, '1', 'Application.TransServiceDisposition.processEditTransServiceDisposition', 'administrator', 'Edit Trans Service Disposition', '2022-03-29 11:54:28', '2022-03-29 11:54:28', '2022-03-29 11:54:28'),
(2464, 0, 'administrator', 1089, '1', 'Application.TransServiceDisposition.processEditTransServiceDisposition', 'administrator', 'Edit Trans Service Disposition', '2022-03-29 11:54:28', '2022-03-29 11:54:28', '2022-03-29 11:54:28'),
(2465, 0, 'administrator', 1089, '1', 'Application.TransServiceDisposition.processEditTransServiceDisposition', 'administrator', 'Edit Trans Service Disposition', '2022-03-29 11:54:28', '2022-03-29 11:54:28', '2022-03-29 11:54:28'),
(2466, 0, 'administrator', 1089, '1', 'Application.TransServiceDisposition.processEditTransServiceDisposition', 'administrator', 'Edit Trans Service Disposition', '2022-03-29 11:54:28', '2022-03-29 11:54:28', '2022-03-29 11:54:28'),
(2467, 0, 'administrator', 1089, '1', 'Application.TransServiceDisposition.processEditTransServiceDisposition', 'administrator', 'Edit Trans Service Disposition', '2022-03-29 11:54:28', '2022-03-29 11:54:28', '2022-03-29 11:54:28'),
(2468, 0, 'administrator', 1089, '1', 'Application.TransServiceDisposition.processEditTransServiceDisposition', 'administrator', 'Edit Trans Service Disposition', '2022-03-29 11:54:28', '2022-03-29 11:54:28', '2022-03-29 11:54:28'),
(2469, 0, 'administrator', 1089, '1', 'Application.TransServiceDispositionApproval.processAddTransServiceDispositionApproval', 'administrator', 'Add Trans Service Disposition Approval', '2022-03-29 11:54:48', '2022-03-29 11:54:48', '2022-03-29 11:54:48'),
(2470, 0, 'administrator', 1089, '1', 'Application.PrintService.export', 'administrator', 'Export', '2022-03-29 13:22:41', '2022-03-29 13:22:41', '2022-03-29 13:22:41'),
(2471, 0, 'administrator', 1089, '1', 'Application.TransServiceDispositionReview.processAddTransServiceDispositionReview', 'administrator', 'Add Trans Service Disposition Review', '2022-04-14 09:30:32', '2022-04-14 09:30:32', '2022-04-14 09:30:32'),
(2472, 0, 'administrator', 1089, '1', 'Application.TransServiceDispositionReview.processUnApproveTransServiceDispositionReview', 'administrator', 'UnApprove Trans Service Disposition Review', '2022-04-14 09:31:44', '2022-04-14 09:31:44', '2022-04-14 09:31:44'),
(2473, 0, 'administrator', 1089, '1', 'Application.TransServiceDispositionReview.processAddTransServiceDispositionReview', 'administrator', 'Add Trans Service Disposition Review', '2022-04-14 09:31:56', '2022-04-14 09:31:56', '2022-04-14 09:31:56'),
(2474, 0, 'administrator', 1089, '1', 'Application.TransServiceDispositionReview.processUnApproveTransServiceDispositionReview', 'administrator', 'UnApprove Trans Service Disposition Review', '2022-04-14 09:32:07', '2022-04-14 09:32:07', '2022-04-14 09:32:07'),
(2475, 0, 'administrator', 1089, '1', 'Application.TransServiceDispositionReview.processAddTransServiceDispositionReview', 'administrator', 'Add Trans Service Disposition Review', '2022-04-14 09:33:11', '2022-04-14 09:33:11', '2022-04-14 09:33:11'),
(2476, 0, 'administrator', 1089, '1', 'Application.TransServiceDispositionReview.processUnApproveTransServiceDispositionReview', 'administrator', 'UnApprove Trans Service Disposition Review', '2022-04-14 09:36:43', '2022-04-14 09:36:43', '2022-04-14 09:36:43'),
(2477, 0, 'administrator', 1089, '1', 'Application.TransServiceDispositionReview.processAddTransServiceDispositionReview', 'administrator', 'Add Trans Service Disposition Review', '2022-04-14 09:36:50', '2022-04-14 09:36:50', '2022-04-14 09:36:50'),
(2478, 0, 'administrator', 1089, '1', 'Application.TransServiceDispositionReview.processUnApproveTransServiceDispositionReview', 'administrator', 'UnApprove Trans Service Disposition Review', '2022-04-14 09:37:02', '2022-04-14 09:37:02', '2022-04-14 09:37:02'),
(2479, 0, 'administrator', 1089, '1', 'Application.TransServiceDispositionReview.processAddTransServiceDispositionReview', 'administrator', 'Add Trans Service Disposition Review', '2022-04-14 10:13:11', '2022-04-14 10:13:11', '2022-04-14 10:13:11'),
(2480, 0, 'administrator', 1089, '1', 'Application.TransServiceDispositionReview.processUnApproveTransServiceDispositionReview', 'administrator', 'UnApprove Trans Service Disposition Review', '2022-04-14 10:16:29', '2022-04-14 10:16:29', '2022-04-14 10:16:29'),
(2481, 0, 'administrator', 1089, '1', 'Application.TransServiceDispositionReview.processAddTransServiceDispositionReview', 'administrator', 'Add Trans Service Disposition Review', '2022-04-14 10:16:40', '2022-04-14 10:16:40', '2022-04-14 10:16:40');

-- --------------------------------------------------------

--
-- Table structure for table `system_menu`
--

CREATE TABLE `system_menu` (
  `id_menu` varchar(10) NOT NULL,
  `id` varchar(100) DEFAULT NULL,
  `type` enum('folder','file','function') DEFAULT NULL,
  `indent_level` int(1) DEFAULT NULL,
  `text` varchar(50) DEFAULT NULL,
  `image` varchar(50) DEFAULT NULL,
  `last_update` timestamp NULL DEFAULT current_timestamp() ON UPDATE current_timestamp()
) ENGINE=InnoDB DEFAULT CHARSET=latin1 COLLATE=latin1_swedish_ci;

--
-- Dumping data for table `system_menu`
--

INSERT INTO `system_menu` (`id_menu`, `id`, `type`, `indent_level`, `text`, `image`, `last_update`) VALUES
('0', 'home', 'file', 1, 'Beranda', NULL, '2021-12-18 04:09:42'),
('1', '#', 'folder', 1, 'System', NULL, '2021-12-18 03:37:18'),
('11', 'system-user', 'file', 2, 'System User', NULL, '2021-12-18 03:37:19'),
('12', 'system-user-group', 'file', 2, 'System User Group', NULL, '2021-12-18 03:37:22'),
('2', '#', 'folder', 1, 'Layanan', NULL, '2021-10-26 02:59:19'),
('21', '#', 'folder', 2, 'Preferensi', NULL, '2021-10-26 02:59:36'),
('211', 'section', 'file', 3, 'Bagian', NULL, '2021-10-26 04:18:27'),
('212', 'service', 'file', 3, 'Layanan', NULL, '2021-10-26 03:00:07'),
('22', '#', 'folder', 2, 'Pengajuan', NULL, '2021-12-11 04:16:28'),
('221', 'trans-service-requisition', 'file', 3, 'Pengajuan Bantuan', NULL, '2021-12-16 03:11:30'),
('222', 'trans-service-general', 'file', 3, 'Pengajuan Surat Umum', NULL, '2022-01-25 07:02:28'),
('23', '#', 'folder', 2, 'Disposisi', NULL, '2021-12-18 05:09:39'),
('231', 'trans-service-disposition', 'file', 3, 'Disposisi Bantuan', NULL, '2021-12-18 05:10:05'),
('232', 'trans-service-disposition-approval', 'file', 3, 'Persetujuan Disposisi Bantuan', NULL, '2021-12-18 05:10:13'),
('233', 'trans-service-disposition-review', 'file', 3, 'Review Disposisi Bantuan', NULL, '2021-12-18 05:10:19'),
('234', 'trans-service-disposition-funds', 'file', 3, 'Pencairan Disposisi Bantuan', NULL, '2022-03-18 08:24:04'),
('3', '#', 'folder', 1, 'Surat Umum', NULL, '2022-01-25 07:07:37'),
('31', 'service-general-parameter', 'file', 2, 'Preferensi', NULL, '2022-01-25 07:09:51'),
('32', 'trans-service-general', 'file', 2, 'Pengajuan', NULL, '2022-01-25 07:08:41'),
('33', 'trans-service-general-approval', 'file', 2, 'Persetujuan', NULL, '2022-01-25 07:09:04'),
('4', '#', 'folder', 1, 'Cetak', NULL, '2022-01-25 07:07:21'),
('41', 'print-service', 'file', 2, 'Cetak Data Bantuan', NULL, '2022-01-25 07:07:19'),
('42', 'print-service-general', 'file', 2, 'Cetak Data Surat Umum', NULL, '2022-02-08 03:12:24'),
('5', '#', 'folder', 1, 'Persediaan', NULL, '2023-08-30 06:28:24'),
('51', 'menustok', 'file', 2, 'Menu Stok Barang', NULL, '2023-08-30 06:30:08'),
('6', '#', 'folder', 1, 'Penjualan', NULL, '2023-08-30 06:35:19'),
('61', 'index-penjualan', 'file', 2, 'Penjualan Barang', NULL, '2023-08-30 06:36:26'),
('7', '#', 'folder', 1, 'Pembelian', NULL, '2023-08-30 06:39:04'),
('71', 'index-pembelian', 'file', 2, 'Pembelian Barang', NULL, '2023-08-30 06:39:48');

-- --------------------------------------------------------

--
-- Table structure for table `system_menu_mapping`
--

CREATE TABLE `system_menu_mapping` (
  `menu_mapping_id` int(10) NOT NULL,
  `user_group_level` int(3) DEFAULT NULL,
  `id_menu` varchar(10) CHARACTER SET latin1 COLLATE latin1_swedish_ci DEFAULT NULL,
  `created_at` datetime DEFAULT NULL,
  `updated_at` timestamp NULL DEFAULT current_timestamp()
) ENGINE=InnoDB DEFAULT CHARSET=utf8 COLLATE=utf8_general_ci;

--
-- Dumping data for table `system_menu_mapping`
--

INSERT INTO `system_menu_mapping` (`menu_mapping_id`, `user_group_level`, `id_menu`, `created_at`, `updated_at`) VALUES
(39, 1, '1', '2022-01-07 04:16:59', '2022-01-06 21:16:59'),
(40, 1, '11', '2022-01-07 04:16:59', '2022-01-06 21:16:59'),
(41, 1, '12', '2022-01-07 04:16:59', '2022-01-06 21:16:59'),
(42, 1, '2', '2022-01-07 04:16:59', '2022-01-06 21:16:59'),
(43, 1, '21', '2022-01-07 04:16:59', '2022-01-06 21:16:59'),
(44, 1, '211', '2022-01-07 04:16:59', '2022-01-06 21:16:59'),
(45, 1, '212', '2022-01-07 04:16:59', '2022-01-06 21:16:59'),
(46, 1, '22', '2022-01-07 04:16:59', '2022-01-06 21:16:59'),
(47, 1, '221', '2022-01-07 04:16:59', '2022-01-06 21:16:59'),
(48, 1, '23', '2022-01-07 04:16:59', '2022-01-06 21:16:59'),
(49, 1, '231', '2022-01-07 04:16:59', '2022-01-06 21:16:59'),
(50, 1, '232', '2022-01-07 04:16:59', '2022-01-06 21:16:59'),
(51, 1, '233', '2022-01-07 04:16:59', '2022-01-06 21:16:59'),
(52, 1, '4', '2022-01-07 04:16:59', '2022-01-06 21:16:59'),
(53, 1, '41', '2022-01-07 04:16:59', '2022-01-06 21:16:59'),
(59, 1, '3', NULL, '2022-01-25 07:09:19'),
(60, 1, '31', NULL, '2022-01-25 07:09:22'),
(61, 1, '32', NULL, '2022-01-25 07:09:24'),
(62, 1, '33', NULL, '2022-01-25 07:09:26'),
(63, 1, '42', NULL, '2022-02-08 03:13:55'),
(98, 2, '2', '2022-03-17 06:02:30', '2022-03-16 23:02:30'),
(99, 2, '22', '2022-03-17 06:02:30', '2022-03-16 23:02:30'),
(100, 2, '221', '2022-03-17 06:02:30', '2022-03-16 23:02:30'),
(111, 5, '0', '2022-03-17 06:24:07', '2022-03-16 23:24:07'),
(112, 5, '2', '2022-03-17 06:24:07', '2022-03-16 23:24:07'),
(113, 5, '22', '2022-03-17 06:24:07', '2022-03-16 23:24:07'),
(114, 5, '221', '2022-03-17 06:24:07', '2022-03-16 23:24:07'),
(115, 5, '222', '2022-03-17 06:24:07', '2022-03-16 23:24:07'),
(116, 5, '23', '2022-03-17 06:24:07', '2022-03-16 23:24:07'),
(117, 5, '231', '2022-03-17 06:24:07', '2022-03-16 23:24:07'),
(121, 4, '0', '2022-03-17 06:45:12', '2022-03-16 23:45:12'),
(122, 4, '2', '2022-03-17 06:45:12', '2022-03-16 23:45:12'),
(123, 4, '23', '2022-03-17 06:45:12', '2022-03-16 23:45:12'),
(124, 4, '232', '2022-03-17 06:45:12', '2022-03-16 23:45:12'),
(125, 6, '0', '2022-03-17 07:53:50', '2022-03-17 00:53:50'),
(126, 6, '2', '2022-03-17 07:53:50', '2022-03-17 00:53:50'),
(127, 6, '22', '2022-03-17 07:53:50', '2022-03-17 00:53:50'),
(128, 6, '221', '2022-03-17 07:53:50', '2022-03-17 00:53:50'),
(129, 6, '232', '2022-03-17 07:53:50', '2022-03-17 00:53:50'),
(130, 1, '234', NULL, '2022-03-18 07:43:34'),
(132, 1, '5', NULL, '2023-08-29 09:13:57'),
(133, 1, '51', NULL, '2023-08-30 06:31:18'),
(134, 1, '6', NULL, '2023-08-30 06:37:26'),
(135, 1, '61', NULL, '2023-08-30 06:37:42'),
(136, 1, '7', NULL, '2023-08-30 06:40:38'),
(137, 1, '71', NULL, '2023-08-30 06:41:11');

-- --------------------------------------------------------

--
-- Table structure for table `system_user`
--

CREATE TABLE `system_user` (
  `user_id` int(10) NOT NULL,
  `user_group_id` int(3) DEFAULT NULL,
  `full_name` varchar(255) DEFAULT '',
  `name` varchar(255) DEFAULT '',
  `phone_number` varchar(255) DEFAULT '',
  `branch_id` int(1) DEFAULT 0,
  `section_id` int(10) DEFAULT 0,
  `email` varchar(255) DEFAULT NULL,
  `email_verified_at` timestamp NULL DEFAULT NULL,
  `password` varchar(255) NOT NULL,
  `remember_token` varchar(100) DEFAULT NULL,
  `data_state` int(1) DEFAULT 0,
  `created_at` timestamp NULL DEFAULT NULL,
  `updated_at` timestamp NULL DEFAULT NULL
) ENGINE=InnoDB DEFAULT CHARSET=utf8mb4 COLLATE=utf8mb4_unicode_ci;

--
-- Dumping data for table `system_user`
--

INSERT INTO `system_user` (`user_id`, `user_group_id`, `full_name`, `name`, `phone_number`, `branch_id`, `section_id`, `email`, `email_verified_at`, `password`, `remember_token`, `data_state`, `created_at`, `updated_at`) VALUES
(55, 1, 'Administrator', 'administrator', '08812792729', 0, 0, NULL, NULL, '$2y$10$ChyL4roFnMQPGowGXb1LVO/HxzveKrl4oD1ryfj4F9rrUg8lbK8.O', NULL, 0, '2021-10-25 20:03:14', '2022-11-11 01:33:35'),
(62, 22, 'Ratih Ayuningtyas Utam', 'ratih', '085235888790', 0, 1, NULL, NULL, '$2y$10$lb2D2Cm.eB6hL0faR4WgauTURIEtQtDTw4yHBQ6YvPCObObOVzlGi', NULL, 0, '2022-03-16 21:02:57', '2022-03-16 23:24:41'),
(63, 23, 'Anwar Samsuri', 'anwar', '085641130779', 0, 9, NULL, NULL, '$2y$10$dfQEcKKlZTTcnp/nfu18YOnMdzSlswlcplPIxjDUv8SH5HG97aPYK', NULL, 0, '2022-03-16 21:04:22', '2022-03-17 00:54:28'),
(64, 21, 'Sepby Widyo Utomo', 'sepby', '085642430947', 0, 9, NULL, NULL, '$2y$10$ai7DMzWoXgpo3m3QKt9huu/j4AXUNYNyJrLoSygAHPFJ2xDV23Qmm', NULL, 0, '2022-03-16 21:05:03', '2022-03-16 23:45:49'),
(65, 21, 'Vivi', 'vivi', '083869950063', 0, 11, NULL, NULL, '$2y$10$uVQ7WjPuq/5AedNzDENI7OdJm4nvwxFGwnDNsMptxPcdqY8N6obL2', NULL, 0, '2022-03-16 21:05:30', '2022-03-16 21:05:30'),
(66, 21, 'Ira Trisnawati', 'iratrisnawati', '085642336339', 0, 11, NULL, NULL, '$2y$10$rI8nRBhqiHuI0bcUHpMGB.uhrZZZo5RPrQxjLukYeYBmgyCrFXAVC', NULL, 0, '2022-03-16 21:06:08', '2022-03-16 21:19:40'),
(67, 17, 'Dewi Nuraini', 'aini', '083125183360', 0, 10, NULL, NULL, '$2y$10$x0hx6eT9hQX8wICgYZm7ZuFapMAJ3yRd1EKWK24rxdm.9g4c8Ms/K', NULL, 0, '2022-03-16 21:21:46', '2022-03-16 22:56:46'),
(68, 21, 'SASASA', 'sasasa', '123123123123123123', 0, 10, NULL, NULL, '$2y$10$rX6Gu2mLKjpvA0Ja5idKVeETzq/rs7rBSjDa4xqtwUWv4jPgRHwQG', NULL, 1, '2022-03-17 23:54:26', '2022-03-17 23:59:54'),
(69, 1, 'lalala', 'lalala', NULL, 0, 0, NULL, NULL, '$2y$10$U9sDIhbeInpg0nVa8vKhTu4dVKSOzgMKmqBli8nilzpeVWJ0ne7Fy', NULL, 0, '2022-03-23 01:54:51', '2022-03-23 01:54:51'),
(70, 1, 'fufufu`', 'fufufu', NULL, 0, 0, NULL, NULL, '$2y$10$SzJyWM6rCcTmjxZ4ptXmBuvOSfUT2QNEGIO1r3qwWJQhbGvK6pS0C', NULL, 0, '2022-03-23 01:54:58', '2022-03-23 01:54:58'),
(71, 1, '', 'admin', '', 0, 0, NULL, NULL, '$2y$10$CI/15RNlCk1lv4uRHYVAOur9qqTOsYjtyhIPmdBKYvm62FcEEd.Qu', NULL, 0, '2022-10-24 00:28:59', '2022-10-24 00:28:59');

-- --------------------------------------------------------

--
-- Table structure for table `system_user_group`
--

CREATE TABLE `system_user_group` (
  `user_group_id` int(3) NOT NULL,
  `user_group_level` int(11) DEFAULT NULL,
  `user_group_name` varchar(50) DEFAULT NULL,
  `user_group_token` varchar(250) DEFAULT '',
  `data_state` int(1) DEFAULT 0,
  `created_id` int(10) DEFAULT 0,
  `created_at` datetime DEFAULT NULL,
  `updated_id` int(10) DEFAULT 0,
  `updated_on` datetime DEFAULT NULL,
  `deleted_id` int(10) DEFAULT 0,
  `deleted_on` datetime DEFAULT NULL,
  `updated_at` timestamp NULL DEFAULT current_timestamp() ON UPDATE current_timestamp()
) ENGINE=InnoDB DEFAULT CHARSET=latin1 COLLATE=latin1_swedish_ci;

--
-- Dumping data for table `system_user_group`
--

INSERT INTO `system_user_group` (`user_group_id`, `user_group_level`, `user_group_name`, `user_group_token`, `data_state`, `created_id`, `created_at`, `updated_id`, `updated_on`, `deleted_id`, `deleted_on`, `updated_at`) VALUES
(1, 1, 'Administrator', '', 0, 0, NULL, 0, NULL, 0, NULL, '2021-10-26 03:02:23'),
(17, 2, 'FrontDesk', '', 0, 0, '2022-01-07 03:37:13', 0, NULL, 0, NULL, '2022-01-06 20:37:13'),
(18, 45, 'testes', '', 1, 0, '2022-02-22 02:36:53', 0, NULL, 0, NULL, '2022-02-21 19:37:08'),
(19, 22, 'testes', '', 1, 0, '2022-02-22 02:37:23', 0, NULL, 0, NULL, '2022-02-21 19:37:32'),
(20, 3, 'SDM dan Administrasi', '', 1, 0, '2022-03-17 04:01:02', 0, NULL, 0, NULL, '2022-03-16 23:40:19'),
(21, 4, 'Staff Disposisi', '', 0, 0, '2022-03-17 04:01:36', 0, NULL, 0, NULL, '2022-03-16 21:01:36'),
(22, 5, 'SDM dan Administrasi', '', 0, 0, '2022-03-17 06:23:51', 0, NULL, 0, NULL, '2022-03-16 23:24:07'),
(23, 6, 'Rangkap Disposisi & FO', '', 0, 0, '2022-03-17 07:53:50', 0, NULL, 0, NULL, '2022-03-17 00:53:50');

-- --------------------------------------------------------

--
-- Table structure for table `trans_service_disposition`
--

CREATE TABLE `trans_service_disposition` (
  `service_disposition_id` int(10) NOT NULL,
  `service_requisition_id` int(10) DEFAULT NULL,
  `service_requisition_no` varchar(250) DEFAULT NULL,
  `service_requisition_name` varchar(250) DEFAULT NULL,
  `service_requisition_phone` varchar(250) DEFAULT NULL,
  `service_id` int(10) DEFAULT NULL,
  `section_id` int(10) DEFAULT NULL,
  `service_disposition_remark` text DEFAULT NULL,
  `service_disposition_token` varchar(250) DEFAULT '',
  `service_disposition_token_edit` varchar(250) DEFAULT '',
  `service_disposition_status` int(1) DEFAULT 0,
  `service_disposition_amount` decimal(20,2) DEFAULT 0.00,
  `service_disposition_funds_status` int(1) DEFAULT 0 COMMENT '0 = Belum Cair, 1 = Sudah Cair, 2 = Sudah Disalurkan',
  `approved_status` int(1) DEFAULT 0 COMMENT '0 = draft, 1 = approved, 2 = dikembalikan ke tahap sebelumnya',
  `approved_remark` text DEFAULT NULL,
  `approved_id` int(10) DEFAULT NULL,
  `approved_at` datetime DEFAULT NULL,
  `unapprove_remark` text DEFAULT NULL,
  `unapprove_id` int(10) DEFAULT NULL,
  `unapprove_at` datetime DEFAULT NULL,
  `review_status` int(1) DEFAULT 0 COMMENT '0 = draft, 1 = approve, 2 = dikembalikan ke tahap sebelumnya',
  `review_id` int(10) DEFAULT NULL,
  `review_at` datetime DEFAULT NULL,
  `review_remark` text DEFAULT NULL,
  `unreview_id` int(11) DEFAULT NULL,
  `unreview_at` datetime DEFAULT NULL,
  `unreview_remark` text DEFAULT NULL,
  `disapprove_id` int(11) DEFAULT NULL,
  `disapprove_at` datetime DEFAULT NULL,
  `disapprove_remark` text DEFAULT NULL,
  `funds_amount_id` int(11) DEFAULT NULL,
  `funds_amount_at` datetime DEFAULT NULL,
  `funds_status_id` int(11) DEFAULT NULL,
  `funds_status_at` datetime DEFAULT NULL,
  `file_sk` varchar(250) NOT NULL DEFAULT '',
  `delete_remark` varchar(250) DEFAULT '',
  `data_state` int(1) DEFAULT 0,
  `created_id` int(10) DEFAULT 0,
  `created_at` datetime DEFAULT NULL,
  `updated_id` int(10) DEFAULT 0,
  `updated_at` datetime DEFAULT NULL,
  `deleted_id` int(10) DEFAULT 0,
  `deleted_at` datetime DEFAULT NULL,
  `last_update` timestamp NOT NULL DEFAULT current_timestamp()
) ENGINE=InnoDB DEFAULT CHARSET=utf8 COLLATE=utf8_general_ci;

--
-- Dumping data for table `trans_service_disposition`
--

INSERT INTO `trans_service_disposition` (`service_disposition_id`, `service_requisition_id`, `service_requisition_no`, `service_requisition_name`, `service_requisition_phone`, `service_id`, `section_id`, `service_disposition_remark`, `service_disposition_token`, `service_disposition_token_edit`, `service_disposition_status`, `service_disposition_amount`, `service_disposition_funds_status`, `approved_status`, `approved_remark`, `approved_id`, `approved_at`, `unapprove_remark`, `unapprove_id`, `unapprove_at`, `review_status`, `review_id`, `review_at`, `review_remark`, `unreview_id`, `unreview_at`, `unreview_remark`, `disapprove_id`, `disapprove_at`, `disapprove_remark`, `funds_amount_id`, `funds_amount_at`, `funds_status_id`, `funds_status_at`, `file_sk`, `delete_remark`, `data_state`, `created_id`, `created_at`, `updated_id`, `updated_at`, `deleted_id`, `deleted_at`, `last_update`) VALUES
(1, 1, '000001/SR/II/2022', 'Galantr', '08812792729', 6, 10, 'tess', '20e4229de263cad3c3722d865f143c9c', '', 2, '200000.00', 2, 1, 'tes', 55, '2022-02-22 03:50:52', 'tes', 55, '2022-02-22 03:50:38', 1, 55, '2022-02-22 03:53:21', 'good', 55, '2022-02-22 03:52:52', 'tes', 55, '2022-02-22 03:52:35', 'tes', 55, '2022-03-18 09:46:34', 55, '2022-03-19 02:47:26', 'tes_1645502001.xls', '', 0, 55, '2022-02-22 03:49:59', 0, '2022-03-19 02:47:26', 0, NULL, '2022-02-22 03:49:59'),
(2, 3, '000003/SR/II/2022', 'Galant', '08812792729', 6, 11, 'Tes Keterangan', '657fa0a4d7c84b33d6e4048d5c1d59ea', '', 0, '120000.00', 2, 1, 'oke', 55, '2022-02-23 04:09:33', 'tes', 55, '2022-02-23 02:23:16', 1, 55, '2022-02-23 04:10:12', 'oke', NULL, NULL, NULL, NULL, NULL, NULL, 55, '2022-03-19 03:19:24', 55, '2022-03-19 03:28:18', 'tes_1645502001_1645589412.xls', '', 0, 55, '2022-02-23 01:56:15', 0, '2022-03-19 03:28:18', 0, NULL, '2022-02-23 01:56:15'),
(3, 4, '000004/SR/II/2022', 'Galant', '08812792729', 6, 9, NULL, '6e252c0f5fc51f58960c2ab7d7e959e4', '', 0, '0.00', 0, 1, 'hhhh', 64, '2022-03-17 07:16:20', 'adsasdads', 63, '2022-03-17 06:56:11', 1, 55, '2022-04-14 03:16:40', 'as', 55, '2022-04-14 03:16:29', 'as', 55, '2022-04-14 03:13:11', 'as', NULL, NULL, NULL, NULL, 'temp_1649906200.txt', '', 0, 55, '2022-02-28 12:17:08', 0, '2022-04-14 03:16:40', 0, NULL, '2022-02-28 12:17:08'),
(6, 7, '000007/SR/III/2022', 'aini', '083125183360', 6, 11, NULL, '5c9303ceb4e29abc3d83ac94091d31de', '9c90c8db29bc16b30d6f1d86de6c3be8', 0, '0.00', 0, 0, 'tes', 65, '2022-03-17 07:29:39', 'kakak', 65, '2022-03-17 07:34:51', 0, NULL, NULL, NULL, NULL, NULL, NULL, 65, '2022-03-17 07:30:52', 'kalo', NULL, NULL, NULL, NULL, '', '', 0, 62, '2022-03-17 06:30:25', 55, '2022-03-17 07:34:51', 0, NULL, '2022-03-17 06:30:25'),
(7, 9, '000009/SR/III/2022', 'Galant', '08812792729', 6, 9, NULL, 'f1ee2b357e05375721495f42461eec6f', '89147523e2be316c7b0b7a6759e5f9b9', 0, '0.00', 0, 0, NULL, NULL, NULL, NULL, NULL, NULL, 0, NULL, NULL, NULL, NULL, NULL, NULL, NULL, NULL, NULL, NULL, NULL, NULL, NULL, '', '', 0, 55, '2022-03-29 02:35:17', 55, '2022-03-29 04:52:50', 0, NULL, '2022-03-29 02:35:17'),
(8, 10, '000010/SR/III/2022', 'Galant', '08812792729', 1, 9, NULL, '561d3f7bc28ad1a2e4dab7e608aee205', '12704e5d0d9b19afc7136c9d4ef11858', 0, '0.00', 0, 1, 'yes', 55, '2022-03-29 04:54:48', NULL, NULL, NULL, 0, NULL, NULL, NULL, NULL, NULL, NULL, NULL, NULL, NULL, NULL, NULL, NULL, NULL, '', '', 0, 55, '2022-03-29 04:53:48', 55, '2022-03-29 04:54:48', 0, NULL, '2022-03-29 04:53:48');

-- --------------------------------------------------------

--
-- Table structure for table `trans_service_disposition_parameter`
--

CREATE TABLE `trans_service_disposition_parameter` (
  `service_disposition_parameter_id` int(10) NOT NULL,
  `service_disposition_id` int(10) DEFAULT NULL,
  `service_parameter_id` int(10) DEFAULT NULL,
  `service_requisition_parameter_id` int(10) DEFAULT NULL,
  `service_disposition_parameter_value` text DEFAULT NULL,
  `service_disposition_parameter_token` varchar(250) DEFAULT '',
  `service_disposition_parameter_token_edit` varchar(250) DEFAULT '',
  `data_state` int(1) DEFAULT 0,
  `created_id` int(10) DEFAULT 0,
  `created_at` datetime DEFAULT NULL,
  `updated_id` int(10) DEFAULT 0,
  `updated_at` datetime DEFAULT NULL,
  `deleted_id` int(10) DEFAULT 0,
  `deleted_at` datetime DEFAULT NULL,
  `last_update` timestamp NOT NULL DEFAULT current_timestamp()
) ENGINE=InnoDB DEFAULT CHARSET=utf8 COLLATE=utf8_general_ci;

--
-- Dumping data for table `trans_service_disposition_parameter`
--

INSERT INTO `trans_service_disposition_parameter` (`service_disposition_parameter_id`, `service_disposition_id`, `service_parameter_id`, `service_requisition_parameter_id`, `service_disposition_parameter_value`, `service_disposition_parameter_token`, `service_disposition_parameter_token_edit`, `data_state`, `created_id`, `created_at`, `updated_id`, `updated_at`, `deleted_id`, `deleted_at`, `last_update`) VALUES
(1, 1, 25, 1, 'Alamats', '20e4229de263cad3c3722d865f143c9c25', '', 0, 0, '2022-02-22 10:49:59', 0, '2022-02-22 10:49:59', 0, NULL, '2022-02-22 03:49:59'),
(2, 2, 25, 3, 'Jl.Raya tes alamat', '657fa0a4d7c84b33d6e4048d5c1d59ea25', '', 0, 0, '2022-02-23 08:56:15', 0, '2022-02-23 08:56:15', 0, NULL, '2022-02-23 01:56:15'),
(3, 3, 25, 4, 'Jaten', '6e252c0f5fc51f58960c2ab7d7e959e425', '', 0, 0, '2022-02-28 19:17:08', 0, '2022-02-28 19:17:08', 0, NULL, '2022-02-28 12:17:08'),
(6, 6, 25, 7, 'sragen', '5c9303ceb4e29abc3d83ac94091d31de25', '', 0, 0, '2022-03-17 13:30:25', 0, '2022-03-17 13:30:25', 0, NULL, '2022-03-17 06:30:25'),
(7, 7, 25, 29, 'mom', 'f1ee2b357e05375721495f42461eec6f25', '', 0, 0, '2022-03-29 09:35:17', 55, '2022-03-29 11:52:50', 0, NULL, '2022-03-29 02:35:17'),
(8, 8, 3, 30, 'fofofo', '561d3f7bc28ad1a2e4dab7e608aee2053', '', 0, 0, '2022-03-29 11:53:48', 55, '2022-03-29 11:54:27', 0, NULL, '2022-03-29 04:53:48'),
(9, 8, 4, 31, 'lololo', '561d3f7bc28ad1a2e4dab7e608aee2054', '', 0, 0, '2022-03-29 11:53:48', 55, '2022-03-29 11:54:27', 0, NULL, '2022-03-29 04:53:48'),
(10, 8, 5, 32, 'jojojo', '561d3f7bc28ad1a2e4dab7e608aee2055', '', 0, 0, '2022-03-29 11:53:48', 55, '2022-03-29 11:54:27', 0, NULL, '2022-03-29 04:53:48'),
(11, 8, 6, 33, 'momomo', '561d3f7bc28ad1a2e4dab7e608aee2056', '', 0, 0, '2022-03-29 11:53:48', 55, '2022-03-29 11:54:27', 0, NULL, '2022-03-29 04:53:48'),
(12, 8, 7, 34, NULL, '561d3f7bc28ad1a2e4dab7e608aee2057', '', 0, 0, '2022-03-29 11:53:48', 55, '2022-03-29 11:54:27', 0, NULL, '2022-03-29 04:53:48'),
(13, 8, 8, 35, NULL, '561d3f7bc28ad1a2e4dab7e608aee2058', '', 0, 0, '2022-03-29 11:53:48', 55, '2022-03-29 11:54:27', 0, NULL, '2022-03-29 04:53:48'),
(14, 8, 9, 36, NULL, '561d3f7bc28ad1a2e4dab7e608aee2059', '', 0, 0, '2022-03-29 11:53:48', 55, '2022-03-29 11:54:27', 0, NULL, '2022-03-29 04:53:48'),
(15, 8, 10, 37, NULL, '561d3f7bc28ad1a2e4dab7e608aee20510', '', 0, 0, '2022-03-29 11:53:48', 55, '2022-03-29 11:54:27', 0, NULL, '2022-03-29 04:53:48'),
(16, 8, 11, 38, NULL, '561d3f7bc28ad1a2e4dab7e608aee20511', '', 0, 0, '2022-03-29 11:53:48', 55, '2022-03-29 11:54:27', 0, NULL, '2022-03-29 04:53:48'),
(17, 8, 12, 39, NULL, '561d3f7bc28ad1a2e4dab7e608aee20512', '', 0, 0, '2022-03-29 11:53:48', 55, '2022-03-29 11:54:27', 0, NULL, '2022-03-29 04:53:48'),
(18, 8, 13, 40, NULL, '561d3f7bc28ad1a2e4dab7e608aee20513', '', 0, 0, '2022-03-29 11:53:48', 55, '2022-03-29 11:54:27', 0, NULL, '2022-03-29 04:53:48'),
(19, 8, 14, 41, NULL, '561d3f7bc28ad1a2e4dab7e608aee20514', '', 0, 0, '2022-03-29 11:53:48', 55, '2022-03-29 11:54:27', 0, NULL, '2022-03-29 04:53:48'),
(20, 8, 15, 42, NULL, '561d3f7bc28ad1a2e4dab7e608aee20515', '', 0, 0, '2022-03-29 11:53:48', 55, '2022-03-29 11:54:27', 0, NULL, '2022-03-29 04:53:48'),
(21, 8, 16, 43, NULL, '561d3f7bc28ad1a2e4dab7e608aee20516', '', 0, 0, '2022-03-29 11:53:48', 55, '2022-03-29 11:54:27', 0, NULL, '2022-03-29 04:53:48'),
(22, 8, 17, 44, NULL, '561d3f7bc28ad1a2e4dab7e608aee20517', '', 0, 0, '2022-03-29 11:53:48', 55, '2022-03-29 11:54:27', 0, NULL, '2022-03-29 04:53:48'),
(23, 8, 18, 45, NULL, '561d3f7bc28ad1a2e4dab7e608aee20518', '', 0, 0, '2022-03-29 11:53:48', 55, '2022-03-29 11:54:27', 0, NULL, '2022-03-29 04:53:48'),
(24, 8, 19, 46, NULL, '561d3f7bc28ad1a2e4dab7e608aee20519', '', 0, 0, '2022-03-29 11:53:48', 55, '2022-03-29 11:54:27', 0, NULL, '2022-03-29 04:53:48'),
(25, 8, 20, 47, NULL, '561d3f7bc28ad1a2e4dab7e608aee20520', '', 0, 0, '2022-03-29 11:53:48', 55, '2022-03-29 11:54:28', 0, NULL, '2022-03-29 04:53:48'),
(26, 8, 21, 48, NULL, '561d3f7bc28ad1a2e4dab7e608aee20521', '', 0, 0, '2022-03-29 11:53:48', 55, '2022-03-29 11:54:28', 0, NULL, '2022-03-29 04:53:48'),
(27, 8, 22, 49, NULL, '561d3f7bc28ad1a2e4dab7e608aee20522', '', 0, 0, '2022-03-29 11:53:48', 55, '2022-03-29 11:54:28', 0, NULL, '2022-03-29 04:53:48'),
(28, 8, 23, 50, NULL, '561d3f7bc28ad1a2e4dab7e608aee20523', '', 0, 0, '2022-03-29 11:53:48', 55, '2022-03-29 11:54:28', 0, NULL, '2022-03-29 04:53:48'),
(29, 8, 24, 51, NULL, '561d3f7bc28ad1a2e4dab7e608aee20524', '', 0, 0, '2022-03-29 11:53:48', 55, '2022-03-29 11:54:28', 0, NULL, '2022-03-29 04:53:48'),
(30, 8, 47, 52, NULL, '561d3f7bc28ad1a2e4dab7e608aee20547', '', 0, 0, '2022-03-29 11:53:48', 55, '2022-03-29 11:54:28', 0, NULL, '2022-03-29 04:53:48');

-- --------------------------------------------------------

--
-- Table structure for table `trans_service_disposition_term`
--

CREATE TABLE `trans_service_disposition_term` (
  `service_disposition_term_id` int(10) NOT NULL,
  `service_disposition_id` int(10) DEFAULT NULL,
  `service_term_id` int(10) DEFAULT NULL,
  `service_requisition_term_id` int(10) DEFAULT NULL,
  `service_disposition_term_status` int(1) DEFAULT 0,
  `service_disposition_term_value` text DEFAULT NULL,
  `service_disposition_term_token` varchar(250) DEFAULT '',
  `service_disposition_term_token_edit` varchar(250) DEFAULT '',
  `data_state` int(1) DEFAULT 0,
  `created_id` int(10) DEFAULT 0,
  `created_at` datetime DEFAULT NULL,
  `updated_id` int(10) DEFAULT 0,
  `updated_at` datetime DEFAULT NULL,
  `deleted_id` int(10) DEFAULT 0,
  `deleted_at` datetime DEFAULT NULL,
  `last_update` timestamp NOT NULL DEFAULT current_timestamp()
) ENGINE=InnoDB DEFAULT CHARSET=utf8 COLLATE=utf8_general_ci;

--
-- Dumping data for table `trans_service_disposition_term`
--

INSERT INTO `trans_service_disposition_term` (`service_disposition_term_id`, `service_disposition_id`, `service_term_id`, `service_requisition_term_id`, `service_disposition_term_status`, `service_disposition_term_value`, `service_disposition_term_token`, `service_disposition_term_token_edit`, `data_state`, `created_id`, `created_at`, `updated_id`, `updated_at`, `deleted_id`, `deleted_at`, `last_update`) VALUES
(1, 1, 25, 1, 1, 'logosmart5-03_1643083948_1645501474.png', '20e4229de263cad3c3722d865f143c9c25', '', 0, 0, '2022-02-22 10:49:59', 0, '2022-02-22 10:49:59', 0, NULL, '2022-02-22 03:49:59'),
(2, 1, 26, 2, 1, 'term_88_1645501752.png', '20e4229de263cad3c3722d865f143c9c26', '', 0, 0, '2022-02-22 10:49:59', 0, '2022-02-22 10:49:59', 0, NULL, '2022-02-22 03:49:59'),
(3, 2, 25, 5, 1, 'term_1_1645581306.png', '657fa0a4d7c84b33d6e4048d5c1d59ea25', '', 0, 0, '2022-02-23 08:56:15', 0, '2022-02-23 08:56:15', 0, NULL, '2022-02-23 01:56:15'),
(4, 2, 26, 6, 1, 'term_2_1645581306.png', '657fa0a4d7c84b33d6e4048d5c1d59ea26', '', 0, 0, '2022-02-23 08:56:15', 0, '2022-02-23 08:56:15', 0, NULL, '2022-02-23 01:56:15'),
(5, 3, 25, 7, 1, '2020-07-02_1646050561.png', '6e252c0f5fc51f58960c2ab7d7e959e425', '', 0, 0, '2022-02-28 19:17:08', 0, '2022-02-28 19:17:08', 0, NULL, '2022-02-28 12:17:08'),
(6, 3, 26, 8, 0, '', '6e252c0f5fc51f58960c2ab7d7e959e426', '', 0, 0, '2022-02-28 19:17:08', 0, '2022-02-28 19:17:08', 0, NULL, '2022-02-28 12:17:08'),
(11, 6, 25, 13, 1, '1874871-200_1647497519.png', '5c9303ceb4e29abc3d83ac94091d31de25', '', 0, 0, '2022-03-17 13:30:25', 0, '2022-03-17 13:30:25', 0, NULL, '2022-03-17 06:30:25'),
(12, 6, 26, 14, 1, 'airplane-line-path-vector-icon-260nw-1153316677_1647498578.jpg', '5c9303ceb4e29abc3d83ac94091d31de26', '', 0, 0, '2022-03-17 13:30:25', 0, '2022-03-17 13:30:25', 0, NULL, '2022-03-17 06:30:25'),
(13, 7, 25, 24, 0, '', 'f1ee2b357e05375721495f42461eec6f25', '', 0, 0, '2022-03-29 09:35:17', 0, '2022-03-29 09:35:17', 0, NULL, '2022-03-29 02:35:17'),
(14, 7, 26, 25, 0, '', 'f1ee2b357e05375721495f42461eec6f26', '', 0, 0, '2022-03-29 09:35:17', 0, '2022-03-29 09:35:17', 0, NULL, '2022-03-29 02:35:17'),
(15, 8, 1, 26, 0, '', '561d3f7bc28ad1a2e4dab7e608aee2051', '', 0, 0, '2022-03-29 11:53:48', 0, '2022-03-29 11:53:48', 0, NULL, '2022-03-29 04:53:48'),
(16, 8, 2, 27, 0, '', '561d3f7bc28ad1a2e4dab7e608aee2052', '', 0, 0, '2022-03-29 11:53:48', 0, '2022-03-29 11:53:48', 0, NULL, '2022-03-29 04:53:48'),
(17, 8, 3, 28, 0, '', '561d3f7bc28ad1a2e4dab7e608aee2053', '', 0, 0, '2022-03-29 11:53:48', 0, '2022-03-29 11:53:48', 0, NULL, '2022-03-29 04:53:48'),
(18, 8, 4, 29, 0, '', '561d3f7bc28ad1a2e4dab7e608aee2054', '', 0, 0, '2022-03-29 11:53:48', 0, '2022-03-29 11:53:48', 0, NULL, '2022-03-29 04:53:48'),
(19, 8, 5, 30, 0, '', '561d3f7bc28ad1a2e4dab7e608aee2055', '', 0, 0, '2022-03-29 11:53:48', 0, '2022-03-29 11:53:48', 0, NULL, '2022-03-29 04:53:48'),
(20, 8, 36, 31, 0, '', '561d3f7bc28ad1a2e4dab7e608aee20536', '', 0, 0, '2022-03-29 11:53:48', 0, '2022-03-29 11:53:48', 0, NULL, '2022-03-29 04:53:48');

-- --------------------------------------------------------

--
-- Table structure for table `trans_service_document_requisition`
--

CREATE TABLE `trans_service_document_requisition` (
  `service_document_requisition_id` int(10) NOT NULL,
  `service_requisition_id` int(10) DEFAULT NULL,
  `service_requisition_term_id` int(10) DEFAULT NULL,
  `service_term_id` int(10) DEFAULT NULL,
  `service_document_requisition_remark` text DEFAULT NULL,
  `service_document_requisition_token` varchar(250) DEFAULT '',
  `delete_remark` varchar(250) DEFAULT '',
  `data_state` int(1) DEFAULT 0,
  `created_id` int(10) DEFAULT 0,
  `created_at` datetime DEFAULT NULL,
  `updated_id` int(10) DEFAULT 0,
  `updated_at` datetime DEFAULT NULL,
  `deleted_id` int(10) DEFAULT 0,
  `deleted_at` datetime DEFAULT NULL,
  `last_update` timestamp NOT NULL DEFAULT current_timestamp()
) ENGINE=InnoDB DEFAULT CHARSET=utf8 COLLATE=utf8_general_ci;

--
-- Dumping data for table `trans_service_document_requisition`
--

INSERT INTO `trans_service_document_requisition` (`service_document_requisition_id`, `service_requisition_id`, `service_requisition_term_id`, `service_term_id`, `service_document_requisition_remark`, `service_document_requisition_token`, `delete_remark`, `data_state`, `created_id`, `created_at`, `updated_id`, `updated_at`, `deleted_id`, `deleted_at`, `last_update`) VALUES
(1, 1, 2, 26, 'perlu', '17a9ecc16df7f264ef248ecfb305ecf526', '', 1, 0, '2022-02-22 10:48:26', 0, '2022-02-22 03:49:12', 0, NULL, '2022-02-22 03:48:26'),
(2, 5, 10, 26, 'harus diisi', 'edbb4f5febfd5ca02883c2084374d85526', '', 1, 0, '2022-03-17 11:46:14', 0, '2022-03-17 04:46:38', 0, NULL, '2022-03-17 04:46:14'),
(3, 7, 14, 26, 'belum diupload', '648e9102f7c77a1749ca6700003da41f26', '', 1, 0, '2022-03-17 13:29:15', 0, '2022-03-17 06:29:38', 0, NULL, '2022-03-17 06:29:15');

-- --------------------------------------------------------

--
-- Table structure for table `trans_service_general`
--

CREATE TABLE `trans_service_general` (
  `service_general_id` int(10) NOT NULL,
  `service_general_no` varchar(250) DEFAULT NULL,
  `service_general_agency` varchar(250) DEFAULT NULL,
  `service_general_phone` varchar(250) DEFAULT NULL,
  `service_general_file` varchar(250) DEFAULT NULL,
  `service_general_sk_file` varchar(250) DEFAULT NULL,
  `service_general_priority` int(10) NOT NULL,
  `service_id` int(10) DEFAULT NULL,
  `service_general_token` varchar(250) DEFAULT '',
  `service_general_token_edit` varchar(250) DEFAULT '',
  `service_general_token_approval` varchar(250) DEFAULT '',
  `service_general_status` int(1) DEFAULT 0 COMMENT '0 = belum di assign, 1 = sudah di assign, 2 = perlu susulan file, 3 = disetujui bagian disposisi, 4 = disetujui reviewer, 5 = ditolak review',
  `service_general_remark` varchar(250) DEFAULT '',
  `delete_remark` varchar(250) DEFAULT '',
  `data_state` int(1) DEFAULT 0,
  `created_id` int(10) DEFAULT 0,
  `created_at` datetime DEFAULT NULL,
  `updated_id` int(10) DEFAULT 0,
  `updated_at` datetime DEFAULT NULL,
  `approved_id` int(10) DEFAULT NULL,
  `approved_at` datetime DEFAULT NULL,
  `disapproved_id` int(10) DEFAULT NULL,
  `disapproved_at` datetime DEFAULT NULL,
  `revision_id` int(10) DEFAULT NULL,
  `revision_at` datetime DEFAULT NULL,
  `deleted_id` int(10) DEFAULT 0,
  `deleted_at` datetime DEFAULT NULL,
  `last_update` timestamp NOT NULL DEFAULT current_timestamp()
) ENGINE=InnoDB DEFAULT CHARSET=utf8 COLLATE=utf8_general_ci;

--
-- Dumping data for table `trans_service_general`
--

INSERT INTO `trans_service_general` (`service_general_id`, `service_general_no`, `service_general_agency`, `service_general_phone`, `service_general_file`, `service_general_sk_file`, `service_general_priority`, `service_id`, `service_general_token`, `service_general_token_edit`, `service_general_token_approval`, `service_general_status`, `service_general_remark`, `delete_remark`, `data_state`, `created_id`, `created_at`, `updated_id`, `updated_at`, `approved_id`, `approved_at`, `disapproved_id`, `disapproved_at`, `revision_id`, `revision_at`, `deleted_id`, `deleted_at`, `last_update`) VALUES
(1, '000001/SG/II/2022', 'Tes Instansi', '08812792729', 'term_1_1645502166.png', 'tes_1645501908_1645502438.xls', 2, NULL, '731b8e9cd7ef2b206a27b274b9888951', '', '', 1, '', '', 0, 55, '2022-02-22 03:56:06', 0, '2022-02-22 04:00:38', 55, '2022-02-22 04:00:38', 55, '2022-02-22 04:00:12', 55, '2022-02-22 04:00:19', 0, NULL, '2022-02-22 03:56:06'),
(2, '000002/SG/II/2022', 'Tessss', '08812792729', 'term_2_1645502214.png', NULL, 2, NULL, 'cd8569de090a4ba3b669d0096a36e5c3', '', '', 0, '', NULL, 1, 55, '2022-02-22 03:56:54', 0, '2022-02-22 03:57:49', NULL, NULL, NULL, NULL, NULL, NULL, 55, '2022-02-22 03:57:49', '2022-02-22 03:56:54'),
(3, '000003/SG/II/2022', 'Dinas Kesehatan', '082138511100', 'term_1_1645502166_1645589709.png', 'tes_1645502001_1645589793.xls', 2, NULL, 'c779727657d3e203168423363ef4ad82', '', '', 1, '', '', 0, 55, '2022-02-23 04:15:09', 0, '2022-02-23 04:16:33', 55, '2022-02-23 04:16:33', NULL, NULL, NULL, NULL, 0, NULL, '2022-02-23 04:15:09'),
(4, '000004/SG/III/2022', 'Tes instansi', '08812792729', '2020-05-20_1647492507.png', 'logokoperasi_1647587858.png', 2, NULL, 'f2889531804b3595ff854bca47e2a82b', '', '', 1, 'tessss', '', 0, 55, '2022-03-17 04:48:27', 0, '2022-03-18 07:17:38', 55, '2022-03-18 07:17:38', NULL, NULL, 55, '2022-03-17 04:49:34', 0, NULL, '2022-03-17 04:48:27'),
(5, '000005/SG/III/2022', 'tes', '08812792729', '1874871-200_1647498766.png', 'temp_1649906249.txt', 2, NULL, '85a6f2f51cfaf9de2cdd04c06ce8582f', '', '', 1, 'as', '', 0, 62, '2022-03-17 06:32:46', 0, '2022-04-14 03:17:29', 55, '2022-04-14 03:17:29', 55, '2022-04-14 03:12:05', 55, '2022-04-14 03:17:14', 0, NULL, '2022-03-17 06:32:46');

--
-- Triggers `trans_service_general`
--
DELIMITER $$
CREATE TRIGGER `insert_trans_service_general` BEFORE INSERT ON `trans_service_general` FOR EACH ROW BEGIN
	DECLARE year_period 				VARCHAR(20);
	DECLARE month_period 				VARCHAR(20);
	DECLARE PERIOD 					VARCHAR(20);
	DECLARE tPeriod					INT;
	DECLARE nTransServiceGeneralNo			VARCHAR(20);
	DECLARE monthPeriod				VARCHAR(20);
	DECLARE lenTransServiceGeneralNo		DECIMAL(10);
	
	SET year_period = (YEAR(new.created_at));
	
	SET month_period = (SELECT RIGHT(CONCAT('0', MONTH(new.created_at)), 2));
	
	IF (month_period) = '01' THEN 
		SET monthPeriod = 'I';
	END IF;
	
	IF (month_period) = '02' THEN 
		SET monthPeriod = 'II';
	END IF;
	
	IF (month_period) = '03' THEN 
		SET monthPeriod = 'III';
	END IF;
	
	IF (month_period) = '04' THEN 
		SET monthPeriod = 'IV';
	END IF;	
	
	IF (month_period) = '05' THEN 
		SET monthPeriod = 'V';
	END IF;
	
	IF (month_period) = '06' THEN 
		SET monthPeriod = 'VI';
	END IF;
	
	IF (month_period) = '07' THEN 
		SET monthPeriod = 'VII';
	END IF;
	
	IF (month_period) = '08' THEN 
		SET monthPeriod = 'VIII';
	END IF;
	
	IF (month_period) = '09' THEN 
		SET monthPeriod = 'IX';
	END IF;
	
	IF (month_period) = '10' THEN 
		SET monthPeriod = 'X';
	END IF;
	
	IF (month_period) = '11' THEN 
		SET monthPeriod = 'XI';
	END IF;
	
	IF (month_period) = '12' THEN 
		SET monthPeriod = 'XII';
	END IF;
		
	SET PERIOD = (SELECT LEFT(TRIM(service_general_no), 6) 
			FROM trans_service_general
			WHERE RIGHT(TRIM(service_general_no), 4) = year_period
			ORDER BY service_general_id DESC 
			LIMIT 1);
		
	IF (PERIOD IS NULL ) THEN 
		SET PERIOD = "000000";
	END IF;
	
	SET tPeriod = CAST(PERIOD AS DECIMAL(10));
	
	SET tPeriod = tPeriod + 1;
	
	SET PERIOD = RIGHT(CONCAT('000000', TRIM(CAST(tPeriod AS CHAR(6)))), 6);
	
	SET nTransServiceGeneralNo = CONCAT(PERIOD, '/SG/', monthPeriod, '/', year_period);
		
	SET new.service_general_no = nTransServiceGeneralNo;
    END
$$
DELIMITER ;

-- --------------------------------------------------------

--
-- Table structure for table `trans_service_general_parameter`
--

CREATE TABLE `trans_service_general_parameter` (
  `service_general_parameter_id` int(10) NOT NULL,
  `service_general_id` int(10) DEFAULT NULL,
  `general_parameter_id` int(10) DEFAULT NULL,
  `service_general_parameter_value` text DEFAULT NULL,
  `service_general_parameter_token` varchar(250) DEFAULT '',
  `service_general_parameter_token_edit` varchar(250) DEFAULT '',
  `data_state` int(1) DEFAULT 0,
  `created_id` int(10) DEFAULT 0,
  `created_at` datetime DEFAULT NULL,
  `updated_id` int(10) DEFAULT 0,
  `updated_at` datetime DEFAULT NULL,
  `deleted_id` int(10) DEFAULT 0,
  `deleted_at` datetime DEFAULT NULL,
  `last_update` timestamp NOT NULL DEFAULT current_timestamp()
) ENGINE=InnoDB DEFAULT CHARSET=utf8 COLLATE=utf8_general_ci;

--
-- Dumping data for table `trans_service_general_parameter`
--

INSERT INTO `trans_service_general_parameter` (`service_general_parameter_id`, `service_general_id`, `general_parameter_id`, `service_general_parameter_value`, `service_general_parameter_token`, `service_general_parameter_token_edit`, `data_state`, `created_id`, `created_at`, `updated_id`, `updated_at`, `deleted_id`, `deleted_at`, `last_update`) VALUES
(1, 1, 1, '0826617265656', '731b8e9cd7ef2b206a27b274b98889511', '', 0, 0, '2022-02-22 10:56:06', 0, '2022-02-22 10:56:06', 0, NULL, '2022-02-22 03:56:06'),
(2, 1, 3, '12 Mei 2020', '731b8e9cd7ef2b206a27b274b98889513', '', 0, 0, '2022-02-22 10:56:06', 0, '2022-02-22 10:56:06', 0, NULL, '2022-02-22 03:56:06'),
(3, 1, 4, 'Keperluans', '731b8e9cd7ef2b206a27b274b98889514', '', 0, 0, '2022-02-22 10:56:06', 0, '2022-02-22 10:56:06', 0, NULL, '2022-02-22 03:56:06'),
(4, 1, 5, 'Perihala', '731b8e9cd7ef2b206a27b274b98889515', '', 0, 0, '2022-02-22 10:56:06', 0, '2022-02-22 10:56:06', 0, NULL, '2022-02-22 03:56:06'),
(5, 2, 1, '123123', 'cd8569de090a4ba3b669d0096a36e5c31', '', 0, 0, '2022-02-22 10:56:54', 0, '2022-02-22 10:56:54', 0, NULL, '2022-02-22 03:56:54'),
(6, 2, 3, '12312', 'cd8569de090a4ba3b669d0096a36e5c33', '', 0, 0, '2022-02-22 10:56:54', 0, '2022-02-22 10:56:54', 0, NULL, '2022-02-22 03:56:54'),
(7, 2, 4, '3123123', 'cd8569de090a4ba3b669d0096a36e5c34', '', 0, 0, '2022-02-22 10:56:54', 0, '2022-02-22 10:56:54', 0, NULL, '2022-02-22 03:56:54'),
(8, 2, 5, '123123', 'cd8569de090a4ba3b669d0096a36e5c35', '', 0, 0, '2022-02-22 10:56:54', 0, '2022-02-22 10:56:54', 0, NULL, '2022-02-22 03:56:54'),
(9, 3, 1, '12318273123', 'c779727657d3e203168423363ef4ad821', '', 0, 0, '2022-02-23 11:15:09', 0, '2022-02-23 11:15:09', 0, NULL, '2022-02-23 04:15:09'),
(10, 3, 3, '12 Mei 2020', 'c779727657d3e203168423363ef4ad823', '', 0, 0, '2022-02-23 11:15:09', 0, '2022-02-23 11:15:09', 0, NULL, '2022-02-23 04:15:09'),
(11, 3, 4, 'Permohonana', 'c779727657d3e203168423363ef4ad824', '', 0, 0, '2022-02-23 11:15:09', 0, '2022-02-23 11:15:09', 0, NULL, '2022-02-23 04:15:09'),
(12, 3, 5, 'Permohonan', 'c779727657d3e203168423363ef4ad825', '', 0, 0, '2022-02-23 11:15:09', 0, '2022-02-23 11:15:09', 0, NULL, '2022-02-23 04:15:09'),
(13, 4, 1, '9282828', 'f2889531804b3595ff854bca47e2a82b1', '', 0, 0, '2022-03-17 11:48:27', 0, '2022-03-17 11:48:27', 0, NULL, '2022-03-17 04:48:27'),
(14, 4, 3, '14 Januari 2023', 'f2889531804b3595ff854bca47e2a82b3', '', 0, 0, '2022-03-17 11:48:27', 0, '2022-03-17 11:48:27', 0, NULL, '2022-03-17 04:48:27'),
(15, 4, 4, 'test', 'f2889531804b3595ff854bca47e2a82b4', '', 0, 0, '2022-03-17 11:48:27', 0, '2022-03-17 11:48:27', 0, NULL, '2022-03-17 04:48:27'),
(16, 4, 5, 'tes', 'f2889531804b3595ff854bca47e2a82b5', '', 0, 0, '2022-03-17 11:48:27', 0, '2022-03-17 11:48:27', 0, NULL, '2022-03-17 04:48:27'),
(17, 5, 1, '8213812', '85a6f2f51cfaf9de2cdd04c06ce8582f1', '', 0, 0, '2022-03-17 13:32:46', 0, '2022-03-17 13:32:46', 0, NULL, '2022-03-17 06:32:46'),
(18, 5, 3, '12 Januari 2022', '85a6f2f51cfaf9de2cdd04c06ce8582f3', '', 0, 0, '2022-03-17 13:32:46', 0, '2022-03-17 13:32:46', 0, NULL, '2022-03-17 06:32:46'),
(19, 5, 4, NULL, '85a6f2f51cfaf9de2cdd04c06ce8582f4', '', 0, 0, '2022-03-17 13:32:46', 0, '2022-03-17 13:32:46', 0, NULL, '2022-03-17 06:32:46'),
(20, 5, 5, NULL, '85a6f2f51cfaf9de2cdd04c06ce8582f5', '', 0, 0, '2022-03-17 13:32:46', 0, '2022-03-17 13:32:46', 0, NULL, '2022-03-17 06:32:46');

-- --------------------------------------------------------

--
-- Table structure for table `trans_service_log`
--

CREATE TABLE `trans_service_log` (
  `service_log_id` int(10) NOT NULL,
  `service_requisition_no` varchar(250) DEFAULT '',
  `service_status` varchar(250) DEFAULT '',
  `section_id` int(10) DEFAULT NULL,
  `data_state` int(1) DEFAULT 0,
  `created_id` int(10) DEFAULT 0,
  `created_at` datetime DEFAULT NULL,
  `updated_at` timestamp NOT NULL DEFAULT current_timestamp()
) ENGINE=InnoDB DEFAULT CHARSET=utf8 COLLATE=utf8_general_ci;

--
-- Dumping data for table `trans_service_log`
--

INSERT INTO `trans_service_log` (`service_log_id`, `service_requisition_no`, `service_status`, `section_id`, `data_state`, `created_id`, `created_at`, `updated_at`) VALUES
(1, '000001/SR/II/2022', '1', 1, 0, 55, '2022-02-22 10:44:34', '2022-02-22 03:44:34'),
(2, '000002/SR/II/2022', '1', 1, 0, 55, '2022-02-22 10:46:11', '2022-02-22 03:46:11'),
(3, '000001/SR/II/2022', '5', 1, 0, 55, '2022-02-22 10:48:26', '2022-02-22 03:48:26'),
(4, '000001/SR/II/2022', '8', 1, 0, 55, '2022-02-22 10:49:12', '2022-02-22 03:49:12'),
(5, '000001/SR/II/2022', '2', 10, 0, 55, '2022-02-22 10:49:59', '2022-02-22 03:49:59'),
(6, '000001/SR/II/2022', '3', 10, 0, 55, '2022-02-22 10:50:29', '2022-02-22 03:50:29'),
(7, '000001/SR/II/2022', '6', 10, 0, 55, '2022-02-22 10:50:38', '2022-02-22 03:50:38'),
(8, '000001/SR/II/2022', '3', 10, 0, 55, '2022-02-22 10:50:52', '2022-02-22 03:50:52'),
(9, '000001/SR/II/2022', '4', 10, 0, 55, '2022-02-22 10:51:48', '2022-02-22 03:51:48'),
(10, '000001/SR/II/2022', '7', 10, 0, 55, '2022-02-22 10:52:21', '2022-02-22 03:52:21'),
(11, '000001/SR/II/2022', '9', 10, 0, 55, '2022-02-22 10:52:35', '2022-02-22 03:52:35'),
(12, '000001/SR/II/2022', '7', 10, 0, 55, '2022-02-22 10:52:52', '2022-02-22 03:52:52'),
(13, '000001/SR/II/2022', '4', 10, 0, 55, '2022-02-22 10:53:21', '2022-02-22 03:53:21'),
(14, '000003/SR/II/2022', '1', 1, 0, 55, '2022-02-23 08:55:06', '2022-02-23 01:55:06'),
(15, '000003/SR/II/2022', '2', 11, 0, 55, '2022-02-23 08:56:15', '2022-02-23 01:56:15'),
(16, '000003/SR/II/2022', '3', 11, 0, 55, '2022-02-23 08:56:34', '2022-02-23 01:56:34'),
(17, '000003/SR/II/2022', '6', 11, 0, 55, '2022-02-23 09:23:16', '2022-02-23 02:23:16'),
(18, '000003/SR/II/2022', '3', 11, 0, 55, '2022-02-23 11:09:33', '2022-02-23 04:09:33'),
(19, '000003/SR/II/2022', '4', 11, 0, 55, '2022-02-23 11:10:12', '2022-02-23 04:10:12'),
(20, '000004/SR/II/2022', '1', 1, 0, 55, '2022-02-28 19:16:02', '2022-02-28 12:16:02'),
(21, '000004/SR/II/2022', '2', 9, 0, 55, '2022-02-28 19:17:08', '2022-02-28 12:17:08'),
(22, '000004/SR/II/2022', '10', 9, 0, 55, '2022-02-28 19:17:54', '2022-02-28 12:17:54'),
(23, '000004/SR/II/2022', '6', 9, 0, 55, '2022-02-28 19:18:20', '2022-02-28 12:18:20'),
(24, '000004/SR/II/2022', '3', 9, 0, 55, '2022-03-16 22:25:40', '2022-03-16 15:25:40'),
(25, '000004/SR/II/2022', '6', 9, 0, 55, '2022-03-16 22:26:14', '2022-03-16 15:26:14'),
(26, '000004/SR/II/2022', '3', 9, 0, 55, '2022-03-16 22:28:51', '2022-03-16 15:28:51'),
(27, '000004/SR/II/2022', '6', 9, 0, 55, '2022-03-16 22:29:02', '2022-03-16 15:29:02'),
(28, '000005/SR/III/2022', '1', 1, 0, 55, '2022-03-17 11:36:31', '2022-03-17 04:36:31'),
(29, '000005/SR/III/2022', '2', 9, 0, 55, '2022-03-17 11:40:29', '2022-03-17 04:40:29'),
(30, '000005/SR/III/2022', '3', 9, 0, 55, '2022-03-17 11:43:09', '2022-03-17 04:43:09'),
(31, '000005/SR/III/2022', '4', 9, 0, 55, '2022-03-17 11:44:17', '2022-03-17 04:44:17'),
(32, '000005/SR/III/2022', '7', 9, 0, 55, '2022-03-17 11:45:02', '2022-03-17 04:45:02'),
(33, '000005/SR/III/2022', '6', 9, 0, 55, '2022-03-17 11:45:34', '2022-03-17 04:45:34'),
(34, '000005/SR/III/2022', '5', 1, 0, 55, '2022-03-17 04:46:13', '2022-03-16 21:46:13'),
(35, '000005/SR/III/2022', '8', 1, 0, 55, '2022-03-17 11:46:38', '2022-03-17 04:46:38'),
(36, '000006/SR/III/2022', '1', 1, 0, 67, '2022-03-17 13:05:50', '2022-03-17 06:05:50'),
(37, '000007/SR/III/2022', '1', 1, 0, 67, '2022-03-17 13:11:59', '2022-03-17 06:11:59'),
(38, '000007/SR/III/2022', '2', 9, 0, 62, '2022-03-17 13:28:39', '2022-03-17 06:28:39'),
(39, '000007/SR/III/2022', '5', 1, 0, 62, '2022-03-17 06:29:11', '2022-03-16 23:29:11'),
(40, '000007/SR/III/2022', '8', 1, 0, 62, '2022-03-17 13:29:38', '2022-03-17 06:29:38'),
(41, '000007/SR/III/2022', '2', 10, 0, 62, '2022-03-17 13:30:25', '2022-03-17 06:30:25'),
(42, '000004/SR/II/2022', '3', 9, 0, 63, '2022-03-17 13:54:32', '2022-03-17 06:54:32'),
(43, '000004/SR/II/2022', '6', 9, 0, 63, '2022-03-17 13:56:11', '2022-03-17 06:56:11'),
(44, '000004/SR/II/2022', '3', 9, 0, 64, '2022-03-17 14:16:20', '2022-03-17 07:16:20'),
(45, '000007/SR/III/2022', '3', 11, 0, 65, '2022-03-17 14:29:39', '2022-03-17 07:29:39'),
(46, '000007/SR/III/2022', '6', 11, 0, 65, '2022-03-17 14:30:29', '2022-03-17 07:30:29'),
(47, '000007/SR/III/2022', '10', 11, 0, 65, '2022-03-17 14:30:52', '2022-03-17 07:30:52'),
(48, '000007/SR/III/2022', '6', 11, 0, 65, '2022-03-17 14:34:51', '2022-03-17 07:34:51'),
(49, '000008/SR/III/2022', '1', 1, 0, 63, '2022-03-17 15:14:13', '2022-03-17 08:14:13'),
(50, '000001/SR/II/2022', '11', 11, 0, 55, '2022-03-18 16:46:35', '2022-03-18 09:46:35'),
(51, '000001/SR/II/2022', '12', 10, 0, 55, '2022-03-19 09:46:54', '2022-03-19 02:46:54'),
(52, '000001/SR/II/2022', '12', 10, 0, 55, '2022-03-19 09:47:26', '2022-03-19 02:47:26'),
(53, '000003/SR/II/2022', '11', 11, 0, 55, '2022-03-19 10:19:24', '2022-03-19 03:19:24'),
(54, '000003/SR/II/2022', '12', 11, 0, 55, '2022-03-19 10:26:17', '2022-03-19 03:26:17'),
(55, '000003/SR/II/2022', '12', 11, 0, 55, '2022-03-19 10:28:18', '2022-03-19 03:28:18'),
(56, '000009/SR/III/2022', '1', 1, 0, 55, '2022-03-29 09:34:36', '2022-03-29 02:34:36'),
(57, '000009/SR/III/2022', '2', 9, 0, 55, '2022-03-29 09:35:17', '2022-03-29 02:35:17'),
(58, '000010/SR/III/2022', '1', 1, 0, 55, '2022-03-29 11:53:34', '2022-03-29 04:53:34'),
(59, '000010/SR/III/2022', '2', 9, 0, 55, '2022-03-29 11:53:48', '2022-03-29 04:53:48'),
(60, '000010/SR/III/2022', '3', 9, 0, 55, '2022-03-29 11:54:48', '2022-03-29 04:54:48'),
(61, '000004/SR/II/2022', '9', 9, 0, 55, '2022-04-14 09:30:32', '2022-04-14 02:30:32'),
(62, '000004/SR/II/2022', '7', 9, 0, 55, '2022-04-14 09:31:44', '2022-04-14 02:31:44'),
(63, '000004/SR/II/2022', '9', 9, 0, 55, '2022-04-14 09:31:56', '2022-04-14 02:31:56'),
(64, '000004/SR/II/2022', '7', 9, 0, 55, '2022-04-14 09:32:07', '2022-04-14 02:32:07'),
(65, '000004/SR/II/2022', '9', 9, 0, 55, '2022-04-14 09:33:11', '2022-04-14 02:33:11'),
(66, '000004/SR/II/2022', '7', 9, 0, 55, '2022-04-14 09:36:43', '2022-04-14 02:36:43'),
(67, '000004/SR/II/2022', '9', 9, 0, 55, '2022-04-14 09:36:50', '2022-04-14 02:36:50'),
(68, '000004/SR/II/2022', '7', 9, 0, 55, '2022-04-14 09:37:02', '2022-04-14 02:37:02'),
(69, '000004/SR/II/2022', '9', 9, 0, 55, '2022-04-14 10:13:11', '2022-04-14 03:13:11'),
(70, '000004/SR/II/2022', '7', 9, 0, 55, '2022-04-14 10:16:29', '2022-04-14 03:16:29'),
(71, '000004/SR/II/2022', '4', 9, 0, 55, '2022-04-14 10:16:40', '2022-04-14 03:16:40');

-- --------------------------------------------------------

--
-- Table structure for table `trans_service_requisition`
--

CREATE TABLE `trans_service_requisition` (
  `service_requisition_id` int(10) NOT NULL,
  `service_requisition_no` varchar(250) DEFAULT NULL,
  `service_requisition_name` varchar(250) DEFAULT NULL,
  `service_requisition_phone` varchar(250) DEFAULT NULL,
  `service_id` int(10) DEFAULT NULL,
  `service_requisition_token` varchar(250) DEFAULT '',
  `service_requisition_token_edit` varchar(250) DEFAULT '',
  `service_requisition_status` int(1) DEFAULT 0 COMMENT '0 = belum di assign, 1 = sudah di assign, 2 = perlu susulan file, 3 = disetujui bagian disposisi, 4 = disetujui reviewer, 5 = ditolak review',
  `delete_remark` varchar(250) DEFAULT '',
  `data_state` int(1) DEFAULT 0,
  `created_id` int(10) DEFAULT 0,
  `created_at` datetime DEFAULT NULL,
  `updated_id` int(10) DEFAULT 0,
  `updated_at` datetime DEFAULT NULL,
  `deleted_id` int(10) DEFAULT 0,
  `deleted_at` datetime DEFAULT NULL,
  `last_update` timestamp NOT NULL DEFAULT current_timestamp()
) ENGINE=InnoDB DEFAULT CHARSET=utf8 COLLATE=utf8_general_ci;

--
-- Dumping data for table `trans_service_requisition`
--

INSERT INTO `trans_service_requisition` (`service_requisition_id`, `service_requisition_no`, `service_requisition_name`, `service_requisition_phone`, `service_id`, `service_requisition_token`, `service_requisition_token_edit`, `service_requisition_status`, `delete_remark`, `data_state`, `created_id`, `created_at`, `updated_id`, `updated_at`, `deleted_id`, `deleted_at`, `last_update`) VALUES
(1, '000001/SR/II/2022', 'Galantr', '08812792729', 6, '41e5c526b3a1b8be01918f9a6bea6f96', '642b98a2878f33bec0a1f57ef782a403', 8, '', 0, 55, '2022-02-22 03:44:34', 55, '2022-03-19 09:46:54', 0, NULL, '2022-02-22 03:44:34'),
(2, '000002/SR/II/2022', 'tes', '08812792729', 6, '6c045dc7c879fa1cef9008c7064f7f17', '', 0, 'hapus', 1, 55, '2022-02-22 03:46:11', 0, '2022-02-22 03:47:41', 55, '2022-02-22 03:47:41', '2022-02-22 03:46:11'),
(3, '000003/SR/II/2022', 'Galant', '08812792729', 6, 'dd527e17c23675cbfb9e54ccdb0987a6', '', 8, '', 0, 55, '2022-02-23 01:55:06', 0, '2022-03-19 10:28:18', 0, NULL, '2022-02-23 01:55:06'),
(4, '000004/SR/II/2022', 'Galant', '08812792729', 6, '2ac5dc91a9c215db37030024d3cfa14e', '', 4, '', 0, 55, '2022-02-28 12:16:01', 0, '2022-04-14 10:16:40', 0, NULL, '2022-02-28 12:16:01'),
(5, '000005/SR/III/2022', 'Galantryas', '08812792729', 6, '41166d670523f53163c46b76b2e7cd78', '', 0, '', 0, 55, '2022-03-17 04:36:31', 0, '2022-03-17 04:46:38', 0, NULL, '2022-03-17 04:36:31'),
(6, '000006/SR/III/2022', 'Galant', '08812792729', 6, '8944942180d4acebbacd9967d7fa3ac5', '', 0, '', 0, 67, '2022-03-17 06:05:50', 0, '2022-03-17 06:05:50', 0, NULL, '2022-03-17 06:05:50'),
(7, '000007/SR/III/2022', 'aini', '083125183360', 6, '4b0f2633aa2d1ba13cdd7cb4042d1267', '', 1, '', 0, 67, '2022-03-17 06:11:59', 0, '2022-03-17 14:34:51', 0, NULL, '2022-03-17 06:11:59'),
(8, '000008/SR/III/2022', 'Samsuri', '085', 7, '9ca5ec869a56ac66ae6fde40e4ed592f', '', 0, NULL, 1, 63, '2022-03-17 08:14:13', 0, '2022-03-17 08:17:57', 63, '2022-03-17 08:17:57', '2022-03-17 08:14:13'),
(9, '000009/SR/III/2022', 'Galant', '08812792729', 6, 'cf33ef7459b7b7fb7e9f7299072431d7', 'f128de41cb3299acd303a308dee00b09', 1, '', 0, 55, '2022-03-29 02:34:36', 55, '2022-03-29 02:35:37', 0, NULL, '2022-03-29 02:34:36'),
(10, '000010/SR/III/2022', 'Galant', '08812792729', 1, 'f3f7c1dfc9ec1ed16c32754867477690', '', 3, '', 0, 55, '2022-03-29 04:53:34', 0, '2022-03-29 11:54:48', 0, NULL, '2022-03-29 04:53:34');

--
-- Triggers `trans_service_requisition`
--
DELIMITER $$
CREATE TRIGGER `insert_trans_service_requisition` BEFORE INSERT ON `trans_service_requisition` FOR EACH ROW BEGIN
	DECLARE year_period 				VARCHAR(20);
	DECLARE month_period 				VARCHAR(20);
	DECLARE PERIOD 					VARCHAR(20);
	DECLARE tPeriod					INT;
	DECLARE nTransServiceRequisitionNo		VARCHAR(20);
	DECLARE monthPeriod				VARCHAR(20);
	DECLARE lenTransServiceRequisitionNo		DECIMAL(10);
	
	SET year_period = (YEAR(new.created_at));
	
	SET month_period = (SELECT RIGHT(CONCAT('0', MONTH(new.created_at)), 2));
	
	IF (month_period) = '01' THEN 
		SET monthPeriod = 'I';
	END IF;
	
	IF (month_period) = '02' THEN 
		SET monthPeriod = 'II';
	END IF;
	
	IF (month_period) = '03' THEN 
		SET monthPeriod = 'III';
	END IF;
	
	IF (month_period) = '04' THEN 
		SET monthPeriod = 'IV';
	END IF;	
	
	IF (month_period) = '05' THEN 
		SET monthPeriod = 'V';
	END IF;
	
	IF (month_period) = '06' THEN 
		SET monthPeriod = 'VI';
	END IF;
	
	IF (month_period) = '07' THEN 
		SET monthPeriod = 'VII';
	END IF;
	
	IF (month_period) = '08' THEN 
		SET monthPeriod = 'VIII';
	END IF;
	
	IF (month_period) = '09' THEN 
		SET monthPeriod = 'IX';
	END IF;
	
	IF (month_period) = '10' THEN 
		SET monthPeriod = 'X';
	END IF;
	
	IF (month_period) = '11' THEN 
		SET monthPeriod = 'XI';
	END IF;
	
	IF (month_period) = '12' THEN 
		SET monthPeriod = 'XII';
	END IF;
		
	SET PERIOD = (SELECT LEFT(TRIM(service_requisition_no), 6) 
			FROM trans_service_requisition
			WHERE RIGHT(TRIM(service_requisition_no), 4) = year_period
			ORDER BY service_requisition_id DESC 
			LIMIT 1);
		
	IF (PERIOD IS NULL ) THEN 
		SET PERIOD = "000000";
	END IF;
	
	SET tPeriod = CAST(PERIOD AS DECIMAL(10));
	
	SET tPeriod = tPeriod + 1;
	
	SET PERIOD = RIGHT(CONCAT('000000', TRIM(CAST(tPeriod AS CHAR(6)))), 6);
	
	SET nTransServiceRequisitionNo = CONCAT(PERIOD, '/SR/', monthPeriod, '/', year_period);
		
	SET new.service_requisition_no = nTransServiceRequisitionNo;
    END
$$
DELIMITER ;

-- --------------------------------------------------------

--
-- Table structure for table `trans_service_requisition_parameter`
--

CREATE TABLE `trans_service_requisition_parameter` (
  `service_requisition_parameter_id` int(10) NOT NULL,
  `service_requisition_id` int(10) DEFAULT NULL,
  `service_parameter_id` int(10) DEFAULT NULL,
  `service_requisition_parameter_value` text DEFAULT NULL,
  `service_requisition_parameter_token` varchar(250) DEFAULT '',
  `service_requisition_parameter_token_edit` varchar(250) DEFAULT '',
  `data_state` int(1) DEFAULT 0,
  `created_id` int(10) DEFAULT 0,
  `created_at` datetime DEFAULT NULL,
  `updated_id` int(10) DEFAULT 0,
  `updated_at` datetime DEFAULT NULL,
  `deleted_id` int(10) DEFAULT 0,
  `deleted_at` datetime DEFAULT NULL,
  `last_update` timestamp NOT NULL DEFAULT current_timestamp()
) ENGINE=InnoDB DEFAULT CHARSET=utf8 COLLATE=utf8_general_ci;

--
-- Dumping data for table `trans_service_requisition_parameter`
--

INSERT INTO `trans_service_requisition_parameter` (`service_requisition_parameter_id`, `service_requisition_id`, `service_parameter_id`, `service_requisition_parameter_value`, `service_requisition_parameter_token`, `service_requisition_parameter_token_edit`, `data_state`, `created_id`, `created_at`, `updated_id`, `updated_at`, `deleted_id`, `deleted_at`, `last_update`) VALUES
(1, 1, 25, 'Alamats', '41e5c526b3a1b8be01918f9a6bea6f9625', '', 0, 0, '2022-02-22 10:44:34', 55, '2022-02-22 10:45:15', 0, NULL, '2022-02-22 03:44:34'),
(2, 2, 25, 'tess', '6c045dc7c879fa1cef9008c7064f7f1725', '', 0, 0, '2022-02-22 10:46:11', 0, '2022-02-22 10:46:11', 0, NULL, '2022-02-22 03:46:11'),
(3, 3, 25, 'Jl.Raya tes alamat', 'dd527e17c23675cbfb9e54ccdb0987a625', '', 0, 0, '2022-02-23 08:55:06', 0, '2022-02-23 08:55:06', 0, NULL, '2022-02-23 01:55:06'),
(4, 4, 25, 'Jaten', '2ac5dc91a9c215db37030024d3cfa14e25', '', 0, 0, '2022-02-28 19:16:01', 0, '2022-02-28 19:16:01', 0, NULL, '2022-02-28 12:16:01'),
(5, 5, 25, 'Jl.Raya apa gitu', '41166d670523f53163c46b76b2e7cd7825', '', 0, 0, '2022-03-17 11:36:31', 0, '2022-03-17 11:36:31', 0, NULL, '2022-03-17 04:36:31'),
(6, 6, 25, 'sragen', '8944942180d4acebbacd9967d7fa3ac525', '', 0, 0, '2022-03-17 13:05:50', 0, '2022-03-17 13:05:50', 0, NULL, '2022-03-17 06:05:50'),
(7, 7, 25, 'sragen', '4b0f2633aa2d1ba13cdd7cb4042d126725', '', 0, 0, '2022-03-17 13:11:59', 0, '2022-03-17 13:11:59', 0, NULL, '2022-03-17 06:11:59'),
(8, 8, 26, NULL, '9ca5ec869a56ac66ae6fde40e4ed592f26', '', 0, 0, '2022-03-17 15:14:13', 0, '2022-03-17 15:14:13', 0, NULL, '2022-03-17 08:14:13'),
(9, 8, 27, NULL, '9ca5ec869a56ac66ae6fde40e4ed592f27', '', 0, 0, '2022-03-17 15:14:13', 0, '2022-03-17 15:14:13', 0, NULL, '2022-03-17 08:14:13'),
(10, 8, 28, NULL, '9ca5ec869a56ac66ae6fde40e4ed592f28', '', 0, 0, '2022-03-17 15:14:13', 0, '2022-03-17 15:14:13', 0, NULL, '2022-03-17 08:14:13'),
(11, 8, 29, NULL, '9ca5ec869a56ac66ae6fde40e4ed592f29', '', 0, 0, '2022-03-17 15:14:13', 0, '2022-03-17 15:14:13', 0, NULL, '2022-03-17 08:14:13'),
(12, 8, 30, NULL, '9ca5ec869a56ac66ae6fde40e4ed592f30', '', 0, 0, '2022-03-17 15:14:13', 0, '2022-03-17 15:14:13', 0, NULL, '2022-03-17 08:14:13'),
(13, 8, 31, NULL, '9ca5ec869a56ac66ae6fde40e4ed592f31', '', 0, 0, '2022-03-17 15:14:13', 0, '2022-03-17 15:14:13', 0, NULL, '2022-03-17 08:14:13'),
(14, 8, 32, NULL, '9ca5ec869a56ac66ae6fde40e4ed592f32', '', 0, 0, '2022-03-17 15:14:13', 0, '2022-03-17 15:14:13', 0, NULL, '2022-03-17 08:14:13'),
(15, 8, 33, NULL, '9ca5ec869a56ac66ae6fde40e4ed592f33', '', 0, 0, '2022-03-17 15:14:13', 0, '2022-03-17 15:14:13', 0, NULL, '2022-03-17 08:14:13'),
(16, 8, 34, NULL, '9ca5ec869a56ac66ae6fde40e4ed592f34', '', 0, 0, '2022-03-17 15:14:13', 0, '2022-03-17 15:14:13', 0, NULL, '2022-03-17 08:14:13'),
(17, 8, 35, NULL, '9ca5ec869a56ac66ae6fde40e4ed592f35', '', 0, 0, '2022-03-17 15:14:13', 0, '2022-03-17 15:14:13', 0, NULL, '2022-03-17 08:14:13'),
(18, 8, 36, NULL, '9ca5ec869a56ac66ae6fde40e4ed592f36', '', 0, 0, '2022-03-17 15:14:13', 0, '2022-03-17 15:14:13', 0, NULL, '2022-03-17 08:14:13'),
(19, 8, 37, NULL, '9ca5ec869a56ac66ae6fde40e4ed592f37', '', 0, 0, '2022-03-17 15:14:13', 0, '2022-03-17 15:14:13', 0, NULL, '2022-03-17 08:14:13'),
(20, 8, 38, NULL, '9ca5ec869a56ac66ae6fde40e4ed592f38', '', 0, 0, '2022-03-17 15:14:13', 0, '2022-03-17 15:14:13', 0, NULL, '2022-03-17 08:14:13'),
(21, 8, 39, NULL, '9ca5ec869a56ac66ae6fde40e4ed592f39', '', 0, 0, '2022-03-17 15:14:13', 0, '2022-03-17 15:14:13', 0, NULL, '2022-03-17 08:14:13'),
(22, 8, 40, NULL, '9ca5ec869a56ac66ae6fde40e4ed592f40', '', 0, 0, '2022-03-17 15:14:13', 0, '2022-03-17 15:14:13', 0, NULL, '2022-03-17 08:14:13'),
(23, 8, 41, NULL, '9ca5ec869a56ac66ae6fde40e4ed592f41', '', 0, 0, '2022-03-17 15:14:13', 0, '2022-03-17 15:14:13', 0, NULL, '2022-03-17 08:14:13'),
(24, 8, 42, NULL, '9ca5ec869a56ac66ae6fde40e4ed592f42', '', 0, 0, '2022-03-17 15:14:13', 0, '2022-03-17 15:14:13', 0, NULL, '2022-03-17 08:14:13'),
(25, 8, 43, NULL, '9ca5ec869a56ac66ae6fde40e4ed592f43', '', 0, 0, '2022-03-17 15:14:13', 0, '2022-03-17 15:14:13', 0, NULL, '2022-03-17 08:14:13'),
(26, 8, 44, NULL, '9ca5ec869a56ac66ae6fde40e4ed592f44', '', 0, 0, '2022-03-17 15:14:13', 0, '2022-03-17 15:14:13', 0, NULL, '2022-03-17 08:14:13'),
(27, 8, 45, NULL, '9ca5ec869a56ac66ae6fde40e4ed592f45', '', 0, 0, '2022-03-17 15:14:13', 0, '2022-03-17 15:14:13', 0, NULL, '2022-03-17 08:14:13'),
(28, 8, 46, NULL, '9ca5ec869a56ac66ae6fde40e4ed592f46', '', 0, 0, '2022-03-17 15:14:13', 0, '2022-03-17 15:14:13', 0, NULL, '2022-03-17 08:14:13'),
(29, 9, 25, 'mom', 'cf33ef7459b7b7fb7e9f7299072431d725', '', 0, 0, '2022-03-29 09:34:36', 55, '2022-03-29 11:52:50', 0, NULL, '2022-03-29 02:34:36'),
(30, 10, 3, 'fofofo', 'f3f7c1dfc9ec1ed16c327548674776903', '', 0, 0, '2022-03-29 11:53:34', 55, '2022-03-29 11:54:27', 0, NULL, '2022-03-29 04:53:34'),
(31, 10, 4, 'lololo', 'f3f7c1dfc9ec1ed16c327548674776904', '', 0, 0, '2022-03-29 11:53:34', 55, '2022-03-29 11:54:27', 0, NULL, '2022-03-29 04:53:34'),
(32, 10, 5, 'jojojo', 'f3f7c1dfc9ec1ed16c327548674776905', '', 0, 0, '2022-03-29 11:53:34', 55, '2022-03-29 11:54:27', 0, NULL, '2022-03-29 04:53:34'),
(33, 10, 6, 'momomo', 'f3f7c1dfc9ec1ed16c327548674776906', '', 0, 0, '2022-03-29 11:53:34', 55, '2022-03-29 11:54:27', 0, NULL, '2022-03-29 04:53:34'),
(34, 10, 7, NULL, 'f3f7c1dfc9ec1ed16c327548674776907', '', 0, 0, '2022-03-29 11:53:34', 55, '2022-03-29 11:54:27', 0, NULL, '2022-03-29 04:53:34'),
(35, 10, 8, NULL, 'f3f7c1dfc9ec1ed16c327548674776908', '', 0, 0, '2022-03-29 11:53:34', 55, '2022-03-29 11:54:27', 0, NULL, '2022-03-29 04:53:34'),
(36, 10, 9, NULL, 'f3f7c1dfc9ec1ed16c327548674776909', '', 0, 0, '2022-03-29 11:53:34', 55, '2022-03-29 11:54:27', 0, NULL, '2022-03-29 04:53:34'),
(37, 10, 10, NULL, 'f3f7c1dfc9ec1ed16c3275486747769010', '', 0, 0, '2022-03-29 11:53:34', 55, '2022-03-29 11:54:27', 0, NULL, '2022-03-29 04:53:34'),
(38, 10, 11, NULL, 'f3f7c1dfc9ec1ed16c3275486747769011', '', 0, 0, '2022-03-29 11:53:34', 55, '2022-03-29 11:54:27', 0, NULL, '2022-03-29 04:53:34'),
(39, 10, 12, NULL, 'f3f7c1dfc9ec1ed16c3275486747769012', '', 0, 0, '2022-03-29 11:53:34', 55, '2022-03-29 11:54:27', 0, NULL, '2022-03-29 04:53:34'),
(40, 10, 13, NULL, 'f3f7c1dfc9ec1ed16c3275486747769013', '', 0, 0, '2022-03-29 11:53:34', 55, '2022-03-29 11:54:27', 0, NULL, '2022-03-29 04:53:34'),
(41, 10, 14, NULL, 'f3f7c1dfc9ec1ed16c3275486747769014', '', 0, 0, '2022-03-29 11:53:34', 55, '2022-03-29 11:54:27', 0, NULL, '2022-03-29 04:53:34'),
(42, 10, 15, NULL, 'f3f7c1dfc9ec1ed16c3275486747769015', '', 0, 0, '2022-03-29 11:53:34', 55, '2022-03-29 11:54:27', 0, NULL, '2022-03-29 04:53:34'),
(43, 10, 16, NULL, 'f3f7c1dfc9ec1ed16c3275486747769016', '', 0, 0, '2022-03-29 11:53:34', 55, '2022-03-29 11:54:27', 0, NULL, '2022-03-29 04:53:34'),
(44, 10, 17, NULL, 'f3f7c1dfc9ec1ed16c3275486747769017', '', 0, 0, '2022-03-29 11:53:34', 55, '2022-03-29 11:54:27', 0, NULL, '2022-03-29 04:53:34'),
(45, 10, 18, NULL, 'f3f7c1dfc9ec1ed16c3275486747769018', '', 0, 0, '2022-03-29 11:53:34', 55, '2022-03-29 11:54:27', 0, NULL, '2022-03-29 04:53:34'),
(46, 10, 19, NULL, 'f3f7c1dfc9ec1ed16c3275486747769019', '', 0, 0, '2022-03-29 11:53:34', 55, '2022-03-29 11:54:27', 0, NULL, '2022-03-29 04:53:34'),
(47, 10, 20, NULL, 'f3f7c1dfc9ec1ed16c3275486747769020', '', 0, 0, '2022-03-29 11:53:34', 55, '2022-03-29 11:54:28', 0, NULL, '2022-03-29 04:53:34'),
(48, 10, 21, NULL, 'f3f7c1dfc9ec1ed16c3275486747769021', '', 0, 0, '2022-03-29 11:53:34', 55, '2022-03-29 11:54:28', 0, NULL, '2022-03-29 04:53:34'),
(49, 10, 22, NULL, 'f3f7c1dfc9ec1ed16c3275486747769022', '', 0, 0, '2022-03-29 11:53:34', 55, '2022-03-29 11:54:28', 0, NULL, '2022-03-29 04:53:34'),
(50, 10, 23, NULL, 'f3f7c1dfc9ec1ed16c3275486747769023', '', 0, 0, '2022-03-29 11:53:34', 55, '2022-03-29 11:54:28', 0, NULL, '2022-03-29 04:53:34'),
(51, 10, 24, NULL, 'f3f7c1dfc9ec1ed16c3275486747769024', '', 0, 0, '2022-03-29 11:53:34', 55, '2022-03-29 11:54:28', 0, NULL, '2022-03-29 04:53:34'),
(52, 10, 47, NULL, 'f3f7c1dfc9ec1ed16c3275486747769047', '', 0, 0, '2022-03-29 11:53:34', 55, '2022-03-29 11:54:28', 0, NULL, '2022-03-29 04:53:34');

-- --------------------------------------------------------

--
-- Table structure for table `trans_service_requisition_term`
--

CREATE TABLE `trans_service_requisition_term` (
  `service_requisition_term_id` int(10) NOT NULL,
  `service_requisition_id` int(10) DEFAULT NULL,
  `service_term_id` int(10) DEFAULT NULL,
  `service_requisition_term_status` int(1) DEFAULT 0,
  `service_requisition_term_value` text DEFAULT NULL,
  `service_requisition_term_token` varchar(250) DEFAULT '',
  `service_requisition_term_token_edit` varchar(250) DEFAULT '',
  `data_state` int(1) DEFAULT 0,
  `created_id` int(10) DEFAULT 0,
  `created_at` datetime DEFAULT NULL,
  `updated_id` int(10) DEFAULT 0,
  `updated_at` datetime DEFAULT NULL,
  `deleted_id` int(10) DEFAULT 0,
  `deleted_at` datetime DEFAULT NULL,
  `last_update` timestamp NOT NULL DEFAULT current_timestamp()
) ENGINE=InnoDB DEFAULT CHARSET=utf8 COLLATE=utf8_general_ci;

--
-- Dumping data for table `trans_service_requisition_term`
--

INSERT INTO `trans_service_requisition_term` (`service_requisition_term_id`, `service_requisition_id`, `service_term_id`, `service_requisition_term_status`, `service_requisition_term_value`, `service_requisition_term_token`, `service_requisition_term_token_edit`, `data_state`, `created_id`, `created_at`, `updated_id`, `updated_at`, `deleted_id`, `deleted_at`, `last_update`) VALUES
(1, 1, 25, 1, 'logosmart5-03_1643083948_1645501474.png', '41e5c526b3a1b8be01918f9a6bea6f9625', '', 0, 0, '2022-02-22 10:44:34', 55, '2022-02-22 10:45:15', 0, NULL, '2022-02-22 03:44:34'),
(2, 1, 26, 1, 'term_88_1645501752.png', '41e5c526b3a1b8be01918f9a6bea6f9626', '', 0, 0, '2022-02-22 10:44:34', 55, '2022-02-22 03:49:12', 0, NULL, '2022-02-22 03:44:34'),
(3, 2, 25, 1, '', '6c045dc7c879fa1cef9008c7064f7f1725', '', 0, 0, '2022-02-22 10:46:11', 0, '2022-02-22 10:46:11', 0, NULL, '2022-02-22 03:46:11'),
(4, 2, 26, 0, '', '6c045dc7c879fa1cef9008c7064f7f1726', '', 0, 0, '2022-02-22 10:46:11', 0, '2022-02-22 10:46:11', 0, NULL, '2022-02-22 03:46:11'),
(5, 3, 25, 1, 'term_1_1645581306.png', 'dd527e17c23675cbfb9e54ccdb0987a625', '', 0, 0, '2022-02-23 08:55:06', 0, '2022-02-23 08:55:06', 0, NULL, '2022-02-23 01:55:06'),
(6, 3, 26, 1, 'term_2_1645581306.png', 'dd527e17c23675cbfb9e54ccdb0987a626', '', 0, 0, '2022-02-23 08:55:06', 0, '2022-02-23 08:55:06', 0, NULL, '2022-02-23 01:55:06'),
(7, 4, 25, 1, '2020-07-02_1646050561.png', '2ac5dc91a9c215db37030024d3cfa14e25', '', 0, 0, '2022-02-28 19:16:01', 0, '2022-02-28 19:16:01', 0, NULL, '2022-02-28 12:16:01'),
(8, 4, 26, 0, '', '2ac5dc91a9c215db37030024d3cfa14e26', '', 0, 0, '2022-02-28 19:16:01', 0, '2022-02-28 19:16:01', 0, NULL, '2022-02-28 12:16:01'),
(9, 5, 25, 1, '2020-07-02_1647491791.png', '41166d670523f53163c46b76b2e7cd7825', '', 0, 0, '2022-03-17 11:36:31', 0, '2022-03-17 11:36:31', 0, NULL, '2022-03-17 04:36:31'),
(10, 5, 26, 1, '2020-07-02_1647492398.png', '41166d670523f53163c46b76b2e7cd7826', '', 0, 0, '2022-03-17 11:36:31', 55, '2022-03-17 04:46:38', 0, NULL, '2022-03-17 04:36:31'),
(11, 6, 25, 1, '1874871-200_1647497150.png', '8944942180d4acebbacd9967d7fa3ac525', '', 0, 0, '2022-03-17 13:05:50', 0, '2022-03-17 13:05:50', 0, NULL, '2022-03-17 06:05:50'),
(12, 6, 26, 0, '', '8944942180d4acebbacd9967d7fa3ac526', '', 0, 0, '2022-03-17 13:05:50', 0, '2022-03-17 13:05:50', 0, NULL, '2022-03-17 06:05:50'),
(13, 7, 25, 1, '1874871-200_1647497519.png', '4b0f2633aa2d1ba13cdd7cb4042d126725', '', 0, 0, '2022-03-17 13:11:59', 0, '2022-03-17 13:11:59', 0, NULL, '2022-03-17 06:11:59'),
(14, 7, 26, 1, 'airplane-line-path-vector-icon-260nw-1153316677_1647498578.jpg', '4b0f2633aa2d1ba13cdd7cb4042d126726', '', 0, 0, '2022-03-17 13:11:59', 62, '2022-03-17 06:29:38', 0, NULL, '2022-03-17 06:11:59'),
(15, 8, 27, 1, 'IMG-20220302-WA0025_1647504853.jpg', '9ca5ec869a56ac66ae6fde40e4ed592f27', '', 0, 0, '2022-03-17 15:14:13', 0, '2022-03-17 15:14:13', 0, NULL, '2022-03-17 08:14:13'),
(16, 8, 28, 0, '', '9ca5ec869a56ac66ae6fde40e4ed592f28', '', 0, 0, '2022-03-17 15:14:13', 0, '2022-03-17 15:14:13', 0, NULL, '2022-03-17 08:14:13'),
(17, 8, 29, 0, '', '9ca5ec869a56ac66ae6fde40e4ed592f29', '', 0, 0, '2022-03-17 15:14:13', 0, '2022-03-17 15:14:13', 0, NULL, '2022-03-17 08:14:13'),
(18, 8, 30, 0, '', '9ca5ec869a56ac66ae6fde40e4ed592f30', '', 0, 0, '2022-03-17 15:14:13', 0, '2022-03-17 15:14:13', 0, NULL, '2022-03-17 08:14:13'),
(19, 8, 31, 0, '', '9ca5ec869a56ac66ae6fde40e4ed592f31', '', 0, 0, '2022-03-17 15:14:13', 0, '2022-03-17 15:14:13', 0, NULL, '2022-03-17 08:14:13'),
(20, 8, 32, 0, '', '9ca5ec869a56ac66ae6fde40e4ed592f32', '', 0, 0, '2022-03-17 15:14:13', 0, '2022-03-17 15:14:13', 0, NULL, '2022-03-17 08:14:13'),
(21, 8, 33, 0, '', '9ca5ec869a56ac66ae6fde40e4ed592f33', '', 0, 0, '2022-03-17 15:14:13', 0, '2022-03-17 15:14:13', 0, NULL, '2022-03-17 08:14:13'),
(22, 8, 34, 0, '', '9ca5ec869a56ac66ae6fde40e4ed592f34', '', 0, 0, '2022-03-17 15:14:13', 0, '2022-03-17 15:14:13', 0, NULL, '2022-03-17 08:14:13'),
(23, 8, 35, 0, '', '9ca5ec869a56ac66ae6fde40e4ed592f35', '', 0, 0, '2022-03-17 15:14:13', 0, '2022-03-17 15:14:13', 0, NULL, '2022-03-17 08:14:13'),
(24, 9, 25, 0, '', 'cf33ef7459b7b7fb7e9f7299072431d725', '', 0, 0, '2022-03-29 09:34:36', 55, '2022-03-29 09:35:37', 0, NULL, '2022-03-29 02:34:36'),
(25, 9, 26, 0, '', 'cf33ef7459b7b7fb7e9f7299072431d726', '', 0, 0, '2022-03-29 09:34:36', 55, '2022-03-29 09:35:37', 0, NULL, '2022-03-29 02:34:36'),
(26, 10, 1, 0, '', 'f3f7c1dfc9ec1ed16c327548674776901', '', 0, 0, '2022-03-29 11:53:34', 0, '2022-03-29 11:53:34', 0, NULL, '2022-03-29 04:53:34'),
(27, 10, 2, 0, '', 'f3f7c1dfc9ec1ed16c327548674776902', '', 0, 0, '2022-03-29 11:53:34', 0, '2022-03-29 11:53:34', 0, NULL, '2022-03-29 04:53:34'),
(28, 10, 3, 0, '', 'f3f7c1dfc9ec1ed16c327548674776903', '', 0, 0, '2022-03-29 11:53:34', 0, '2022-03-29 11:53:34', 0, NULL, '2022-03-29 04:53:34'),
(29, 10, 4, 0, '', 'f3f7c1dfc9ec1ed16c327548674776904', '', 0, 0, '2022-03-29 11:53:34', 0, '2022-03-29 11:53:34', 0, NULL, '2022-03-29 04:53:34'),
(30, 10, 5, 0, '', 'f3f7c1dfc9ec1ed16c327548674776905', '', 0, 0, '2022-03-29 11:53:34', 0, '2022-03-29 11:53:34', 0, NULL, '2022-03-29 04:53:34'),
(31, 10, 36, 0, '', 'f3f7c1dfc9ec1ed16c3275486747769036', '', 0, 0, '2022-03-29 11:53:34', 0, '2022-03-29 11:53:34', 0, NULL, '2022-03-29 04:53:34');

-- --------------------------------------------------------

--
-- Table structure for table `users`
--

CREATE TABLE `users` (
  `id` bigint(20) UNSIGNED NOT NULL,
  `name` varchar(255) NOT NULL,
  `email` varchar(255) NOT NULL,
  `email_verified_at` timestamp NULL DEFAULT NULL,
  `password` varchar(255) NOT NULL,
  `remember_token` varchar(100) DEFAULT NULL,
  `created_at` timestamp NULL DEFAULT NULL,
  `updated_at` timestamp NULL DEFAULT NULL
) ENGINE=InnoDB DEFAULT CHARSET=utf8mb4 COLLATE=utf8mb4_unicode_ci;

--
-- Indexes for dumped tables
--

--
-- Indexes for table `ci_sessions`
--
ALTER TABLE `ci_sessions`
  ADD KEY `ci_sessions_timestamp` (`timestamp`);

--
-- Indexes for table `core_messages`
--
ALTER TABLE `core_messages`
  ADD PRIMARY KEY (`messages_id`),
  ADD KEY `data_state` (`data_state`),
  ADD KEY `created_id` (`created_id`),
  ADD KEY `section_token` (`messages_token`);

--
-- Indexes for table `core_section`
--
ALTER TABLE `core_section`
  ADD PRIMARY KEY (`section_id`),
  ADD KEY `data_state` (`data_state`),
  ADD KEY `created_id` (`created_id`),
  ADD KEY `section_token` (`section_token`);

--
-- Indexes for table `core_service`
--
ALTER TABLE `core_service`
  ADD PRIMARY KEY (`service_id`),
  ADD KEY `data_state` (`data_state`),
  ADD KEY `created_id` (`created_id`),
  ADD KEY `service_token` (`service_token`),
  ADD KEY `service_token_edit` (`service_token_edit`);

--
-- Indexes for table `core_service_general_parameter`
--
ALTER TABLE `core_service_general_parameter`
  ADD PRIMARY KEY (`service_general_parameter_id`),
  ADD KEY `service_parameter_token` (`service_general_parameter_token`),
  ADD KEY `service_parameter_token_edit` (`service_general_parameter_token_edit`),
  ADD KEY `data_state` (`data_state`),
  ADD KEY `created_id` (`created_id`);

--
-- Indexes for table `core_service_general_priority`
--
ALTER TABLE `core_service_general_priority`
  ADD PRIMARY KEY (`service_general_priority_id`),
  ADD KEY `data_state` (`data_state`),
  ADD KEY `created_id` (`created_id`),
  ADD KEY `service_token` (`service_general_priority_token`),
  ADD KEY `service_token_edit` (`service_general_priority_token_edit`);

--
-- Indexes for table `core_service_parameter`
--
ALTER TABLE `core_service_parameter`
  ADD PRIMARY KEY (`service_parameter_id`),
  ADD KEY `service_parameter_token` (`service_parameter_token`),
  ADD KEY `service_parameter_token_edit` (`service_parameter_token_edit`),
  ADD KEY `data_state` (`data_state`),
  ADD KEY `created_id` (`created_id`),
  ADD KEY `FK_core_service_parameter_service_id` (`service_id`);

--
-- Indexes for table `core_service_status`
--
ALTER TABLE `core_service_status`
  ADD PRIMARY KEY (`service_status_id`),
  ADD KEY `data_state` (`data_state`),
  ADD KEY `created_id` (`created_id`),
  ADD KEY `section_token` (`service_status_token`);

--
-- Indexes for table `core_service_term`
--
ALTER TABLE `core_service_term`
  ADD PRIMARY KEY (`service_term_id`),
  ADD KEY `service_term_token` (`service_term_token`),
  ADD KEY `data_state` (`data_state`),
  ADD KEY `created_id` (`created_id`),
  ADD KEY `FK_core_service_term_service_id` (`service_id`),
  ADD KEY `service_term_token_edit` (`service_term_token_edit`);

--
-- Indexes for table `core_supplier`
--
ALTER TABLE `core_supplier`
  ADD PRIMARY KEY (`supplier_id`),
  ADD KEY `fk_company_id_core_supplier` (`company_id`);

--
-- Indexes for table `failed_jobs`
--
ALTER TABLE `failed_jobs`
  ADD PRIMARY KEY (`id`),
  ADD UNIQUE KEY `failed_jobs_uuid_unique` (`uuid`);

--
-- Indexes for table `migrations`
--
ALTER TABLE `migrations`
  ADD PRIMARY KEY (`id`);

--
-- Indexes for table `password_resets`
--
ALTER TABLE `password_resets`
  ADD KEY `password_resets_email_index` (`email`);

--
-- Indexes for table `personal_access_tokens`
--
ALTER TABLE `personal_access_tokens`
  ADD PRIMARY KEY (`id`),
  ADD UNIQUE KEY `personal_access_tokens_token_unique` (`token`),
  ADD KEY `personal_access_tokens_tokenable_type_tokenable_id_index` (`tokenable_type`,`tokenable_id`);

--
-- Indexes for table `preference_company`
--
ALTER TABLE `preference_company`
  ADD PRIMARY KEY (`company_id`);

--
-- Indexes for table `purchase_payment`
--
ALTER TABLE `purchase_payment`
  ADD PRIMARY KEY (`id`);

--
-- Indexes for table `p_p_o_b_s`
--
ALTER TABLE `p_p_o_b_s`
  ADD PRIMARY KEY (`id`);

--
-- Indexes for table `stock_barangs`
--
ALTER TABLE `stock_barangs`
  ADD PRIMARY KEY (`id`);

--
-- Indexes for table `system_activity_log`
--
ALTER TABLE `system_activity_log`
  ADD PRIMARY KEY (`user_log_id`),
  ADD KEY `user_id` (`user_id`),
  ADD KEY `transaction_id` (`transaction_id`),
  ADD KEY `transaction_code` (`transaction_code`),
  ADD KEY `transaction_date` (`transaction_date`);

--
-- Indexes for table `system_change_log`
--
ALTER TABLE `system_change_log`
  ADD PRIMARY KEY (`change_log_id`);

--
-- Indexes for table `system_log_user`
--
ALTER TABLE `system_log_user`
  ADD PRIMARY KEY (`user_log_id`),
  ADD KEY `FK_system_log_user` (`username`);

--
-- Indexes for table `system_menu`
--
ALTER TABLE `system_menu`
  ADD PRIMARY KEY (`id_menu`);

--
-- Indexes for table `system_menu_mapping`
--
ALTER TABLE `system_menu_mapping`
  ADD PRIMARY KEY (`menu_mapping_id`),
  ADD KEY `FK_system_menu_mapping` (`id_menu`) USING BTREE;

--
-- Indexes for table `system_user`
--
ALTER TABLE `system_user`
  ADD PRIMARY KEY (`user_id`),
  ADD UNIQUE KEY `users_email_unique` (`email`),
  ADD KEY `fk_system_user_user_group_id` (`user_group_id`);

--
-- Indexes for table `system_user_group`
--
ALTER TABLE `system_user_group`
  ADD PRIMARY KEY (`user_group_id`),
  ADD UNIQUE KEY `user_group_level` (`user_group_level`),
  ADD KEY `user_group_token` (`user_group_token`),
  ADD KEY `data_state` (`data_state`),
  ADD KEY `created_id` (`created_id`);

--
-- Indexes for table `trans_service_disposition`
--
ALTER TABLE `trans_service_disposition`
  ADD PRIMARY KEY (`service_disposition_id`),
  ADD KEY `data_state` (`data_state`),
  ADD KEY `created_id` (`created_id`),
  ADD KEY `service_token` (`service_disposition_token`),
  ADD KEY `service_token_edit` (`service_disposition_token_edit`);

--
-- Indexes for table `trans_service_disposition_parameter`
--
ALTER TABLE `trans_service_disposition_parameter`
  ADD PRIMARY KEY (`service_disposition_parameter_id`),
  ADD KEY `data_state` (`data_state`),
  ADD KEY `created_id` (`created_id`),
  ADD KEY `service_token` (`service_disposition_parameter_token`),
  ADD KEY `service_token_edit` (`service_disposition_parameter_token_edit`),
  ADD KEY `FK_trans_service_disposition_parameter_service_disposition_id` (`service_disposition_id`);

--
-- Indexes for table `trans_service_disposition_term`
--
ALTER TABLE `trans_service_disposition_term`
  ADD PRIMARY KEY (`service_disposition_term_id`),
  ADD KEY `data_state` (`data_state`),
  ADD KEY `created_id` (`created_id`),
  ADD KEY `service_token` (`service_disposition_term_token`),
  ADD KEY `service_token_edit` (`service_disposition_term_token_edit`),
  ADD KEY `FK_trans_service_disposition_term_service_disposition_id` (`service_disposition_id`);

--
-- Indexes for table `trans_service_document_requisition`
--
ALTER TABLE `trans_service_document_requisition`
  ADD PRIMARY KEY (`service_document_requisition_id`),
  ADD KEY `data_state` (`data_state`),
  ADD KEY `created_id` (`created_id`),
  ADD KEY `service_token` (`service_document_requisition_token`);

--
-- Indexes for table `trans_service_general`
--
ALTER TABLE `trans_service_general`
  ADD PRIMARY KEY (`service_general_id`),
  ADD KEY `data_state` (`data_state`),
  ADD KEY `created_id` (`created_id`),
  ADD KEY `service_token` (`service_general_token`),
  ADD KEY `service_token_edit` (`service_general_token_edit`);

--
-- Indexes for table `trans_service_general_parameter`
--
ALTER TABLE `trans_service_general_parameter`
  ADD PRIMARY KEY (`service_general_parameter_id`),
  ADD KEY `data_state` (`data_state`),
  ADD KEY `created_id` (`created_id`),
  ADD KEY `service_token` (`service_general_parameter_token`),
  ADD KEY `service_token_edit` (`service_general_parameter_token_edit`);

--
-- Indexes for table `trans_service_log`
--
ALTER TABLE `trans_service_log`
  ADD PRIMARY KEY (`service_log_id`);

--
-- Indexes for table `trans_service_requisition`
--
ALTER TABLE `trans_service_requisition`
  ADD PRIMARY KEY (`service_requisition_id`),
  ADD KEY `data_state` (`data_state`),
  ADD KEY `created_id` (`created_id`),
  ADD KEY `service_token` (`service_requisition_token`),
  ADD KEY `service_token_edit` (`service_requisition_token_edit`);

--
-- Indexes for table `trans_service_requisition_parameter`
--
ALTER TABLE `trans_service_requisition_parameter`
  ADD PRIMARY KEY (`service_requisition_parameter_id`),
  ADD KEY `data_state` (`data_state`),
  ADD KEY `created_id` (`created_id`),
  ADD KEY `service_token` (`service_requisition_parameter_token`),
  ADD KEY `service_token_edit` (`service_requisition_parameter_token_edit`);

--
-- Indexes for table `trans_service_requisition_term`
--
ALTER TABLE `trans_service_requisition_term`
  ADD PRIMARY KEY (`service_requisition_term_id`),
  ADD KEY `data_state` (`data_state`),
  ADD KEY `created_id` (`created_id`),
  ADD KEY `service_token` (`service_requisition_term_token`),
  ADD KEY `service_token_edit` (`service_requisition_term_token_edit`);

--
-- Indexes for table `users`
--
ALTER TABLE `users`
  ADD PRIMARY KEY (`id`),
  ADD UNIQUE KEY `users_email_unique` (`email`);

--
-- AUTO_INCREMENT for dumped tables
--

--
-- AUTO_INCREMENT for table `core_messages`
--
ALTER TABLE `core_messages`
  MODIFY `messages_id` int(10) NOT NULL AUTO_INCREMENT, AUTO_INCREMENT=12;

--
-- AUTO_INCREMENT for table `core_section`
--
ALTER TABLE `core_section`
  MODIFY `section_id` int(10) NOT NULL AUTO_INCREMENT, AUTO_INCREMENT=13;

--
-- AUTO_INCREMENT for table `core_service`
--
ALTER TABLE `core_service`
  MODIFY `service_id` int(10) NOT NULL AUTO_INCREMENT, AUTO_INCREMENT=10;

--
-- AUTO_INCREMENT for table `core_service_general_parameter`
--
ALTER TABLE `core_service_general_parameter`
  MODIFY `service_general_parameter_id` int(10) NOT NULL AUTO_INCREMENT, AUTO_INCREMENT=7;

--
-- AUTO_INCREMENT for table `core_service_general_priority`
--
ALTER TABLE `core_service_general_priority`
  MODIFY `service_general_priority_id` int(10) NOT NULL AUTO_INCREMENT, AUTO_INCREMENT=4;

--
-- AUTO_INCREMENT for table `core_service_parameter`
--
ALTER TABLE `core_service_parameter`
  MODIFY `service_parameter_id` int(10) NOT NULL AUTO_INCREMENT, AUTO_INCREMENT=53;

--
-- AUTO_INCREMENT for table `core_service_status`
--
ALTER TABLE `core_service_status`
  MODIFY `service_status_id` int(10) NOT NULL AUTO_INCREMENT, AUTO_INCREMENT=13;

--
-- AUTO_INCREMENT for table `core_service_term`
--
ALTER TABLE `core_service_term`
  MODIFY `service_term_id` int(10) NOT NULL AUTO_INCREMENT, AUTO_INCREMENT=41;

--
-- AUTO_INCREMENT for table `core_supplier`
--
ALTER TABLE `core_supplier`
  MODIFY `supplier_id` int(10) NOT NULL AUTO_INCREMENT, AUTO_INCREMENT=133;

--
-- AUTO_INCREMENT for table `failed_jobs`
--
ALTER TABLE `failed_jobs`
  MODIFY `id` bigint(20) UNSIGNED NOT NULL AUTO_INCREMENT;

--
-- AUTO_INCREMENT for table `migrations`
--
ALTER TABLE `migrations`
  MODIFY `id` int(10) UNSIGNED NOT NULL AUTO_INCREMENT, AUTO_INCREMENT=2;

--
-- AUTO_INCREMENT for table `personal_access_tokens`
--
ALTER TABLE `personal_access_tokens`
  MODIFY `id` bigint(20) UNSIGNED NOT NULL AUTO_INCREMENT;

--
-- AUTO_INCREMENT for table `preference_company`
--
ALTER TABLE `preference_company`
  MODIFY `company_id` int(10) NOT NULL AUTO_INCREMENT, AUTO_INCREMENT=2;

--
-- AUTO_INCREMENT for table `purchase_payment`
--
ALTER TABLE `purchase_payment`
  MODIFY `id` int(10) NOT NULL AUTO_INCREMENT, AUTO_INCREMENT=37;

--
-- AUTO_INCREMENT for table `p_p_o_b_s`
--
ALTER TABLE `p_p_o_b_s`
  MODIFY `id` bigint(20) UNSIGNED NOT NULL AUTO_INCREMENT;

--
-- AUTO_INCREMENT for table `stock_barangs`
--
ALTER TABLE `stock_barangs`
  MODIFY `id` int(11) NOT NULL AUTO_INCREMENT, AUTO_INCREMENT=113;

--
-- AUTO_INCREMENT for table `system_activity_log`
--
ALTER TABLE `system_activity_log`
  MODIFY `user_log_id` bigint(20) NOT NULL AUTO_INCREMENT;

--
-- AUTO_INCREMENT for table `system_log_user`
--
ALTER TABLE `system_log_user`
  MODIFY `user_log_id` bigint(20) NOT NULL AUTO_INCREMENT, AUTO_INCREMENT=2482;

--
-- AUTO_INCREMENT for table `system_menu_mapping`
--
ALTER TABLE `system_menu_mapping`
  MODIFY `menu_mapping_id` int(10) NOT NULL AUTO_INCREMENT, AUTO_INCREMENT=138;

--
-- AUTO_INCREMENT for table `system_user`
--
ALTER TABLE `system_user`
  MODIFY `user_id` int(10) NOT NULL AUTO_INCREMENT, AUTO_INCREMENT=72;

--
-- AUTO_INCREMENT for table `system_user_group`
--
ALTER TABLE `system_user_group`
  MODIFY `user_group_id` int(3) NOT NULL AUTO_INCREMENT, AUTO_INCREMENT=24;

--
-- AUTO_INCREMENT for table `trans_service_disposition`
--
ALTER TABLE `trans_service_disposition`
  MODIFY `service_disposition_id` int(10) NOT NULL AUTO_INCREMENT, AUTO_INCREMENT=9;

--
-- AUTO_INCREMENT for table `trans_service_disposition_parameter`
--
ALTER TABLE `trans_service_disposition_parameter`
  MODIFY `service_disposition_parameter_id` int(10) NOT NULL AUTO_INCREMENT, AUTO_INCREMENT=31;

--
-- AUTO_INCREMENT for table `trans_service_disposition_term`
--
ALTER TABLE `trans_service_disposition_term`
  MODIFY `service_disposition_term_id` int(10) NOT NULL AUTO_INCREMENT, AUTO_INCREMENT=21;

--
-- AUTO_INCREMENT for table `trans_service_document_requisition`
--
ALTER TABLE `trans_service_document_requisition`
  MODIFY `service_document_requisition_id` int(10) NOT NULL AUTO_INCREMENT, AUTO_INCREMENT=4;

--
-- AUTO_INCREMENT for table `trans_service_general`
--
ALTER TABLE `trans_service_general`
  MODIFY `service_general_id` int(10) NOT NULL AUTO_INCREMENT, AUTO_INCREMENT=6;

--
-- AUTO_INCREMENT for table `trans_service_general_parameter`
--
ALTER TABLE `trans_service_general_parameter`
  MODIFY `service_general_parameter_id` int(10) NOT NULL AUTO_INCREMENT, AUTO_INCREMENT=21;

--
-- AUTO_INCREMENT for table `trans_service_log`
--
ALTER TABLE `trans_service_log`
  MODIFY `service_log_id` int(10) NOT NULL AUTO_INCREMENT, AUTO_INCREMENT=72;

--
-- AUTO_INCREMENT for table `trans_service_requisition`
--
ALTER TABLE `trans_service_requisition`
  MODIFY `service_requisition_id` int(10) NOT NULL AUTO_INCREMENT, AUTO_INCREMENT=11;

--
-- AUTO_INCREMENT for table `trans_service_requisition_parameter`
--
ALTER TABLE `trans_service_requisition_parameter`
  MODIFY `service_requisition_parameter_id` int(10) NOT NULL AUTO_INCREMENT, AUTO_INCREMENT=53;

--
-- AUTO_INCREMENT for table `trans_service_requisition_term`
--
ALTER TABLE `trans_service_requisition_term`
  MODIFY `service_requisition_term_id` int(10) NOT NULL AUTO_INCREMENT, AUTO_INCREMENT=32;

--
-- AUTO_INCREMENT for table `users`
--
ALTER TABLE `users`
  MODIFY `id` bigint(20) UNSIGNED NOT NULL AUTO_INCREMENT;

--
-- Constraints for dumped tables
--

--
-- Constraints for table `core_service_parameter`
--
ALTER TABLE `core_service_parameter`
  ADD CONSTRAINT `FK_core_service_parameter_service_id` FOREIGN KEY (`service_id`) REFERENCES `core_service` (`service_id`) ON DELETE SET NULL ON UPDATE CASCADE;

--
-- Constraints for table `core_service_term`
--
ALTER TABLE `core_service_term`
  ADD CONSTRAINT `FK_core_service_term_service_id` FOREIGN KEY (`service_id`) REFERENCES `core_service` (`service_id`) ON DELETE SET NULL ON UPDATE CASCADE;

--
-- Constraints for table `core_supplier`
--
ALTER TABLE `core_supplier`
  ADD CONSTRAINT `fk_company_id_core_supplier` FOREIGN KEY (`company_id`) REFERENCES `preference_company` (`company_id`);

--
-- Constraints for table `system_menu_mapping`
--
ALTER TABLE `system_menu_mapping`
  ADD CONSTRAINT `FK_system_menu_mapping_id_menu` FOREIGN KEY (`id_menu`) REFERENCES `system_menu` (`id_menu`) ON DELETE CASCADE ON UPDATE CASCADE;

--
-- Constraints for table `system_user`
--
ALTER TABLE `system_user`
  ADD CONSTRAINT `fk_system_user_user_group_id` FOREIGN KEY (`user_group_id`) REFERENCES `system_user_group` (`user_group_id`) ON DELETE SET NULL ON UPDATE CASCADE;

--
-- Constraints for table `trans_service_disposition_parameter`
--
ALTER TABLE `trans_service_disposition_parameter`
  ADD CONSTRAINT `FK_trans_service_disposition_parameter_service_disposition_id` FOREIGN KEY (`service_disposition_id`) REFERENCES `trans_service_disposition` (`service_disposition_id`) ON DELETE CASCADE ON UPDATE CASCADE;

--
-- Constraints for table `trans_service_disposition_term`
--
ALTER TABLE `trans_service_disposition_term`
  ADD CONSTRAINT `FK_trans_service_disposition_term_service_disposition_id` FOREIGN KEY (`service_disposition_id`) REFERENCES `trans_service_disposition` (`service_disposition_id`) ON DELETE CASCADE ON UPDATE CASCADE;
COMMIT;

/*!40101 SET CHARACTER_SET_CLIENT=@OLD_CHARACTER_SET_CLIENT */;
/*!40101 SET CHARACTER_SET_RESULTS=@OLD_CHARACTER_SET_RESULTS */;
/*!40101 SET COLLATION_CONNECTION=@OLD_COLLATION_CONNECTION */;
